{
    "bin_index": "bin7",
    "valid": true,
    "converged": true,
    "fmin": 9999.999999931068,
    "status": 0,
    "parameters": {
        "FL": {
            "value": 0.4313633346890723,
            "error": 0.0041367612637299035,
            "error_low": -0.0041367612637299035,
            "error_up": 0.0041367612637299035,
            "error_source": "delta_method"
        },
        "AFB": {
            "value": 0.0015157910327746596,
            "error": 0.004472889059078494,
            "error_low": -0.004472889059078494,
            "error_up": 0.004472889059078494,
            "error_source": "delta_method"
        },
        "S3": {
            "value": -0.07257512104159296,
            "error": 0.006228611610909528,
            "error_low": -0.006228611610909528,
            "error_up": 0.006228611610909528,
            "error_source": "delta_method"
        },
        "S4": {
            "value": -0.2655292800523636,
            "error": 0.005980905162180463,
            "error_low": -0.005980905162180463,
            "error_up": 0.005980905162180463,
            "error_source": "delta_method"
        },
        "S5": {
            "value": 0.008571135569794523,
            "error": 0.005940913148796883,
            "error_low": -0.005940913148796883,
            "error_up": 0.005940913148796883,
            "error_source": "delta_method"
        },
        "S7": {
            "value": 0.004429139194726281,
            "error": 0.006370537305953301,
            "error_low": -0.006370537305953301,
            "error_up": 0.006370537305953301,
            "error_source": "delta_method"
        },
        "S8": {
            "value": 0.009014412340335872,
            "error": 0.006643614376381374,
            "error_low": -0.006643614376381374,
            "error_up": 0.006643614376381374,
            "error_source": "delta_method"
        },
        "S9": {
            "value": -0.011813174221505964,
            "error": 0.006235823164893739,
            "error_low": -0.006235823164893739,
            "error_up": 0.006235823164893739,
            "error_source": "delta_method"
        }
    },
    "covariance": [
        [
            1.711279375309623e-05,
            -3.442082228038739e-08,
            1.235205649358947e-06,
            -4.8624202770059004e-08,
            4.7108544525219497e-08,
            -2.9248943219479052e-08,
            1.5376803336046963e-07,
            2.602636076612875e-07
        ],
        [
            -3.44208222803874e-08,
            2.0006736534824095e-05,
            7.66632709613078e-08,
            1.145372169301577e-07,
            -4.845092161378239e-06,
            8.513239320715507e-08,
            4.054018665176511e-07,
            -9.719690752297103e-08
        ],
        [
            1.235205649358947e-06,
            7.666327096130782e-08,
            3.879560259955698e-05,
            -4.2510463287973205e-06,
            3.7458311807161403e-07,
            -8.887560049928538e-08,
            1.6399515334148772e-07,
            -6.198346948195563e-07
        ],
        [
            -4.862420277005886e-08,
            1.1453721693015767e-07,
            -4.25104632879732e-06,
            3.577122655899691e-05,
            7.399682187655722e-07,
            -1.0923280903657452e-07,
            3.3084893317242205e-07,
            2.3427807210720044e-07
        ],
        [
            4.7108544525219497e-08,
            -4.8450921613782394e-06,
            3.74583118071614e-07,
            7.399682187655723e-07,
            3.529444904154769e-05,
            3.161156711916661e-08,
            -1.598396847119938e-07,
            -2.0602897870192503e-07
        ],
        [
            -2.924894321947903e-08,
            8.513239320715507e-08,
            -8.887560049928549e-08,
            -1.0923280903657433e-07,
            3.1611567119166607e-08,
            4.0583745566542736e-05,
            -2.9128282261940885e-07,
            4.548829664668302e-07
        ],
        [
            1.5376803336046963e-07,
            4.0540186651765107e-07,
            1.6399515334148782e-07,
            3.3084893317242205e-07,
            -1.5983968471199382e-07,
            -2.9128282261940874e-07,
            4.413761198206127e-05,
            -4.365532888755246e-06
        ],
        [
            2.6026360766128745e-07,
            -9.719690752297105e-08,
            -6.198346948195563e-07,
            2.3427807210720033e-07,
            -2.06028978701925e-07,
            4.548829664668302e-07,
            -4.3655328887552474e-06,
            3.888549054382537e-05
        ]
    ]
}