{
    "bin_index": "bin7",
    "valid": true,
    "converged": true,
    "fmin": 9999.999999931068,
    "status": 0,
    "parameters": {
        "rFL_bin7": {
            "value": -0.13814547086542017,
            "error": 0.00842049341533032,
            "error_low": -0.008426830897533863,
            "error_up": 0.008414155933126779,
            "error_source": "minos (custom)"
        },
        "rS3_bin7": {
            "value": -0.26103150684142484,
            "error": 0.023391331324149563,
            "error_low": -0.023501518553211254,
            "error_up": 0.023281144095087875,
            "error_source": "minos (custom)"
        },
        "rS9_bin7": {
            "value": -0.04299917414898058,
            "error": 0.022693145961626207,
            "error_low": -0.022709861251167494,
            "error_up": 0.022676430672084923,
            "error_source": "minos (custom)"
        },
        "rAFB_bin7": {
            "value": 0.003679403028316486,
            "error": 0.010842369958124334,
            "error_low": -0.010842330734789497,
            "error_up": 0.010842409181459171,
            "error_source": "minos (custom)"
        },
        "rS4_bin7": {
            "value": -1.909627809381802,
            "error": 0.32183811160714415,
            "error_low": -0.41597071464809676,
            "error_up": 0.22770550856619157,
            "error_source": "minos (custom)"
        },
        "rS7_bin7": {
            "value": 0.027539825259188078,
            "error": 0.042473556760826474,
            "error_low": -0.039684137169800904,
            "error_up": 0.045262976351852044,
            "error_source": "minos (custom)"
        },
        "rS5_bin7": {
            "value": 0.020056503921239255,
            "error": 0.013887143045478133,
            "error_low": -0.013882761915885335,
            "error_up": 0.013891524175070929,
            "error_source": "minos (custom)"
        },
        "rS8_bin7": {
            "value": 0.042215436550662844,
            "error": 0.031122597376915088,
            "error_low": -0.0310767741934871,
            "error_up": 0.031168420560343076,
            "error_source": "minos (custom)"
        }
    },
    "covariance": [
        [
            7.110575474576227e-05,
            -7.277288157413558e-06,
            -7.875485117811468e-07,
            6.235797701449167e-08,
            0.00013775511202361305,
            -4.3471840876808375e-06,
            1.2057208791771687e-07,
            1.2502255947693914e-06
        ],
        [
            -7.277288157413558e-06,
            0.0005486391869149736,
            -2.654765883816805e-06,
            2.0229297131584416e-07,
            -0.0030226052614368646,
            8.337127168361334e-05,
            -3.6423976711426465e-06,
            -1.1967979480182738e-05
        ],
        [
            -7.875485117811468e-07,
            -2.654765883816805e-06,
            0.0005162997041538571,
            -9.270311687350088e-07,
            3.927213758507815e-05,
            9.245106768110804e-06,
            -1.6945629205676436e-06,
            -7.454906621444242e-05
        ],
        [
            6.235797701449167e-08,
            2.0229297131584416e-07,
            -9.270311687350088e-07,
            0.00011788448671262764,
            1.1787931598254049e-05,
            9.756290954100681e-07,
            -2.7532948862687068e-05,
            4.599005711696948e-06
        ],
        [
            0.00013775511202361305,
            -0.0030226052614368646,
            3.927213758507815e-05,
            1.1787931598254049e-05,
            0.0817152859607511,
            -0.0022076725674870534,
            9.854404572466174e-05,
            0.00013748819116265673
        ],
        [
            -4.3471840876808375e-06,
            8.337127168361334e-05,
            9.245106768110804e-06,
            9.756290954100681e-07,
            -0.0022076725674870534,
            0.0016302649280496011,
            -2.1500633542017313e-06,
            -1.2193943284520598e-05
        ],
        [
            1.2057208791771687e-07,
            -3.6423976711426465e-06,
            -1.6945629205676436e-06,
            -2.7532948862687068e-05,
            9.854404572466174e-05,
            -2.1500633542017313e-06,
            0.00019336690567309855,
            -1.5304499229467669e-06
        ],
        [
            1.2502255947693914e-06,
            -1.1967979480182738e-05,
            -7.454906621444242e-05,
            4.599005711696948e-06,
            0.00013748819116265673,
            -1.2193943284520598e-05,
            -1.5304499229467669e-06,
            0.0009705363559366758
        ]
    ]
}