{
    "bin_index": "bin10",
    "valid": true,
    "converged": true,
    "fmin": 9411.438524010871,
    "status": 0,
    "parameters": {
        "rFL_bin10_reco": {
            "value": -0.3968114618608319,
            "error": 0.01744365103758281,
            "error_low": -0.017637610566285097,
            "error_up": 0.017249691508880526,
            "error_source": "minos (custom)"
        },
        "rS3_bin10_reco": {
            "value": -0.6156827705403332,
            "error": 0.04828207380083562,
            "error_low": -0.049090763273827956,
            "error_up": 0.04747338432784329,
            "error_source": "minos (custom)"
        },
        "rS9_bin10_reco": {
            "value": -0.11310081233930049,
            "error": 0.04162221572822791,
            "error_low": -0.041429706809932354,
            "error_up": 0.041814724646523464,
            "error_source": "minos (custom)"
        },
        "rAFB_bin10_reco": {
            "value": 0.012102641349939417,
            "error": 0.020279128368787196,
            "error_low": -0.020102604318156587,
            "error_up": 0.020455652419417807,
            "error_source": "minos (custom)"
        },
        "rS4_bin10_reco": {
            "value": -0.9039295657181822,
            "error": 0.08270223725631293,
            "error_low": -0.08824432763946798,
            "error_up": 0.07716014687315786,
            "error_source": "minos (custom)"
        },
        "rS7_bin10_reco": {
            "value": -0.013648933371201743,
            "error": 0.029714899218267022,
            "error_low": -0.029405010879107536,
            "error_up": 0.03002478755742651,
            "error_source": "minos (custom)"
        },
        "rS5_bin10_reco": {
            "value": -0.004902550386399549,
            "error": 0.0334230346057129,
            "error_low": -0.03386023117942861,
            "error_up": 0.03298583803199719,
            "error_source": "minos (custom)"
        },
        "rS8_bin10_reco": {
            "value": -0.022977547228946738,
            "error": 0.07868138744475478,
            "error_low": -0.07942629159290607,
            "error_up": 0.07793648329660348,
            "error_source": "minos (custom)"
        }
    },
    "covariance": [
        [
            0.00030486271572352893,
            -7.32229985104492e-05,
            -6.29062772023735e-06,
            -1.3493997255487767e-06,
            0.00012625861954023001,
            5.354026132377708e-06,
            -4.806490934972357e-06,
            -7.058738618828333e-06
        ],
        [
            -7.32229985104492e-05,
            0.0023322577518530654,
            9.159241964986255e-05,
            -9.893792410333354e-06,
            -0.0012077526619053449,
            -1.1158353889800406e-05,
            -1.9000901637341263e-05,
            3.1139382250550834e-05
        ],
        [
            -6.29062772023735e-06,
            9.159241964986255e-05,
            0.0017345442536353018,
            -8.4338257712035e-06,
            -6.588113692520226e-05,
            8.38382068734487e-06,
            1.5084358111409208e-05,
            -0.0002408018917508116
        ],
        [
            -1.3493997255487767e-06,
            -9.893792410333354e-06,
            -8.4338257712035e-06,
            0.00041198219865023675,
            2.2612861978431805e-05,
            -6.02785000995608e-08,
            -9.768075257903319e-05,
            -2.532752060011333e-05
        ],
        [
            0.00012625861954023001,
            -0.0012077526619053449,
            -6.588113692520226e-05,
            2.2612861978431805e-05,
            0.006756729201666439,
            8.367563997359399e-05,
            5.299553879207021e-06,
            7.251810808747365e-05
        ],
        [
            5.354026132377708e-06,
            -1.1158353889800406e-05,
            8.38382068734487e-06,
            -6.02785000995608e-08,
            8.367563997359399e-05,
            0.0008805594910687699,
            -4.2408603932130535e-06,
            -1.7172519978596524e-05
        ],
        [
            -4.806490934972357e-06,
            -1.9000901637341263e-05,
            1.5084358111409208e-05,
            -9.768075257903319e-05,
            5.299553879207021e-06,
            -4.2408603932130535e-06,
            0.0011185600306362117,
            2.2344815503371034e-05
        ],
        [
            -7.058738618828333e-06,
            3.1139382250550834e-05,
            -0.0002408018917508116,
            -2.532752060011333e-05,
            7.251810808747365e-05,
            -1.7172519978596524e-05,
            2.2344815503371034e-05,
            0.00617155781964881
        ]
    ]
}