{
    "bin_index": "bin2",
    "valid": true,
    "converged": true,
    "fmin": 9999.999999968608,
    "status": 0,
    "parameters": {
        "FL": {
            "value": 0.7563637264018764,
            "error": 0.004119086299220118,
            "error_low": -0.004119086299220118,
            "error_up": 0.004119086299220118,
            "error_source": "delta_method"
        },
        "AFB": {
            "value": -0.0010550800255920752,
            "error": 0.00369654877550721,
            "error_low": -0.00369654877550721,
            "error_up": 0.00369654877550721,
            "error_source": "delta_method"
        },
        "S3": {
            "value": -0.014358365019865517,
            "error": 0.0055211502153983015,
            "error_low": -0.0055211502153983015,
            "error_up": 0.0055211502153983015,
            "error_source": "delta_method"
        },
        "S4": {
            "value": -0.09927759701251195,
            "error": 0.0069180957097821905,
            "error_low": -0.0069180957097821905,
            "error_up": 0.0069180957097821905,
            "error_source": "delta_method"
        },
        "S5": {
            "value": 0.01101746579471764,
            "error": 0.006954888226770687,
            "error_low": -0.006954888226770687,
            "error_up": 0.006954888226770687,
            "error_source": "delta_method"
        },
        "S7": {
            "value": 0.02388059778577845,
            "error": 0.007095003888471566,
            "error_low": -0.007095003888471566,
            "error_up": 0.007095003888471566,
            "error_source": "delta_method"
        },
        "S8": {
            "value": 0.003202687168109023,
            "error": 0.007076740122605636,
            "error_low": -0.007076740122605636,
            "error_up": 0.007076740122605636,
            "error_source": "delta_method"
        },
        "S9": {
            "value": 0.0034638428451772858,
            "error": 0.005606203151585294,
            "error_low": -0.005606203151585294,
            "error_up": 0.005606203151585294,
            "error_source": "delta_method"
        }
    },
    "covariance": [
        [
            1.6966871940422893e-05,
            1.9748726456570782e-08,
            4.6796418458685153e-07,
            1.4310962717426316e-06,
            -1.3790177434011778e-07,
            -2.0913206288761187e-07,
            -2.1880783866738687e-07,
            -1.6353333736655064e-07
        ],
        [
            1.974872645657079e-08,
            1.3664472849703855e-05,
            -2.6446847289155067e-07,
            1.4559750721190524e-07,
            -1.974008258121624e-06,
            1.831724833657992e-07,
            8.024166211770223e-07,
            1.9764114858770364e-07
        ],
        [
            4.679641845868515e-07,
            -2.6446847289155067e-07,
            3.0483099700992714e-05,
            -1.6411805159356739e-06,
            3.657750872234218e-07,
            2.2077655941979967e-07,
            -1.7657326826891485e-08,
            -1.2342087218915669e-08
        ],
        [
            1.4310962717426311e-06,
            1.4559750721190532e-07,
            -1.6411805159356764e-06,
            4.786004824970675e-05,
            6.063710582690022e-08,
            8.075704075128975e-07,
            1.6044752005098465e-07,
            3.986842690871144e-07
        ],
        [
            -1.3790177434011776e-07,
            -1.974008258121624e-06,
            3.6577508722342157e-07,
            6.063710582690031e-08,
            4.837047024687351e-05,
            1.480665139679385e-07,
            6.856280487017862e-07,
            9.7169357693431e-07
        ],
        [
            -2.091320628876118e-07,
            1.831724833657992e-07,
            2.207765594198001e-07,
            8.075704075128971e-07,
            1.4806651396793854e-07,
            5.033908017742665e-05,
            -3.002782087622535e-07,
            5.490477447468481e-07
        ],
        [
            -2.1880783866738682e-07,
            8.024166211770225e-07,
            -1.7657326826891515e-08,
            1.604475200509847e-07,
            6.856280487017811e-07,
            -3.002782087622535e-07,
            5.008025076289643e-05,
            -1.5149127892181347e-06
        ],
        [
            -1.6353333736655056e-07,
            1.9764114858770555e-07,
            -1.2342087218915675e-08,
            3.986842690871145e-07,
            9.716935769343103e-07,
            5.490477447468484e-07,
            -1.514912789218135e-06,
            3.142951377684489e-05
        ]
    ]
}