{
    "bin_index": "bin2",
    "valid": true,
    "converged": true,
    "fmin": 9999.999999968608,
    "status": 0,
    "parameters": {
        "rFL_bin2": {
            "value": 0.5664229744556482,
            "error": 0.01116057297209411,
            "error_low": -0.011130439052294674,
            "error_up": 0.011190706891893545,
            "error_source": "minos (custom)"
        },
        "rS3_bin2": {
            "value": -0.11841764513999462,
            "error": 0.04592433695883708,
            "error_low": -0.04614525060833798,
            "error_up": 0.04570342330933618,
            "error_source": "minos (custom)"
        },
        "rr1_bin2": {
            "value": -1.7516488245766169,
            "error": 2.372422680196635,
            "error_low": -4.248351175423383,
            "error_up": 0.4964941849698868,
            "error_source": "minos (custom)"
        },
        "a1_bin2": {
            "value": 1.7711376556913023,
            "error": 6.0,
            "error_low": -7.7711376556913025,
            "error_up": 4.2288623443086975,
            "error_source": "minos (custom)"
        },
        "rr2_bin2": {
            "value": -0.11931442253702046,
            "error": 0.06479245733171189,
            "error_low": -0.06487081883213759,
            "error_up": 0.06471409583128619,
            "error_source": "minos (custom)"
        },
        "a2_bin2": {
            "value": 3.02189575880228,
            "error": 0.03633469354795707,
            "error_low": -0.03679411850210264,
            "error_up": 0.035875268593811495,
            "error_source": "minos (custom)"
        },
        "rr3_bin2": {
            "value": -1.7111007831619678,
            "error": 0.4201668022105095,
            "error_low": -0.5120294947803875,
            "error_up": 0.32830410964063145,
            "error_source": "minos (custom)"
        },
        "a3_bin2": {
            "value": 0.5266185184151868,
            "error": 0.9463735250724331,
            "error_low": -1.2036932156436273,
            "error_up": 0.6890538345012389,
            "error_source": "minos (custom)"
        }
    },
    "covariance": [
        [
            0.00012490979863338363,
            -1.2015337605049774e-05,
            3.36499663116341e-05,
            1.50776771887919e-05,
            1.774439526269071e-05,
            -1.8199668485079796e-06,
            -7.488762140543136e-07,
            -6.579042290091755e-05
        ],
        [
            -1.2015337605049774e-05,
            0.00211271337742328,
            -9.808438534696884e-05,
            0.00041000686244745875,
            0.0009559494765442957,
            7.520122372323336e-06,
            -0.0005054819733906853,
            -0.0001281350055052542
        ],
        [
            3.36499663116341e-05,
            -9.808438534696884e-05,
            0.644939751925696,
            -0.20888720559587473,
            -0.0004984970434161673,
            -0.00043817687155443396,
            -0.003243839702858397,
            -0.038476511787868456
        ],
        [
            1.50776771887919e-05,
            0.00041000686244745875,
            -0.20888720559587473,
            0.5706149757292454,
            0.0005720612977886476,
            0.00038050447482945444,
            0.008182609075372018,
            -0.020783758130812534
        ],
        [
            1.774439526269071e-05,
            0.0009559494765442957,
            -0.0004984970434161673,
            0.0005720612977886476,
            0.004196332090742459,
            0.00041107155831000543,
            -0.00032652444896124244,
            -0.00027750165213577787
        ],
        [
            -1.8199668485079796e-06,
            7.520122372323336e-06,
            -0.00043817687155443396,
            0.00038050447482945444,
            0.00041107155831000543,
            0.0013185335242260072,
            2.1974302526775658e-05,
            0.00020810435055132817
        ],
        [
            -7.488762140543136e-07,
            -0.0005054819733906853,
            -0.003243839702858397,
            0.008182609075372018,
            -0.00032652444896124244,
            2.1974302526775658e-05,
            0.1444630822838221,
            0.2120723074342444
        ],
        [
            -6.579042290091755e-05,
            -0.0001281350055052542,
            -0.038476511787868456,
            -0.020783758130812534,
            -0.00027750165213577787,
            0.00020810435055132817,
            0.2120723074342444,
            0.9897192436737902
        ]
    ]
}