{
    "bin_index": "bin5",
    "valid": true,
    "converged": true,
    "fmin": 9987.983260338031,
    "status": 0,
    "parameters": {
        "rFL_bin5": {
            "value": 0.15280595098075028,
            "error": 0.006154328846422049,
            "error_low": -0.0061892699805927475,
            "error_up": 0.006119387712251352,
            "error_source": "minos (custom)"
        },
        "rS3_bin5": {
            "value": -0.1039331282118162,
            "error": 0.020206554395727768,
            "error_low": -0.020278026963491052,
            "error_up": 0.020135081827964484,
            "error_source": "minos (custom)"
        },
        "u1_bin5": {
            "value": -0.00013931282909327748,
            "error": 0.009306714485564312,
            "error_low": -0.009317283558145942,
            "error_up": 0.009296145412982683,
            "error_source": "minos (custom)"
        },
        "v1_bin5": {
            "value": -0.00873549210977153,
            "error": 0.020045828837262004,
            "error_low": -0.020065989672099986,
            "error_up": 0.02002566800242402,
            "error_source": "minos (custom)"
        },
        "u2_bin5": {
            "value": -2.0682195533880092,
            "error": 0.38119245817238484,
            "error_low": -0.5108260855057074,
            "error_up": 0.2515588308390623,
            "error_source": "minos (custom)"
        },
        "v2_bin5": {
            "value": -0.00970799477262696,
            "error": 0.01942391433910824,
            "error_low": -0.01955186511200556,
            "error_up": 0.019295963566210918,
            "error_source": "minos (custom)"
        },
        "u3_bin5": {
            "value": 0.007601197049619222,
            "error": 0.009629282870425976,
            "error_low": -0.009659737410327949,
            "error_up": 0.009598828330524002,
            "error_source": "minos (custom)"
        },
        "v3_bin5": {
            "value": 0.022344340623645573,
            "error": 0.020470038569586884,
            "error_low": -0.020397060668642553,
            "error_up": 0.020543016470531215,
            "error_source": "minos (custom)"
        }
    },
    "covariance": [
        [
            3.7978949737961894e-05,
            -9.11807463982873e-07,
            -1.2647932838101979e-09,
            -7.752981158626332e-08,
            -5.6842586703477775e-06,
            -2.3359279341714259e-07,
            -1.3955251945578621e-07,
            6.443309672845817e-07
        ],
        [
            -9.11807463982873e-07,
            0.000409860051787652,
            -1.4421054554871632e-07,
            5.09455652119141e-06,
            -0.0034685937774521646,
            -1.672188785061195e-05,
            -1.7818938529824434e-06,
            -4.606515604444816e-06
        ],
        [
            -1.2647932838101979e-09,
            -1.4421054554871632e-07,
            8.685011999297184e-05,
            5.6744095201752166e-08,
            1.4451100220121921e-05,
            2.6358342170940212e-08,
            -1.5675145799528915e-05,
            -3.613110117204754e-08
        ],
        [
            -7.752981158626332e-08,
            5.09455652119141e-06,
            5.6744095201752166e-08,
            0.00040286290703504785,
            -3.419511495153832e-05,
            2.576628915613833e-06,
            -8.878650765866437e-07,
            -3.9653908630955003e-05
        ],
        [
            -5.6842586703477775e-06,
            -0.0034685937774521646,
            1.4451100220121921e-05,
            -3.419511495153832e-05,
            0.10523828435014172,
            0.0004618543203837927,
            1.8594067931506793e-05,
            1.0519149111770524e-05
        ],
        [
            -2.3359279341714259e-07,
            -1.672188785061195e-05,
            2.6358342170940212e-08,
            2.576628915613833e-06,
            0.0004618543203837927,
            0.0003704841495918018,
            -4.110207976727883e-09,
            1.7739705831202594e-06
        ],
        [
            -1.3955251945578621e-07,
            -1.7818938529824434e-06,
            -1.5675145799528915e-05,
            -8.878650765866437e-07,
            1.8594067931506793e-05,
            -4.110207976727883e-09,
            9.296167256858373e-05,
            3.6287141654708965e-07
        ],
        [
            6.443309672845817e-07,
            -4.606515604444816e-06,
            -3.613110117204754e-08,
            -3.9653908630955003e-05,
            1.0519149111770524e-05,
            1.7739705831202594e-06,
            3.6287141654708965e-07,
            0.0004199621593196124
        ]
    ]
}