{
    "bin_index": "bin5",
    "valid": true,
    "converged": true,
    "fmin": 9987.983260338031,
    "status": 0,
    "parameters": {
        "FL": {
            "value": 0.5758138164118793,
            "error": 0.003010509979104707,
            "error_low": -0.003010509979104707,
            "error_up": 0.003010509979104707,
            "error_source": "delta_method"
        },
        "AFB": {
            "value": -4.408150466169536e-05,
            "error": 0.0029488352947656645,
            "error_low": -0.0029488352947656645,
            "error_up": 0.0029488352947656645,
            "error_source": "delta_method"
        },
        "S3": {
            "value": -0.02196446797348634,
            "error": 0.004249495203746335,
            "error_low": -0.004249495203746335,
            "error_up": 0.004249495203746335,
            "error_source": "delta_method"
        },
        "S4": {
            "value": -0.25142143253802607,
            "error": 0.004457678219970609,
            "error_low": -0.004457678219970609,
            "error_up": 0.004457678219970609,
            "error_source": "delta_method"
        },
        "S5": {
            "value": 0.003556158844497208,
            "error": 0.00451042065714035,
            "error_low": -0.00451042065714035,
            "error_up": 0.00451042065714035,
            "error_source": "delta_method"
        },
        "S7": {
            "value": -0.0023602890213538486,
            "error": 0.004666787332551738,
            "error_low": -0.004666787332551738,
            "error_up": 0.004666787332551738,
            "error_source": "delta_method"
        },
        "S8": {
            "value": 0.005226809936286021,
            "error": 0.004791827259420006,
            "error_low": -0.004791827259420006,
            "error_up": 0.004791827259420006,
            "error_source": "delta_method"
        },
        "S9": {
            "value": -0.001842728764538352,
            "error": 0.004233767835365544,
            "error_low": -0.004233767835365544,
            "error_up": 0.004233767835365544,
            "error_source": "delta_method"
        }
    },
    "covariance": [
        [
            9.063170334289023e-06,
            7.483864089275694e-10,
            3.758354888360264e-07,
            6.125016385748423e-07,
            -4.2787135166367446e-08,
            -1.8824707584908858e-08,
            5.761762326227731e-08,
            3.1467838705692664e-08
        ],
        [
            7.483864089275693e-10,
            8.695629595655704e-06,
            -9.93809293651703e-09,
            6.845717765018443e-08,
            -2.3204740206317157e-06,
            -2.5501716128513425e-09,
            -2.665509432945598e-09,
            3.767443176576782e-09
        ],
        [
            3.758354888360264e-07,
            -9.93809293651703e-09,
            1.8058209486663102e-05,
            -1.9827401200664687e-06,
            -8.225171532241883e-09,
            -4.236688861203728e-08,
            2.5145498143083437e-08,
            2.1028929517294308e-07
        ],
        [
            6.125016385748422e-07,
            6.845717765018442e-08,
            -1.98274012006647e-06,
            1.9870895112800336e-05,
            2.3917048289470542e-08,
            2.6567198779056124e-09,
            -1.0499410358920842e-07,
            8.743507317171944e-09
        ],
        [
            -4.278713516636744e-08,
            -2.3204740206317157e-06,
            -8.225171532241913e-09,
            2.3917048289470512e-08,
            2.0343894504358386e-05,
            -1.0375461813509794e-08,
            3.113663900815885e-08,
            -8.523428386584014e-08
        ],
        [
            -1.882470758490886e-08,
            -2.5501716128513412e-09,
            -4.236688861203712e-08,
            2.6567198779055197e-09,
            -1.0375461813509792e-08,
            2.1778904007265368e-05,
            9.679573305038507e-08,
            1.403689537035704e-07
        ],
        [
            5.76176232622773e-08,
            -2.6655094329455984e-09,
            2.514549814308345e-08,
            -1.0499410358920846e-07,
            3.113663900815885e-08,
            9.679573305038507e-08,
            2.2961608484120643e-05,
            -1.9526243776225184e-06
        ],
        [
            3.1467838705692664e-08,
            3.767443176576782e-09,
            2.1028929517294303e-07,
            8.743507317171906e-09,
            -8.523428386584014e-08,
            1.403689537035704e-07,
            -1.9526243776225184e-06,
            1.7924790083775845e-05
        ]
    ]
}