{
    "bin_index": "bin9",
    "valid": true,
    "converged": true,
    "fmin": 9997.42439642013,
    "status": 0,
    "parameters": {
        "FL": {
            "value": 0.3494988904651829,
            "error": 0.021039948696848068,
            "error_low": -0.021039948696848068,
            "error_up": 0.021039948696848068,
            "error_source": "delta_method"
        },
        "AFB": {
            "value": 0.023679437886175395,
            "error": 0.024140160228977803,
            "error_low": -0.024140160228977803,
            "error_up": 0.024140160228977803,
            "error_source": "delta_method"
        },
        "S3": {
            "value": -0.170256587447562,
            "error": 0.02910095458559109,
            "error_low": -0.02910095458559109,
            "error_up": 0.02910095458559109,
            "error_source": "delta_method"
        },
        "S4": {
            "value": -0.29411319042836415,
            "error": 0.009619968728804894,
            "error_low": -0.009619968728804894,
            "error_up": 0.009619968728804894,
            "error_source": "delta_method"
        },
        "S5": {
            "value": 0.028272244584336012,
            "error": 0.02934654934328241,
            "error_low": -0.02934654934328241,
            "error_up": 0.02934654934328241,
            "error_source": "delta_method"
        },
        "S7": {
            "value": -0.018606089861035686,
            "error": 0.03452494335760196,
            "error_low": -0.03452494335760196,
            "error_up": 0.03452494335760196,
            "error_source": "delta_method"
        },
        "S8": {
            "value": 0.02869695435063856,
            "error": 0.03839025018892935,
            "error_low": -0.03839025018892935,
            "error_up": 0.03839025018892935,
            "error_source": "delta_method"
        },
        "S9": {
            "value": -0.023257197933109743,
            "error": 0.0396190186898382,
            "error_low": -0.0396190186898382,
            "error_up": 0.0396190186898382,
            "error_source": "delta_method"
        }
    },
    "covariance": [
        [
            0.0004426794411659987,
            -2.0665687250919662e-05,
            9.481203246665577e-05,
            -9.23931726033176e-05,
            7.042704469898494e-06,
            -8.474071891290686e-06,
            3.41213181133406e-05,
            4.348592540940809e-05
        ],
        [
            -2.066568725091966e-05,
            0.0005827473358807217,
            4.17125332743183e-05,
            1.8116999219915107e-05,
            -0.00014780499316630858,
            -5.661937718801609e-06,
            -3.6037811597361488e-06,
            4.727095085882557e-05
        ],
        [
            9.481203246665576e-05,
            4.17125332743183e-05,
            0.0008468655577926351,
            0.00022572730688390512,
            0.00011810185086973704,
            -3.7703340589345025e-07,
            6.275358099110979e-06,
            -4.412777149578469e-05
        ],
        [
            -9.23931726033176e-05,
            1.81169992199151e-05,
            0.00022572730688390506,
            9.254379834318407e-05,
            3.2605401451320514e-05,
            -1.6653481200410456e-05,
            -7.501092203662755e-06,
            -2.4524111662014573e-05
        ],
        [
            7.042704469898495e-06,
            -0.00014780499316630863,
            0.00011810185086973705,
            3.260540145132052e-05,
            0.0008612199583577093,
            3.5580125877963186e-05,
            -3.8607568337129384e-05,
            -6.204407835978858e-05
        ],
        [
            -8.474071891290686e-06,
            -5.661937718801614e-06,
            -3.7703340589344813e-07,
            -1.6653481200410456e-05,
            3.5580125877963186e-05,
            0.0011919717138456235,
            4.107914541444225e-06,
            -2.7917245550974025e-05
        ],
        [
            3.4121318113340595e-05,
            -3.603781159736152e-06,
            6.27535809911098e-06,
            -7.501092203662756e-06,
            -3.860756833712949e-05,
            4.107914541444223e-06,
            0.0014738113095685904,
            -0.00012433254734174013
        ],
        [
            4.3485925409408095e-05,
            4.727095085882557e-05,
            -4.412777149578469e-05,
            -2.4524111662014576e-05,
            -6.204407835978858e-05,
            -2.791724555097402e-05,
            -0.0001243325473417401,
            0.0015696666419457487
        ]
    ]
}