{
    "bin_index": "bin9",
    "valid": true,
    "converged": true,
    "fmin": 9978.99674501513,
    "status": 0,
    "parameters": {
        "FL": {
            "value": 0.35842151019002366,
            "error": 0.003866341756207708,
            "error_low": -0.003866341756207708,
            "error_up": 0.003866341756207708,
            "error_source": "delta_method"
        },
        "AFB": {
            "value": -0.012632219294274787,
            "error": 0.004475996753066013,
            "error_low": -0.004475996753066013,
            "error_up": 0.004475996753066013,
            "error_source": "delta_method"
        },
        "S3": {
            "value": -0.14664595255201726,
            "error": 0.005899674196165903,
            "error_low": -0.005899674196165903,
            "error_up": 0.005899674196165903,
            "error_source": "delta_method"
        },
        "S4": {
            "value": -0.2792152658609973,
            "error": 0.005556238865661325,
            "error_low": -0.005556238865661325,
            "error_up": 0.005556238865661325,
            "error_source": "delta_method"
        },
        "S5": {
            "value": 0.006071214707859052,
            "error": 0.005370124890253048,
            "error_low": -0.005370124890253048,
            "error_up": 0.005370124890253048,
            "error_source": "delta_method"
        },
        "S7": {
            "value": 0.004985597279762424,
            "error": 0.006099383127190707,
            "error_low": -0.006099383127190707,
            "error_up": 0.006099383127190707,
            "error_source": "delta_method"
        },
        "S8": {
            "value": 0.013024844012302151,
            "error": 0.0064484004738613486,
            "error_low": -0.0064484004738613486,
            "error_up": 0.0064484004738613486,
            "error_source": "delta_method"
        },
        "S9": {
            "value": 0.0019151669554366508,
            "error": 0.006048794672880085,
            "error_low": -0.006048794672880085,
            "error_up": 0.006048794672880085,
            "error_source": "delta_method"
        }
    },
    "covariance": [
        [
            1.4948598575795304e-05,
            1.9098696653954829e-07,
            1.8722419682331048e-06,
            -9.16561712300251e-07,
            8.173996291559069e-08,
            8.998074443931177e-08,
            2.571531558993109e-08,
            1.3362976880768058e-07
        ],
        [
            1.9098696653954826e-07,
            2.003454693345749e-05,
            -4.650979636345955e-08,
            -2.3629734527920754e-08,
            -4.941973746299612e-06,
            2.392232857672338e-07,
            2.109428753173986e-07,
            4.149351836646463e-07
        ],
        [
            1.8722419682331046e-06,
            -4.650979636345965e-08,
            3.480615562090579e-05,
            -5.240973834668259e-06,
            1.0516031809066114e-07,
            5.925020033140366e-08,
            2.2487683395869372e-08,
            -4.818367784822671e-07
        ],
        [
            -9.165617123002506e-07,
            -2.3629734527920876e-08,
            -5.240973834668261e-06,
            3.087179033228545e-05,
            -6.247772101836537e-08,
            6.073177871986758e-07,
            7.31432877447404e-07,
            5.118471583452277e-07
        ],
        [
            8.173996291559069e-08,
            -4.941973746299612e-06,
            1.0516031809066116e-07,
            -6.247772101836532e-08,
            2.8838241336915313e-05,
            4.914440759042513e-07,
            5.752858126930487e-07,
            1.2793921544794028e-07
        ],
        [
            8.998074443931176e-08,
            2.3922328576723387e-07,
            5.925020033140368e-08,
            6.07317787198676e-07,
            4.914440759042513e-07,
            3.720247453225868e-05,
            -7.176691543574455e-07,
            2.1892110766802513e-08
        ],
        [
            2.5715315589931088e-08,
            2.1094287531739887e-07,
            2.248768339586924e-08,
            7.314328774474042e-07,
            5.752858126930458e-07,
            -7.176691543574454e-07,
            4.158186867129527e-05,
            -4.296662083720976e-06
        ],
        [
            1.3362976880768058e-07,
            4.149351836646467e-07,
            -4.818367784822671e-07,
            5.118471583452277e-07,
            1.2793921544794038e-07,
            2.1892110766802506e-08,
            -4.296662083720977e-06,
            3.658791699466249e-05
        ]
    ]
}