{
    "bin_index": "bin9",
    "valid": true,
    "converged": true,
    "fmin": 9997.42439642013,
    "status": 0,
    "parameters": {
        "rFL_bin9": {
            "value": -0.3106213082907706,
            "error": 0.046217720835693754,
            "error_low": -0.046535182606889804,
            "error_up": 0.045900259064497705,
            "error_source": "minos (custom)"
        },
        "rS3_bin9": {
            "value": -0.5810977860894062,
            "error": 0.12216818263377872,
            "error_low": -0.12703215201558385,
            "error_up": 0.1173042132519736,
            "error_source": "minos (custom)"
        },
        "rr1_bin9": {
            "value": -1.0907262811511895,
            "error": 0.7700767661795156,
            "error_low": -1.0904537310311593,
            "error_up": 0.4496998013278719,
            "error_source": "minos (custom)"
        },
        "a1_bin9": {
            "value": -0.9744611245628928,
            "error": 1.1653902485276628,
            "error_low": -0.6218079704156428,
            "error_up": 1.7089725266396827,
            "error_source": "minos (custom)"
        },
        "rr2_bin9": {
            "value": 6.395134103356769,
            "error": 3.5991105600227504,
            "error_low": -4.9678937930053575,
            "error_up": 2.230327327040143,
            "error_source": "minos (custom)"
        },
        "a2_bin9": {
            "value": -3.109972364193415,
            "error": 0.05862009128799793,
            "error_low": -0.05856500587056523,
            "error_up": 0.058675176705430626,
            "error_source": "minos (custom)"
        },
        "rr3_bin9": {
            "value": -0.7109068861940742,
            "error": 0.8144813645767276,
            "error_low": -1.0874682630819426,
            "error_up": 0.5414944660715126,
            "error_source": "minos (custom)"
        },
        "a3_bin9": {
            "value": 1.1130861509198975,
            "error": 1.1322666574203868,
            "error_low": -1.790172143871394,
            "error_up": 0.4743611709693797,
            "error_source": "minos (custom)"
        }
    },
    "covariance": [
        [
            0.002141123290831928,
            -0.00019606682758314256,
            -0.0010134058815524565,
            0.001018940921770923,
            -0.0018888402464007498,
            9.819938584862457e-06,
            0.0010651289452470686,
            0.0008194276800696349
        ],
        [
            -0.00019606682758314256,
            0.014842469195444826,
            0.0009300238795238423,
            -0.0007808520214186064,
            0.033637982808831526,
            0.00010046931345899951,
            -0.005065454203935377,
            -0.007058717259587188
        ],
        [
            -0.0010134058815524565,
            0.0009300238795238423,
            0.4386806590257485,
            -0.4364921784245731,
            -0.01592614264803716,
            -0.00067316754102437,
            0.03436376359246933,
            0.031248105256478115
        ],
        [
            0.001018940921770923,
            -0.0007808520214186064,
            -0.4364921784245731,
            0.8880912543838556,
            -0.014248437927096826,
            0.0011215553870293927,
            -0.06203394125385959,
            0.02275708948154532
        ],
        [
            -0.0018888402464007498,
            0.033637982808831526,
            -0.01592614264803716,
            -0.014248437927096826,
            13175.415168568454,
            -0.0024374511056171264,
            -0.051630290182012,
            0.0027157527910337234
        ],
        [
            9.819938584862457e-06,
            0.00010046931345899951,
            -0.00067316754102437,
            0.0011215553870293927,
            -0.0024374511056171264,
            0.0034451653142614776,
            -0.000428790329355078,
            0.0006906296463417501
        ],
        [
            0.0010651289452470686,
            -0.005065454203935377,
            0.03436376359246933,
            -0.06203394125385959,
            -0.051630290182012,
            -0.000428790329355078,
            0.45752097845984896,
            0.31288197522188677
        ],
        [
            0.0008194276800696349,
            -0.007058717259587188,
            0.031248105256478115,
            0.02275708948154532,
            0.0027157527910337234,
            0.0006906296463417501,
            0.31288197522188677,
            0.46549258887421563
        ]
    ]
}