{
    "bin_index": "bin7",
    "valid": true,
    "converged": true,
    "fmin": 9569.711986858769,
    "status": 0,
    "parameters": {
        "rFL_bin7": {
            "value": -0.18815910784780898,
            "error": 0.014916457904056796,
            "error_low": -0.014953635888218129,
            "error_up": 0.014879279919895462,
            "error_source": "minos (custom)"
        },
        "rS3_bin7": {
            "value": -0.1629840148081624,
            "error": 0.03229479036420324,
            "error_low": -0.03237843771053957,
            "error_up": 0.03221114301786692,
            "error_source": "minos (custom)"
        },
        "rS9_bin7": {
            "value": -0.04294044149737607,
            "error": 0.03597053960401686,
            "error_low": -0.036022777646480646,
            "error_up": 0.03591830156155307,
            "error_source": "minos (custom)"
        },
        "rAFB_bin7": {
            "value": -0.021368977585947736,
            "error": 0.016318375313743333,
            "error_low": -0.0163181813867727,
            "error_up": 0.016318569240713964,
            "error_source": "minos (custom)"
        },
        "rS4_bin7": {
            "value": -5.561707944789173,
            "error": 2.999523279695647,
            "error_low": -2.871208315974971,
            "error_up": 3.1278382434163237,
            "error_source": "minos (custom)"
        },
        "rS7_bin7": {
            "value": 1.8673191970073548,
            "error": 15.935888912171226,
            "error_low": -15.935888912171226,
            "error_up": 15.935888912171226,
            "error_source": "minos (custom)"
        },
        "rS5_bin7": {
            "value": -0.029284113491837255,
            "error": 0.02263587935828791,
            "error_low": -0.022645192739534713,
            "error_up": 0.022626565977041106,
            "error_source": "minos (custom)"
        },
        "rS8_bin7": {
            "value": 0.028114829657338927,
            "error": 0.04825078824866223,
            "error_low": -0.048181207283926095,
            "error_up": 0.04832036921339838,
            "error_source": "minos (custom)"
        }
    },
    "covariance": [
        [
            0.00022310272254879272,
            1.2309738742144887e-05,
            -4.810492794164945e-06,
            2.121036762296085e-06,
            7.346201415088974e-05,
            -1.906613660765063e-05,
            7.1324194326845575e-06,
            -3.134703240021785e-06
        ],
        [
            1.2309738742144887e-05,
            0.0010453531321245597,
            3.559943365532832e-06,
            -2.944454991802751e-06,
            0.00040709300792559624,
            0.00022804397348460804,
            5.895260574100003e-06,
            -1.3707136671723388e-05
        ],
        [
            -4.810492794164945e-06,
            3.559943365532832e-06,
            0.0012965955923049598,
            3.6247523613925975e-06,
            -0.0023019892548045142,
            0.00012576327950098283,
            1.0022563351840837e-05,
            -0.00018079763378438344
        ],
        [
            2.121036762296085e-06,
            -2.944454991802751e-06,
            3.6247523613925975e-06,
            0.0002670038969363021,
            0.00016833122912332735,
            8.234267436488377e-08,
            -6.288199108876276e-05,
            -5.577857087342398e-06
        ],
        [
            7.346201415088974e-05,
            0.00040709300792559624,
            -0.0023019892548045142,
            0.00016833122912332735,
            7.490828188094456,
            -10.819314811191914,
            -0.00041582686665984285,
            -0.004027960598763817
        ],
        [
            -1.906613660765063e-05,
            0.00022804397348460804,
            0.00012576327950098283,
            8.234267436488377e-08,
            -10.819314811191914,
            12954.831264139184,
            3.616406227036124e-05,
            0.00021265104963532925
        ],
        [
            7.1324194326845575e-06,
            5.895260574100003e-06,
            1.0022563351840837e-05,
            -6.288199108876276e-05,
            -0.00041582686665984285,
            3.616406227036124e-05,
            0.0005136956574027232,
            3.470708038739455e-06
        ],
        [
            -3.134703240021785e-06,
            -1.3707136671723388e-05,
            -0.00018079763378438344,
            -5.577857087342398e-06,
            -0.004027960598763817,
            0.00021265104963532925,
            3.470708038739455e-06,
            0.0023304895330458573
        ]
    ]
}