{
    "bin_index": "bin7",
    "valid": true,
    "converged": true,
    "fmin": 9467.41643161312,
    "status": 0,
    "parameters": {
        "rFL_bin7": {
            "value": -0.28191740378555696,
            "error": 0.01527043930728279,
            "error_low": -0.01531626984882921,
            "error_up": 0.015224608765736367,
            "error_source": "minos (custom)"
        },
        "rS3_bin7": {
            "value": -0.1339477971774579,
            "error": 0.0314796476093917,
            "error_low": -0.03136485276756995,
            "error_up": 0.03159444245121346,
            "error_source": "minos (custom)"
        },
        "rS9_bin7": {
            "value": -0.04034982246145285,
            "error": 0.034709434043669676,
            "error_low": -0.03489416370046935,
            "error_up": 0.034524704386870005,
            "error_source": "minos (custom)"
        },
        "rAFB_bin7": {
            "value": -0.019427646192245688,
            "error": 0.016019422526848827,
            "error_low": -0.016015414743251064,
            "error_up": 0.01602343031044659,
            "error_source": "minos (custom)"
        },
        "rS4_bin7": {
            "value": -5.501864823431435,
            "error": 3.0200817429890847,
            "error_low": -3.1984100850125627,
            "error_up": 2.8417534009656062,
            "error_source": "minos (custom)"
        },
        "rS7_bin7": {
            "value": 1.4950075663652462,
            "error": 9.398256069879418,
            "error_low": -9.398256069879418,
            "error_up": 9.398256069879418,
            "error_source": "minos (custom)"
        },
        "rS5_bin7": {
            "value": -0.03351106602802872,
            "error": 0.022599889883774066,
            "error_low": -0.02261120821363288,
            "error_up": 0.022588571553915256,
            "error_source": "minos (custom)"
        },
        "rS8_bin7": {
            "value": 0.028927290175563166,
            "error": 0.048546227629908,
            "error_low": -0.04876254857747997,
            "error_up": 0.048329906682336034,
            "error_source": "minos (custom)"
        }
    },
    "covariance": [
        [
            0.00023352426702011905,
            7.19706911257592e-06,
            -4.505336833867545e-06,
            2.062971000402583e-06,
            0.00012786142983666886,
            -4.122820909873685e-05,
            6.384748033912246e-06,
            -3.0178536733120147e-06
        ],
        [
            7.19706911257592e-06,
            0.0009920125598931796,
            3.897514720064397e-06,
            -2.4593477345173428e-06,
            0.0003717735687985086,
            0.00030803867897235616,
            7.396702523926777e-06,
            -1.4012431642409626e-05
        ],
        [
            -4.505336833867545e-06,
            3.897514720064397e-06,
            0.0012058569983307516,
            3.3063487318264897e-06,
            -0.0024140640948552353,
            0.0003273532550512642,
            9.177476010828689e-06,
            -0.00016150471031625767
        ],
        [
            2.062971000402583e-06,
            -2.4593477345173428e-06,
            3.3063487318264897e-06,
            0.0002569926113088162,
            0.00016892212867954543,
            -1.0115487553542529e-05,
            -5.4362292547002355e-05,
            -5.891460603635939e-06
        ],
        [
            0.00012786142983666886,
            0.0003717735687985086,
            -0.0024140640948552353,
            0.00016892212867954543,
            8.1555215285342,
            -15.244730325153885,
            -0.00040999235063525854,
            -0.0039048335708358217
        ],
        [
            -4.122820909873685e-05,
            0.00030803867897235616,
            0.0003273532550512642,
            -1.0115487553542529e-05,
            -15.244730325153885,
            5654.782685835305,
            7.547812306322195e-05,
            0.0005180126529710702
        ],
        [
            6.384748033912246e-06,
            7.396702523926777e-06,
            9.177476010828689e-06,
            -5.4362292547002355e-05,
            -0.00040999235063525854,
            7.547812306322195e-05,
            0.000511449004371898,
            3.863060874062326e-06
        ],
        [
            -3.0178536733120147e-06,
            -1.4012431642409626e-05,
            -0.00016150471031625767,
            -5.891460603635939e-06,
            -0.0039048335708358217,
            0.0005180126529710702,
            3.863060874062326e-06,
            0.002356855107743507
        ]
    ]
}