{
    "bin_index": "bin5",
    "valid": true,
    "converged": true,
    "fmin": 9793.63778176894,
    "status": 0,
    "parameters": {
        "rFL_bin5_reco": {
            "value": 0.06293337499969193,
            "error": 0.021462643588602115,
            "error_low": -0.02148149729119837,
            "error_up": 0.02144378988600586,
            "error_source": "minos (custom)"
        },
        "rS3_bin5_reco": {
            "value": -0.19366535228149334,
            "error": 0.05290365280428004,
            "error_low": -0.05323506032576997,
            "error_up": 0.05257224528279011,
            "error_source": "minos (custom)"
        },
        "rS9_bin5_reco": {
            "value": 0.05095790971489887,
            "error": 0.059802670569966764,
            "error_low": -0.05965566314633436,
            "error_up": 0.05994967799359917,
            "error_source": "minos (custom)"
        },
        "rAFB_bin5_reco": {
            "value": -0.01957449295224661,
            "error": 0.03118206632946053,
            "error_low": -0.03122110720329913,
            "error_up": 0.031143025455621934,
            "error_source": "minos (custom)"
        },
        "rS4_bin5_reco": {
            "value": -5.124299396360547,
            "error": 3.6158753986956573,
            "error_low": -4.946464629481866,
            "error_up": 2.2852861679094483,
            "error_source": "minos (custom)"
        },
        "rS7_bin5_reco": {
            "value": -1.916873471645079,
            "error": 21.58791154134116,
            "error_low": -21.58791154134116,
            "error_up": 21.58791154134116,
            "error_source": "minos (custom)"
        },
        "rS5_bin5_reco": {
            "value": 0.06737774107774888,
            "error": 0.0340249954094601,
            "error_low": -0.033971547480047555,
            "error_up": 0.034078443338872645,
            "error_source": "minos (custom)"
        },
        "rS8_bin5_reco": {
            "value": -0.0465012150188115,
            "error": 0.07650547204230565,
            "error_low": -0.07667015373990674,
            "error_up": 0.07634079034470455,
            "error_source": "minos (custom)"
        }
    },
    "covariance": [
        [
            0.0003041384032287325,
            -8.847822938653458e-05,
            -0.00014591650474125186,
            5.9408722624893366e-06,
            0.13577988159554003,
            -4.535172724452025,
            4.094431352866066e-05,
            -0.00012964472192538654
        ],
        [
            -8.847822938653458e-05,
            0.0021854814810109385,
            0.0007940284511227541,
            -5.218133750231818e-05,
            -0.7539662551059251,
            25.196875636230025,
            -0.0002478203155344556,
            0.0006712819069072122
        ],
        [
            -0.00014591650474125186,
            0.0007940284511227541,
            0.0037123099676653402,
            -0.00010663978491822562,
            -1.400266138887789,
            46.77356297487356,
            -0.000406267333746867,
            0.0011188741917546687
        ],
        [
            5.9408722624893366e-06,
            -5.218133750231818e-05,
            -0.00010663978491822562,
            0.0006150039315375834,
            0.11587914040845718,
            -3.870804216655947,
            -2.7048319088095335e-05,
            -8.19446736792108e-05
        ],
        [
            0.13577988159554003,
            -0.7539662551059251,
            -1.400266138887789,
            0.11587914040845718,
            1335.907406317916,
            -44541.11982926046,
            0.3858022043637813,
            -1.1963629723524674
        ],
        [
            -4.535172724452025,
            25.196875636230025,
            46.77356297487356,
            -3.870804216655947,
            -44541.11982926046,
            1489924.6502936939,
            -12.887934553085257,
            39.96361642206102
        ],
        [
            4.094431352866066e-05,
            -0.0002478203155344556,
            -0.000406267333746867,
            -2.7048319088095335e-05,
            0.3858022043637813,
            -12.887934553085257,
            0.0008314103133721583,
            -0.000324093619784104
        ],
        [
            -0.00012964472192538654,
            0.0006712819069072122,
            0.0011188741917546687,
            -8.19446736792108e-05,
            -1.1963629723524674,
            39.96361642206102,
            -0.000324093619784104,
            0.004734195537369571
        ]
    ]
}