{
    "bin_index": "bin2",
    "valid": true,
    "converged": true,
    "fmin": 9999.999999961865,
    "status": 0,
    "parameters": {
        "rFL_bin2": {
            "value": 0.5664229449721928,
            "error": 0.01116057518734928,
            "error_low": -0.011130412292132501,
            "error_up": 0.011190738082566057,
            "error_source": "minos (custom)"
        },
        "rS3_bin2": {
            "value": -0.11841755588129693,
            "error": 0.045924945470299905,
            "error_low": -0.04614579948244742,
            "error_up": 0.04570409145815239,
            "error_source": "minos (custom)"
        },
        "rS9_bin2": {
            "value": 0.028644646310527152,
            "error": 0.04632279752024905,
            "error_low": -0.04625043725304432,
            "error_up": 0.04639515778745378,
            "error_source": "minos (custom)"
        },
        "rAFB_bin2": {
            "value": -0.005816009870962268,
            "error": 0.020354860192631524,
            "error_low": -0.020355761527906465,
            "error_up": 0.020353958857356587,
            "error_source": "minos (custom)"
        },
        "rS4_bin2": {
            "value": -0.4691004434833385,
            "error": 0.03968641725241633,
            "error_low": -0.040618093161159816,
            "error_up": 0.03875474134367285,
            "error_source": "minos (custom)"
        },
        "rS7_bin2": {
            "value": 0.05857819523540868,
            "error": 0.0175118118548583,
            "error_low": -0.017450545683991667,
            "error_up": 0.017573078025724935,
            "error_source": "minos (custom)"
        },
        "rS5_bin2": {
            "value": 0.027333611075359653,
            "error": 0.01725266424515655,
            "error_low": -0.01723479000332414,
            "error_up": 0.01727053848698896,
            "error_source": "minos (custom)"
        },
        "rS8_bin2": {
            "value": 0.015892305721293822,
            "error": 0.03509039722233747,
            "error_low": -0.03505930867100223,
            "error_up": 0.03512148577367271,
            "error_source": "minos (custom)"
        }
    },
    "covariance": [
        [
            0.0001249097418026819,
            -1.2018226206587987e-05,
            1.79279865457516e-06,
            -8.102444498060467e-07,
            -1.0616250831245683e-05,
            2.3295951354660036e-06,
            1.0087265600009283e-06,
            -1.8208973232212655e-06
        ],
        [
            -1.2018226206587987e-05,
            0.0021125597564444405,
            -7.834873148482551e-06,
            -1.0648871420641847e-05,
            -0.000578834691596244,
            7.402319594619179e-05,
            -2.4764124659014687e-05,
            -1.9127081893363423e-05
        ],
        [
            1.79279865457516e-06,
            -7.834873148482551e-06,
            0.002149281926239526,
            7.859831548733477e-06,
            2.0505545792800055e-05,
            1.0395913441177133e-05,
            2.0070039713026774e-05,
            -6.218015684023881e-05
        ],
        [
            -8.102444498060467e-07,
            -1.0648871420641847e-05,
            7.859831548733477e-06,
            0.0004154224104034577,
            6.900410175391901e-06,
            2.0151689988831214e-06,
            -2.6870351018271563e-05,
            2.208622152927651e-05
        ],
        [
            -1.0616250831245683e-05,
            -0.000578834691596244,
            2.0505545792800055e-05,
            6.900410175391901e-06,
            0.0015751949139813034,
            -4.5656835487302705e-05,
            7.943461401051004e-06,
            1.0274149682411456e-05
        ],
        [
            2.3295951354660036e-06,
            7.402319594619179e-05,
            1.0395913441177133e-05,
            2.0151689988831214e-06,
            -4.5656835487302705e-05,
            0.0003072619208809057,
            -4.206953207250842e-09,
            -4.531397272179385e-06
        ],
        [
            1.0087265600009283e-06,
            -2.4764124659014687e-05,
            2.0070039713026774e-05,
            -2.6870351018271563e-05,
            7.943461401051004e-06,
            -4.206953207250842e-09,
            0.0002983237317502407,
            8.610004617561339e-06
        ],
        [
            -1.8208973232212655e-06,
            -1.9127081893363423e-05,
            -6.218015684023881e-05,
            2.208622152927651e-05,
            1.0274149682411456e-05,
            -4.531397272179385e-06,
            8.610004617561339e-06,
            0.0012329479238519223
        ]
    ]
}