{
    "bin_index": "bin2",
    "valid": true,
    "converged": true,
    "fmin": 9999.999999961865,
    "status": 0,
    "parameters": {
        "FL": {
            "value": 0.7563637155355931,
            "error": 0.004119085486697747,
            "error_low": -0.004119085486697747,
            "error_up": 0.004119085486697747,
            "error_source": "delta_method"
        },
        "AFB": {
            "value": -0.0010548905857126558,
            "error": 0.003696789143263056,
            "error_low": -0.003696789143263056,
            "error_up": 0.003696789143263056,
            "error_source": "delta_method"
        },
        "S3": {
            "value": -0.014358354937985663,
            "error": 0.005520948449131553,
            "error_low": -0.005520948449131553,
            "error_up": 0.005520948449131553,
            "error_source": "delta_method"
        },
        "S4": {
            "value": -0.09927774145287094,
            "error": 0.006918285340660931,
            "error_low": -0.006918285340660931,
            "error_up": 0.006918285340660931,
            "error_source": "delta_method"
        },
        "S5": {
            "value": 0.01101773192640924,
            "error": 0.006955557870052385,
            "error_low": -0.006955557870052385,
            "error_up": 0.006955557870052385,
            "error_source": "delta_method"
        },
        "S7": {
            "value": 0.02388046502998301,
            "error": 0.007094959190924948,
            "error_low": -0.007094959190924948,
            "error_up": 0.007094959190924948,
            "error_source": "delta_method"
        },
        "S8": {
            "value": 0.0032022959650031854,
            "error": 0.007073739023997766,
            "error_low": -0.007073739023997766,
            "error_up": 0.007073739023997766,
            "error_source": "delta_method"
        },
        "S9": {
            "value": 0.0034641666211854554,
            "error": 0.005603636079857867,
            "error_low": -0.005603636079857867,
            "error_up": 0.005603636079857867,
            "error_source": "delta_method"
        }
    },
    "covariance": [
        [
            1.6966865246724017e-05,
            1.9871860441329202e-08,
            4.67835105386361e-07,
            1.431406745186379e-06,
            -1.375590086274975e-07,
            -2.0867796470516548e-07,
            -2.187515305331695e-07,
            -1.6318945728472963e-07
        ],
        [
            1.987186044132922e-08,
            1.3666249969747601e-05,
            -2.647274025992731e-07,
            1.456950456491714e-07,
            -1.975274490012331e-06,
            1.8286813978114484e-07,
            8.029314292705002e-07,
            1.7943213783080277e-07
        ],
        [
            4.6783510538636107e-07,
            -2.647274025992731e-07,
            3.0480871777968095e-05,
            -1.6364605214430412e-06,
            3.6432770441899646e-07,
            2.2275210025484225e-07,
            -1.893954968527426e-08,
            -1.2192556366487439e-08
        ],
        [
            1.4314067451863788e-06,
            1.4569504564917144e-07,
            -1.6364605214430446e-06,
            4.786267205480393e-05,
            6.091840718818263e-08,
            8.115317708656444e-07,
            1.603695474565391e-07,
            3.9817545981409785e-07
        ],
        [
            -1.3755900862749752e-07,
            -1.975274490012331e-06,
            3.6432770441899646e-07,
            6.091840718818267e-08,
            4.837978528364768e-05,
            1.4810329562458182e-07,
            6.728500125849305e-07,
            9.73504146948963e-07
        ],
        [
            -2.0867796470516556e-07,
            1.8286813978114487e-07,
            2.2275210025484212e-07,
            8.115317708656442e-07,
            1.4810329562458184e-07,
            5.0338445920890394e-05,
            -3.002121751891682e-07,
            5.480666499843855e-07
        ],
        [
            -2.187515305331695e-07,
            8.029314292705001e-07,
            -1.8939549685274266e-08,
            1.6036954745653916e-07,
            6.728500125849304e-07,
            -3.0021217518916825e-07,
            5.0037783779628875e-05,
            -1.513330682123148e-06
        ],
        [
            -1.6318945728472963e-07,
            1.7943213783080275e-07,
            -1.2192556366487452e-08,
            3.9817545981409785e-07,
            9.735041469489629e-07,
            5.480666499843854e-07,
            -1.513330682123148e-06,
            3.140073731548484e-05
        ]
    ]
}