{
    "bin_index": "bin10",
    "valid": true,
    "converged": true,
    "fmin": 9999.999999983982,
    "status": 0,
    "parameters": {
        "rFL_bin10": {
            "value": -0.32699857184350234,
            "error": 0.010836166826050661,
            "error_low": -0.010854950709796527,
            "error_up": 0.010817382942304795,
            "error_source": "minos (custom)"
        },
        "rS3_bin10": {
            "value": -0.8140711958165324,
            "error": 0.03507303209055213,
            "error_low": -0.03375120813015756,
            "error_up": 0.0363948560509467,
            "error_source": "minos (custom)"
        },
        "u1_bin10": {
            "value": -0.018758452457952043,
            "error": 0.015481408795511579,
            "error_low": -0.015499006151498188,
            "error_up": 0.015463811439524968,
            "error_source": "minos (custom)"
        },
        "v1_bin10": {
            "value": 0.005055207153106637,
            "error": 0.03205470827121272,
            "error_low": -0.0320584378462114,
            "error_up": 0.03205097869621403,
            "error_source": "minos (custom)"
        },
        "u2_bin10": {
            "value": -3.366691435946605,
            "error": 3.915045207671689,
            "error_low": -6.6333085640533955,
            "error_up": 1.1967818512899817,
            "error_source": "minos (custom)"
        },
        "v2_bin10": {
            "value": -0.013314094061556151,
            "error": 0.12717650447233608,
            "error_low": -0.15314300892067353,
            "error_up": 0.10121000002399864,
            "error_source": "minos (custom)"
        },
        "u3_bin10": {
            "value": 0.026255952191707108,
            "error": 0.023823450352440163,
            "error_low": -0.02379552648438274,
            "error_up": 0.02385137422049759,
            "error_source": "minos (custom)"
        },
        "v3_bin10": {
            "value": -0.003409817469585314,
            "error": 0.06053194206616805,
            "error_low": -0.06053259018028267,
            "error_up": 0.060531293952053436,
            "error_source": "minos (custom)"
        }
    },
    "covariance": [
        [
            0.00011777346676834633,
            -4.035404402360271e-05,
            -1.2179908634327873e-06,
            8.755196296494105e-09,
            0.006260404592533245,
            2.062696323866003e-05,
            -6.389982054074579e-07,
            1.1795689586598952e-06
        ],
        [
            -4.035404402360271e-05,
            0.001599178125091489,
            2.2086922154338297e-05,
            6.494878321637674e-06,
            -0.09051402341952564,
            -0.0003444892478941624,
            -2.9153658879020855e-05,
            -5.4253058548094304e-06
        ],
        [
            -1.2179908634327873e-06,
            2.2086922154338297e-05,
            0.00024027062220647563,
            -8.361781592483346e-08,
            -0.0010748992995127384,
            -3.356200272803182e-06,
            -9.752493568268292e-05,
            -5.445669412857748e-07
        ],
        [
            8.755196296494105e-09,
            6.494878321637674e-06,
            -8.361781592483346e-08,
            0.0010295915904737524,
            -0.00033904295504650164,
            1.1630548168484932e-05,
            -8.524105703572345e-06,
            -0.00024837725486753835
        ],
        [
            0.006260404592533245,
            -0.09051402341952564,
            -0.0010748992995127384,
            -0.00033904295504650164,
            23.736064244644027,
            0.08525355487760752,
            0.0013789262260463933,
            0.004083077013795226
        ],
        [
            2.062696323866003e-05,
            -0.0003444892478941624,
            -3.356200272803182e-06,
            1.1630548168484932e-05,
            0.08525355487760752,
            0.002171910524069872,
            9.918476844915847e-06,
            1.7721114224664503e-06
        ],
        [
            -6.389982054074579e-07,
            -2.9153658879020855e-05,
            -9.752493568268292e-05,
            -8.524105703572345e-06,
            0.0013789262260463933,
            9.918476844915847e-06,
            0.0005690627162483697,
            -2.7114536751464023e-05
        ],
        [
            1.1795689586598952e-06,
            -5.4253058548094304e-06,
            -5.445669412857748e-07,
            -0.00024837725486753835,
            0.004083077013795226,
            1.7721114224664503e-06,
            -2.7114536751464023e-05,
            0.0036630544452130208
        ]
    ]
}