{
    "bin_index": "bin10",
    "valid": true,
    "converged": true,
    "fmin": 9999.999999983982,
    "status": 0,
    "parameters": {
        "FL": {
            "value": 0.34208935627785686,
            "error": 0.0048849508623492735,
            "error_low": -0.0048849508623492735,
            "error_up": 0.0048849508623492735,
            "error_source": "delta_method"
        },
        "AFB": {
            "value": -0.006855135403462886,
            "error": 0.005659718057590075,
            "error_low": -0.005659718057590075,
            "error_up": 0.005659718057590075,
            "error_source": "delta_method"
        },
        "S3": {
            "value": -0.22100205791048974,
            "error": 0.0072512043381019985,
            "error_low": -0.0072512043381019985,
            "error_up": 0.0072512043381019985,
            "error_source": "delta_method"
        },
        "S4": {
            "value": -0.3059721540469087,
            "error": 0.00639626320447344,
            "error_low": -0.00639626320447344,
            "error_up": 0.00639626320447344,
            "error_source": "delta_method"
        },
        "S5": {
            "value": 0.007133932186006908,
            "error": 0.006475591940133689,
            "error_low": -0.006475591940133689,
            "error_up": 0.006475591940133689,
            "error_source": "delta_method"
        },
        "S7": {
            "value": -0.0024200269711097456,
            "error": 0.00785560455360686,
            "error_low": -0.00785560455360686,
            "error_up": 0.00785560455360686,
            "error_source": "delta_method"
        },
        "S8": {
            "value": -0.00046323603914784773,
            "error": 0.008222270968775295,
            "error_low": -0.008222270968775295,
            "error_up": 0.008222270968775295,
            "error_source": "delta_method"
        },
        "S9": {
            "value": 0.0012315916288858405,
            "error": 0.007817475809582766,
            "error_low": -0.007817475809582766,
            "error_up": 0.007817475809582766,
            "error_source": "delta_method"
        }
    },
    "covariance": [
        [
            2.3862744927566907e-05,
            1.3198790307262034e-07,
            4.737533465046628e-06,
            -1.9283626200460904e-06,
            -6.698723696865976e-08,
            -3.5321958851934636e-07,
            7.140756259039947e-08,
            -5.874844470959578e-08
        ],
        [
            1.3198790307262042e-07,
            3.2032408491411176e-05,
            1.3737363328396477e-07,
            7.539792681299291e-08,
            -9.637530994237964e-06,
            4.5272745281823604e-08,
            -2.4193057624139935e-08,
            -7.396571812901845e-09
        ],
        [
            4.737533465046628e-06,
            1.3737363328396493e-07,
            5.257996435290925e-05,
            -9.255636976988564e-06,
            2.532432535970355e-07,
            2.5489125289767526e-07,
            -2.1977191201415335e-07,
            5.108473373034613e-07
        ],
        [
            -1.928362620046091e-06,
            7.539792681299296e-08,
            -9.255636976988564e-06,
            4.091218298090084e-05,
            -1.2952237956734988e-07,
            -1.8824327005864784e-06,
            7.754809422957056e-07,
            -7.808661070804042e-08
        ],
        [
            -6.698723696865974e-08,
            -9.637530994237964e-06,
            2.532432535970356e-07,
            -1.2952237956734985e-07,
            4.193329097512439e-05,
            2.322587975656663e-07,
            -9.956806012896439e-07,
            -5.545458489603692e-07
        ],
        [
            -3.53219588519346e-07,
            4.5272745281823524e-08,
            2.5489125289767897e-07,
            -1.882432700586479e-06,
            2.3225879756566636e-07,
            6.171052290264885e-05,
            -3.496625133359552e-07,
            5.764416172382136e-07
        ],
        [
            7.140756259039947e-08,
            -2.4193057624139935e-08,
            -2.1977191201415335e-07,
            7.754809422957056e-07,
            -9.956806012896439e-07,
            -3.4966251333595516e-07,
            6.760573988396502e-05,
            -8.22241651804676e-06
        ],
        [
            -5.874844470959577e-08,
            -7.396571812901843e-09,
            5.108473373034613e-07,
            -7.808661070804042e-08,
            -5.545458489603695e-07,
            5.764416172382136e-07,
            -8.22241651804676e-06,
            6.111292803341172e-05
        ]
    ]
}