{
    "bin_index": "bin5",
    "valid": true,
    "converged": true,
    "fmin": 8562.58958969688,
    "status": 0,
    "parameters": {
        "rFL_bin5": {
            "value": 0.15429386019704314,
            "error": 0.00614841072944906,
            "error_low": -0.006143768513795942,
            "error_up": 0.006153052945102179,
            "error_source": "minos (custom)"
        },
        "rS3_bin5": {
            "value": -0.13447237762135786,
            "error": 0.0201059448297055,
            "error_low": -0.020245410191688795,
            "error_up": 0.019966479467722207,
            "error_source": "minos (custom)"
        },
        "rS9_bin5": {
            "value": 0.00416556571998824,
            "error": 0.020302613724532462,
            "error_low": -0.02027521533906607,
            "error_up": 0.020330012109998855,
            "error_source": "minos (custom)"
        },
        "rAFB_bin5": {
            "value": -0.006431158353666631,
            "error": 0.009334079864271377,
            "error_low": -0.009365478198134275,
            "error_up": 0.00930268153040848,
            "error_source": "minos (custom)"
        },
        "rS4_bin5": {
            "value": -1.9521300912156785,
            "error": 0.2767676147736641,
            "error_low": -0.34999629179042635,
            "error_up": 0.20353893775690182,
            "error_source": "minos (custom)"
        },
        "rS7_bin5": {
            "value": 0.03393263742459018,
            "error": 0.034633916945782314,
            "error_low": -0.032149395449440864,
            "error_up": 0.037118438442123765,
            "error_source": "minos (custom)"
        },
        "rS5_bin5": {
            "value": 0.0012742585982715056,
            "error": 0.009736446372158711,
            "error_low": -0.009762152595857507,
            "error_up": 0.009710740148459915,
            "error_source": "minos (custom)"
        },
        "rS8_bin5": {
            "value": 0.02141389975562255,
            "error": 0.02096252438223353,
            "error_low": -0.020986939089589426,
            "error_up": 0.020938109674877633,
            "error_source": "minos (custom)"
        }
    },
    "covariance": [
        [
            3.7902343203525946e-05,
            -2.0666886544619173e-06,
            -4.894701699517977e-07,
            -1.8816591944331193e-08,
            1.2697162301267348e-05,
            -5.253979396034834e-07,
            -5.021159072377314e-07,
            -6.906822152372123e-07
        ],
        [
            -2.0666886544619173e-06,
            0.0004047355983234929,
            -2.0443154875930353e-06,
            4.852459672278607e-08,
            -0.002631248972367928,
            9.054720196734367e-05,
            1.4229686668295622e-07,
            -3.64159233412866e-06
        ],
        [
            -4.894701699517977e-07,
            -2.0443154875930353e-06,
            0.0004131871291802459,
            -4.773100947364088e-07,
            4.271839943310471e-05,
            1.0442478567434438e-06,
            1.1486589402906628e-06,
            -4.201415746012387e-05
        ],
        [
            -1.8816591944331193e-08,
            4.852459672278607e-08,
            -4.773100947364088e-07,
            8.73515084171844e-05,
            1.2837995819374534e-05,
            1.5471945965337043e-06,
            -1.6489684172708136e-05,
            -4.654398283637076e-08
        ],
        [
            1.2697162301267348e-05,
            -0.002631248972367928,
            4.271839943310471e-05,
            1.2837995819374534e-05,
            0.0631481870344697,
            -0.0021378326152271723,
            -3.6628610130841028e-06,
            5.807809075485326e-05
        ],
        [
            -5.253979396034834e-07,
            9.054720196734367e-05,
            1.0442478567434438e-06,
            1.5471945965337043e-06,
            -0.0021378326152271723,
            0.0010986516942040603,
            1.1783786349740859e-07,
            -9.520669383374025e-07
        ],
        [
            -5.021159072377314e-07,
            1.4229686668295622e-07,
            1.1486589402906628e-06,
            -1.6489684172708136e-05,
            -3.6628610130841028e-06,
            1.1783786349740859e-07,
            9.503615062658498e-05,
            -7.258377965702557e-07
        ],
        [
            -6.906822152372123e-07,
            -3.64159233412866e-06,
            -4.201415746012387e-05,
            -4.654398283637076e-08,
            5.807809075485326e-05,
            -9.520669383374025e-07,
            -7.258377965702557e-07,
            0.00044036620475295974
        ]
    ]
}