{
    "bin_index": "bin5",
    "valid": true,
    "converged": true,
    "fmin": 9830.875725410508,
    "status": 0,
    "parameters": {
        "FL_bin5": {
            "value": 0.5565674709618411,
            "error": 0.009495723007126255,
            "error_low": -0.009508219008563553,
            "error_up": 0.009483227005688957,
            "error_source": "minos (custom)"
        },
        "S3_bin5": {
            "value": -0.025888857351720754,
            "error": 0.013323858116235385,
            "error_low": -0.013271748015473995,
            "error_up": 0.013375968216996775,
            "error_source": "minos (custom)"
        },
        "S9_bin5": {
            "value": -0.021811559047357276,
            "error": 0.013506601908832355,
            "error_low": -0.013475495946263384,
            "error_up": 0.013537707871401326,
            "error_source": "minos (custom)"
        },
        "AFB_bin5": {
            "value": 0.0006875901623893517,
            "error": 0.009480928067308443,
            "error_low": -0.009480334771814924,
            "error_up": 0.00948152136280196,
            "error_source": "minos (custom)"
        },
        "S4_bin5": {
            "value": -0.2669772631422778,
            "error": 0.014152521431629945,
            "error_low": -0.014022927951994332,
            "error_up": 0.01428211491126556,
            "error_source": "minos (custom)"
        },
        "S7_bin5": {
            "value": -0.0008819171700799526,
            "error": 0.014771222809698255,
            "error_low": -0.014759231759347013,
            "error_up": 0.014783213860049497,
            "error_source": "minos (custom)"
        },
        "S5_bin5": {
            "value": -0.006010082395496237,
            "error": 0.014340765812387085,
            "error_low": -0.014355119798847156,
            "error_up": 0.014326411825927013,
            "error_source": "minos (custom)"
        },
        "S8_bin5": {
            "value": 0.02288621913915848,
            "error": 0.015347693399834134,
            "error_low": -0.015355727885149077,
            "error_up": 0.01533965891451919,
            "error_source": "minos (custom)"
        }
    },
    "covariance": [
        [
            9.043541956688458e-05,
            5.179691645627723e-06,
            1.992531811517929e-06,
            1.6290118978140328e-07,
            6.107475163207637e-06,
            1.168364786550974e-07,
            -8.042632593985251e-07,
            -2.1499915987204125e-06
        ],
        [
            5.179691645627723e-06,
            0.00017810023148112788,
            1.8207792363343248e-06,
            3.217832577306721e-07,
            -1.9098185017100215e-05,
            2.6288403040613928e-06,
            4.286399087343132e-06,
            -5.144417808264777e-07
        ],
        [
            1.992531811517929e-06,
            1.8207792363343248e-06,
            0.0001830275693566371,
            -2.4703797779553967e-06,
            7.575830753413883e-07,
            -6.909936676962366e-06,
            1.944227416557287e-06,
            -2.4555279795811606e-05
        ],
        [
            1.6290118978140328e-07,
            3.217832577306721e-07,
            -2.4703797779553967e-06,
            9.014412624611096e-05,
            1.228946836325316e-06,
            2.5266999981027155e-06,
            -2.5504130516795134e-05,
            5.531274249981835e-07
        ],
        [
            6.107475163207637e-06,
            -1.9098185017100215e-05,
            7.575830753413883e-07,
            1.228946836325316e-06,
            0.00020096006732152303,
            -1.423429537176233e-06,
            -2.1778359676640137e-07,
            3.1436475617093345e-06
        ],
        [
            1.168364786550974e-07,
            2.6288403040613928e-06,
            -6.909936676962366e-06,
            2.5266999981027155e-06,
            -1.423429537176233e-06,
            0.00021884542047281857,
            -2.156345929922007e-06,
            3.2074393159267675e-06
        ],
        [
            -8.042632593985251e-07,
            4.286399087343132e-06,
            1.944227416557287e-06,
            -2.5504130516795134e-05,
            -2.1778359676640137e-07,
            -2.156345929922007e-06,
            0.00020625323966814012,
            -1.5893651593248398e-06
        ],
        [
            -2.1499915987204125e-06,
            -5.144417808264777e-07,
            -2.4555279795811606e-05,
            5.531274249981835e-07,
            3.1436475617093345e-06,
            3.2074393159267675e-06,
            -1.5893651593248398e-06,
            0.00023630333194706932
        ]
    ]
}