{
    "bin_index": "bin5",
    "valid": true,
    "converged": true,
    "fmin": 8562.589589696872,
    "status": 0,
    "parameters": {
        "rFL_bin5": {
            "value": 0.1542938602170863,
            "error": 0.006148410729393302,
            "error_low": -0.006143768533753025,
            "error_up": 0.006153052925033578,
            "error_source": "minos (custom)"
        },
        "rS3_bin5": {
            "value": -0.13447237762267064,
            "error": 0.020105944829655303,
            "error_low": -0.02024541019039217,
            "error_up": 0.019966479468918438,
            "error_source": "minos (custom)"
        },
        "rS9_bin5": {
            "value": 0.004165565743043085,
            "error": 0.020302613724293962,
            "error_low": -0.02027521536181738,
            "error_up": 0.020330012086770547,
            "error_source": "minos (custom)"
        },
        "rAFB_bin5": {
            "value": -0.006431158335805564,
            "error": 0.009334079864346293,
            "error_low": -0.00936547821607251,
            "error_up": 0.009302681512620075,
            "error_source": "minos (custom)"
        },
        "rS4_bin5": {
            "value": -1.952130091319207,
            "error": 0.2767676147700838,
            "error_low": -0.34999629168474106,
            "error_up": 0.20353893785542662,
            "error_source": "minos (custom)"
        },
        "rS7_bin5": {
            "value": 0.03393263738724304,
            "error": 0.03463391694557798,
            "error_low": -0.032149395411897555,
            "error_up": 0.037118438479258394,
            "error_source": "minos (custom)"
        },
        "rS5_bin5": {
            "value": 0.001274258609573997,
            "error": 0.009736446372106834,
            "error_low": -0.009762152607103896,
            "error_up": 0.00971074013710977,
            "error_source": "minos (custom)"
        },
        "rS8_bin5": {
            "value": 0.021413899761492237,
            "error": 0.020962524382092618,
            "error_low": -0.02098693909532526,
            "error_up": 0.020938109668859978,
            "error_source": "minos (custom)"
        }
    },
    "covariance": [
        [
            3.7902342391570056e-05,
            -2.066689520460908e-06,
            -4.894728584197328e-07,
            -1.8815237179658106e-08,
            1.2697156449702039e-05,
            -5.253932531137722e-07,
            -5.021161299741762e-07,
            -6.906831774852618e-07
        ],
        [
            -2.066689520460908e-06,
            0.00040473556061690536,
            -2.044305392176293e-06,
            4.8514971584634265e-08,
            -0.002631248318184019,
            9.05471559560767e-05,
            1.4229300897914917e-07,
            -3.6416357500014614e-06
        ],
        [
            -4.894728584197328e-07,
            -2.044305392176293e-06,
            0.00041318712975087045,
            -4.773100321797897e-07,
            4.271826052913594e-05,
            1.0442509893206902e-06,
            1.1486584981907064e-06,
            -4.2014161489323685e-05
        ],
        [
            -1.8815237179658106e-08,
            4.8514971584634265e-08,
            -4.773100321797897e-07,
            8.735150648263446e-05,
            1.2838247237318266e-05,
            1.5471918557365828e-06,
            -1.6489683369267895e-05,
            -4.6542493204159977e-08
        ],
        [
            1.2697156449702039e-05,
            -0.002631248318184019,
            4.271826052913594e-05,
            1.2838247237318266e-05,
            0.06314817723590707,
            -0.002137831268112642,
            -3.6626398908215296e-06,
            5.8079130796092196e-05
        ],
        [
            -5.253932531137722e-07,
            9.05471559560767e-05,
            1.0442509893206902e-06,
            1.5471918557365828e-06,
            -0.002137831268112642,
            0.0010986515870237883,
            1.1783613687202874e-07,
            -9.520785920429938e-07
        ],
        [
            -5.021161299741762e-07,
            1.4229300897914917e-07,
            1.1486584981907064e-06,
            -1.6489683369267895e-05,
            -3.6626398908215296e-06,
            1.1783613687202874e-07,
            9.503614816883274e-05,
            -7.258310919007202e-07
        ],
        [
            -6.906831774852618e-07,
            -3.6416357500014614e-06,
            -4.2014161489323685e-05,
            -4.6542493204159977e-08,
            5.8079130796092196e-05,
            -9.520785920429938e-07,
            -7.258310919007202e-07,
            0.0004403662067817289
        ]
    ]
}