{
    "bin_index": "bin4",
    "valid": true,
    "converged": true,
    "fmin": 9450.861653537277,
    "status": 0,
    "parameters": {
        "FL_bin4": {
            "value": 0.629297100030252,
            "error": 0.0,
            "error_low": 0.0,
            "error_up": 0.0,
            "error_source": "none"
        },
        "S3_bin4": {
            "value": -0.013776402019696361,
            "error": 0.0,
            "error_low": 0.0,
            "error_up": 0.0,
            "error_source": "none"
        },
        "S9_bin4": {
            "value": -0.0031602329989339514,
            "error": 0.0,
            "error_low": 0.0,
            "error_up": 0.0,
            "error_source": "none"
        },
        "AFB_bin4": {
            "value": 0.00655211630826119,
            "error": 0.0,
            "error_low": 0.0,
            "error_up": 0.0,
            "error_source": "none"
        },
        "S4_bin4": {
            "value": -0.2417799113578422,
            "error": 0.0,
            "error_low": 0.0,
            "error_up": 0.0,
            "error_source": "none"
        },
        "S7_bin4": {
            "value": -0.010802071297070793,
            "error": 0.0,
            "error_low": 0.0,
            "error_up": 0.0,
            "error_source": "none"
        },
        "S5_bin4": {
            "value": -0.0012887703978474835,
            "error": 0.0,
            "error_low": 0.0,
            "error_up": 0.0,
            "error_source": "none"
        },
        "S8_bin4": {
            "value": -0.022110729506438116,
            "error": 0.0,
            "error_low": 0.0,
            "error_up": 0.0,
            "error_source": "none"
        }
    },
    "covariance": [
        [
            3.5047291105085836e-05,
            1.425902254409939e-06,
            4.896189747282373e-07,
            -4.755892545225585e-07,
            4.296145609902823e-06,
            -2.811014301785506e-07,
            2.389942798407402e-07,
            1.4919905845798482e-07
        ],
        [
            1.425902254409939e-06,
            6.953340421521462e-05,
            1.2370287952721916e-06,
            -4.1062335343229395e-07,
            -7.190220005506926e-06,
            1.2428619872712122e-06,
            5.577776130089869e-08,
            1.0498572329451447e-06
        ],
        [
            4.896189747282373e-07,
            1.2370287952721916e-06,
            6.794558634394013e-05,
            -1.7852653885139063e-07,
            -1.1635082827828678e-06,
            -1.3743851529117608e-07,
            8.245645262562955e-08,
            -8.292317220633292e-06
        ],
        [
            -4.755892545225585e-07,
            -4.1062335343229395e-07,
            -1.7852653885139063e-07,
            3.138943766805823e-05,
            2.358162040121323e-07,
            -9.60179641704304e-07,
            -9.472741960222462e-06,
            2.3408388924669606e-07
        ],
        [
            4.296145609902823e-06,
            -7.190220005506926e-06,
            -1.1635082827828678e-06,
            2.358162040121323e-07,
            7.785696897575792e-05,
            -7.090392454302562e-07,
            1.4356500797840825e-06,
            -1.6998426934898008e-06
        ],
        [
            -2.811014301785506e-07,
            1.2428619872712122e-06,
            -1.3743851529117608e-07,
            -9.60179641704304e-07,
            -7.090392454302562e-07,
            8.878670541825686e-05,
            -4.842280920342985e-07,
            1.841350274651871e-07
        ],
        [
            2.389942798407402e-07,
            5.577776130089869e-08,
            8.245645262562955e-08,
            -9.472741960222462e-06,
            1.4356500797840825e-06,
            -4.842280920342985e-07,
            8.39727220502353e-05,
            -6.32785315114137e-07
        ],
        [
            1.4919905845798482e-07,
            1.0498572329451447e-06,
            -8.292317220633292e-06,
            2.3408388924669606e-07,
            -1.6998426934898008e-06,
            1.841350274651871e-07,
            -6.32785315114137e-07,
            9.333768497380945e-05
        ]
    ]
}