{
    "bin_index": "bin3",
    "valid": true,
    "converged": true,
    "fmin": 9999.999999947326,
    "status": 0,
    "parameters": {
        "FL": {
            "value": 0.6947535353849695,
            "error": 0.004110462226148115,
            "error_low": -0.004110462226148115,
            "error_up": 0.004110462226148115,
            "error_source": "delta_method"
        },
        "AFB": {
            "value": -0.004263310811135542,
            "error": 0.003764439568205399,
            "error_low": -0.003764439568205399,
            "error_up": 0.003764439568205399,
            "error_source": "delta_method"
        },
        "S3": {
            "value": -0.012391441053727675,
            "error": 0.005634770807125461,
            "error_low": -0.005634770807125461,
            "error_up": 0.005634770807125461,
            "error_source": "delta_method"
        },
        "S4": {
            "value": -0.20868670281908178,
            "error": 0.006313290847542767,
            "error_low": -0.006313290847542767,
            "error_up": 0.006313290847542767,
            "error_source": "delta_method"
        },
        "S5": {
            "value": 0.0050612275430881905,
            "error": 0.006521527151480153,
            "error_low": -0.006521527151480153,
            "error_up": 0.006521527151480153,
            "error_source": "delta_method"
        },
        "S7": {
            "value": 0.01679199147539423,
            "error": 0.0067237992160246954,
            "error_low": -0.0067237992160246954,
            "error_up": 0.0067237992160246954,
            "error_source": "delta_method"
        },
        "S8": {
            "value": -0.004252788341688089,
            "error": 0.006751987808588832,
            "error_low": -0.006751987808588832,
            "error_up": 0.006751987808588832,
            "error_source": "delta_method"
        },
        "S9": {
            "value": -0.0016197456045840438,
            "error": 0.005598100848834863,
            "error_low": -0.005598100848834863,
            "error_up": 0.005598100848834863,
            "error_source": "delta_method"
        }
    },
    "covariance": [
        [
            1.689589971259051e-05,
            1.969259188497291e-07,
            3.351005575248139e-07,
            2.4208404674466173e-06,
            -1.6763294600001542e-08,
            -7.176888178904717e-08,
            1.6999237826930854e-07,
            -4.359128299499163e-08
        ],
        [
            1.9692591884972907e-07,
            1.4171005262670452e-05,
            2.3085316348130103e-07,
            1.8329080168951731e-07,
            -4.097887443000262e-06,
            -1.6719408417648328e-07,
            2.0379961054512163e-07,
            2.7443350852791537e-07
        ],
        [
            3.3510055752481387e-07,
            2.3085316348130097e-07,
            3.1750642048833315e-05,
            -3.106097156777734e-06,
            -1.634290011213531e-07,
            -2.7201445303551685e-07,
            1.5537121189834048e-07,
            -3.395260849870081e-07
        ],
        [
            2.4208404674466173e-06,
            1.832908016895173e-07,
            -3.106097156777732e-06,
            3.985764132566727e-05,
            5.043351175022923e-07,
            3.8203770791109616e-07,
            -7.209987776505791e-07,
            -1.3066124706155042e-07
        ],
        [
            -1.6763294600001552e-08,
            -4.097887443000263e-06,
            -1.6342900112135306e-07,
            5.043351175022922e-07,
            4.253031638749284e-05,
            -3.648615483840538e-07,
            2.6422711415806227e-07,
            5.252889988659806e-07
        ],
        [
            -7.176888178904715e-08,
            -1.671940841764833e-07,
            -2.7201445303551823e-07,
            3.8203770791109605e-07,
            -3.6486154838405374e-07,
            4.5209475897414304e-05,
            -3.277797823623102e-07,
            7.058694783343288e-08
        ],
        [
            1.6999237826930854e-07,
            2.0379961054512163e-07,
            1.5537121189834048e-07,
            -7.209987776505791e-07,
            2.6422711415806227e-07,
            -3.277797823623102e-07,
            4.558933936733222e-05,
            -3.7194011763141975e-06
        ],
        [
            -4.359128299499162e-08,
            2.744335085279153e-07,
            -3.3952608498700817e-07,
            -1.306612470615504e-07,
            5.252889988659806e-07,
            7.058694783343288e-08,
            -3.719401176314197e-06,
            3.1338733113725614e-05
        ]
    ]
}