{
    "bin_index": "bin3",
    "valid": true,
    "converged": true,
    "fmin": 9999.999999947326,
    "status": 0,
    "parameters": {
        "rFL_bin3": {
            "value": 0.41121881316699316,
            "error": 0.009677557790634748,
            "error_low": -0.009661420762190068,
            "error_up": 0.009693694819079427,
            "error_source": "minos (custom)"
        },
        "rS3_bin3": {
            "value": -0.08136884703355991,
            "error": 0.03712245703796701,
            "error_low": -0.03721463707857883,
            "error_up": 0.037030276997355185,
            "error_source": "minos (custom)"
        },
        "rS9_bin3": {
            "value": -0.010648261330432026,
            "error": 0.03676634302947844,
            "error_low": -0.03678134316440091,
            "error_up": 0.03675134289455597,
            "error_source": "minos (custom)"
        },
        "rAFB_bin3": {
            "value": -0.018687292544414227,
            "error": 0.016481355722699518,
            "error_low": -0.01648530910177704,
            "error_up": 0.016477402343621994,
            "error_source": "minos (custom)"
        },
        "rS4_bin3": {
            "value": -1.3398319948592383,
            "error": 0.13296601408455627,
            "error_low": -0.14946389852205383,
            "error_up": 0.11646812964705872,
            "error_source": "minos (custom)"
        },
        "rS7_bin3": {
            "value": 0.07166620001879948,
            "error": 0.03032674615306236,
            "error_low": -0.029134491619834578,
            "error_up": 0.03151900068629014,
            "error_source": "minos (custom)"
        },
        "rS5_bin3": {
            "value": 0.011466246496426502,
            "error": 0.014760276212049303,
            "error_low": -0.014752590429356971,
            "error_up": 0.014767961994741634,
            "error_source": "minos (custom)"
        },
        "rS8_bin3": {
            "value": -0.01927225155170566,
            "error": 0.03058173335584318,
            "error_low": -0.030609934507294538,
            "error_up": 0.030553532204391828,
            "error_source": "minos (custom)"
        }
    },
    "covariance": [
        [
            9.392009336276974e-05,
            -5.45485046200895e-06,
            -2.0701459486293947e-06,
            -4.1240104480387544e-07,
            -2.440267051797577e-05,
            3.255441888870067e-06,
            3.637694762429417e-07,
            1.054576149625295e-06
        ],
        [
            -5.45485046200895e-06,
            0.0013812249804692456,
            -1.3371118720884255e-05,
            8.679514551314803e-06,
            -0.0026617607746326523,
            0.00020471827973346775,
            -1.1018815467197261e-05,
            1.8875941460934153e-05
        ],
        [
            -2.0701459486293947e-06,
            -1.3371118720884255e-05,
            0.0013546157907388286,
            8.189000582698273e-06,
            8.490902431860882e-06,
            9.596224148489804e-07,
            7.897543696388967e-06,
            -0.0001109904870336355
        ],
        [
            -4.1240104480387544e-07,
            8.679514551314803e-06,
            8.189000582698273e-06,
            0.0002723805687872642,
            -3.0509651192843815e-06,
            -2.6650951020615555e-06,
            -4.0761977104175604e-05,
            4.090183245580221e-06
        ],
        [
            -2.440267051797577e-05,
            -0.0026617607746326523,
            8.490902431860882e-06,
            -3.0509651192843815e-06,
            0.01698865393873476,
            -0.0011113445803147938,
            4.043636467752357e-05,
            -9.434396286278137e-05
        ],
        [
            3.255441888870067e-06,
            0.00020471827973346775,
            9.596224148489804e-07,
            -2.6650951020615555e-06,
            -0.0011113445803147938,
            0.0009027379334092502,
            -6.384747089603684e-06,
            1.309074132697565e-07
        ],
        [
            3.637694762429417e-07,
            -1.1018815467197261e-05,
            7.897543696388967e-06,
            -4.0761977104175604e-05,
            4.043636467752357e-05,
            -6.384747089603684e-06,
            0.00021841066282404662,
            2.5283725750689463e-06
        ],
        [
            1.054576149625295e-06,
            1.8875941460934153e-05,
            -0.0001109904870336355,
            4.090183245580221e-06,
            -9.434396286278137e-05,
            1.309074132697565e-07,
            2.5283725750689463e-06,
            0.0009369099317912291
        ]
    ]
}