{
    "bin_index": "bin1",
    "valid": true,
    "converged": true,
    "fmin": 9999.999999923857,
    "status": 0,
    "parameters": {
        "rFL_bin1": {
            "value": 0.37107135822691123,
            "error": 0.014019419723315836,
            "error_low": -0.013988301608814894,
            "error_up": 0.01405053783781678,
            "error_source": "minos (custom)"
        },
        "rS3_bin1": {
            "value": -0.021706982084618832,
            "error": 0.0528605818572098,
            "error_low": -0.052909962510598096,
            "error_up": 0.0528112012038215,
            "error_source": "minos (custom)"
        },
        "rS9_bin1": {
            "value": -0.0563200953257433,
            "error": 0.05240792798536813,
            "error_low": -0.05252260922632996,
            "error_up": 0.05229324674440629,
            "error_source": "minos (custom)"
        },
        "rAFB_bin1": {
            "value": -0.029658001940919325,
            "error": 0.023689390487283628,
            "error_low": -0.023699842797350684,
            "error_up": 0.023678938177216575,
            "error_source": "minos (custom)"
        },
        "rS4_bin1": {
            "value": 0.061367953774020254,
            "error": 0.04278503164447263,
            "error_low": -0.04264299348616317,
            "error_up": 0.04292706980278209,
            "error_source": "minos (custom)"
        },
        "rS7_bin1": {
            "value": 0.017934268090052646,
            "error": 0.021458490732884278,
            "error_low": -0.021450171469250934,
            "error_up": 0.021466809996517622,
            "error_source": "minos (custom)"
        },
        "rS5_bin1": {
            "value": 0.012529913593718082,
            "error": 0.021706075016812418,
            "error_low": -0.0216860775672078,
            "error_up": 0.02172607246641704,
            "error_source": "minos (custom)"
        },
        "rS8_bin1": {
            "value": -0.08999511959758842,
            "error": 0.04503142557280385,
            "error_low": -0.04528294976754906,
            "error_up": 0.044779901378058644,
            "error_source": "minos (custom)"
        }
    },
    "covariance": [
        [
            0.00019709434762481991,
            -3.473976421708321e-06,
            -6.254449620810723e-07,
            -2.3553644895927953e-06,
            -1.5145496250492917e-07,
            1.988281876271813e-06,
            -3.342916076519208e-07,
            -5.80625031110367e-07
        ],
        [
            -3.473976421708321e-06,
            0.0027979756743679433,
            2.278186268323417e-05,
            -8.38253481027419e-06,
            8.47331768629185e-05,
            6.792666044877969e-06,
            -3.656700937152797e-05,
            0.00015347961151253425
        ],
        [
            -6.254449620810723e-07,
            2.278186268323417e-05,
            0.0027503798572939488,
            9.01852464955177e-06,
            -2.0266471984080243e-05,
            2.373723848456985e-05,
            -6.987077822471651e-07,
            2.9318855453485996e-06
        ],
        [
            -2.3553644895927953e-06,
            -8.38253481027419e-06,
            9.01852464955177e-06,
            0.0005626593681250442,
            1.1411050830009074e-05,
            -7.962387742828075e-06,
            4.636408580400434e-06,
            -6.461351506696722e-06
        ],
        [
            -1.5145496250492917e-07,
            8.47331768629185e-05,
            -2.0266471984080243e-05,
            1.1411050830009074e-05,
            0.0018322098612211066,
            4.045450043668342e-06,
            -8.935480271816516e-06,
            1.7036292207958938e-05
        ],
        [
            1.988281876271813e-06,
            6.792666044877969e-06,
            2.373723848456985e-05,
            -7.962387742828075e-06,
            4.045450043668342e-06,
            0.00046148481317709745,
            2.7048252452312556e-07,
            -1.1222404173839608e-05
        ],
        [
            -3.342916076519208e-07,
            -3.656700937152797e-05,
            -6.987077822471651e-07,
            4.636408580400434e-06,
            -8.935480271816516e-06,
            2.7048252452312556e-07,
            0.0004721742470597975,
            -2.2764836042480797e-07
        ],
        [
            -5.80625031110367e-07,
            0.00015347961151253425,
            2.9318855453485996e-06,
            -6.461351506696722e-06,
            1.7036292207958938e-05,
            -1.1222404173839608e-05,
            -2.2764836042480797e-07,
            0.002029092806099596
        ]
    ]
}