{
    "bin_index": "bin1",
    "valid": true,
    "converged": true,
    "fmin": 9999.999999923857,
    "status": 0,
    "parameters": {
        "FL": {
            "value": 0.67746423151986,
            "error": 0.0061352368713974694,
            "error_low": -0.0061352368713974694,
            "error_up": 0.0061352368713974694,
            "error_source": "delta_method"
        },
        "AFB": {
            "value": -0.007159175365517931,
            "error": 0.00572315081861215,
            "error_low": -0.00572315081861215,
            "error_up": 0.00572315081861215,
            "error_source": "delta_method"
        },
        "S3": {
            "value": -0.003500089352007923,
            "error": 0.008526339292269298,
            "error_low": -0.008526339292269298,
            "error_up": 0.008526339292269298,
            "error_source": "delta_method"
        },
        "S4": {
            "value": 0.014479765241804702,
            "error": 0.010067571768001075,
            "error_low": -0.010067571768001075,
            "error_up": 0.010067571768001075,
            "error_source": "delta_method"
        },
        "S5": {
            "value": 0.00579285569300628,
            "error": 0.010041323159109576,
            "error_low": -0.010041323159109576,
            "error_up": 0.010041323159109576,
            "error_source": "delta_method"
        },
        "S7": {
            "value": 0.008456962661855529,
            "error": 0.010128634519950386,
            "error_low": -0.010128634519950386,
            "error_up": 0.010128634519950386,
            "error_source": "delta_method"
        },
        "S8": {
            "value": -0.02074684084597544,
            "error": 0.010308144053073806,
            "error_low": -0.010308144053073806,
            "error_up": 0.010308144053073806,
            "error_source": "delta_method"
        },
        "S9": {
            "value": -0.009070894409162566,
            "error": 0.0084303283605248,
            "error_low": -0.0084303283605248,
            "error_up": 0.0084303283605248,
            "error_source": "delta_method"
        }
    },
    "covariance": [
        [
            3.7641131468155014e-05,
            5.875244610267662e-07,
            1.637563909330618e-07,
            -4.474855206810114e-07,
            -2.491193878959226e-07,
            1.574240324449266e-07,
            5.921226361293877e-07,
            1.0149771363216598e-06
        ],
        [
            5.87524461026766e-07,
            3.2754455292580924e-05,
            -3.965888581234278e-07,
            6.571948159788972e-07,
            5.081631317827325e-07,
            -8.96652916908387e-07,
            -3.2776497441408646e-07,
            1.8710678984323394e-07
        ],
        [
            1.637563909330618e-07,
            -3.9658885812342786e-07,
            7.269846172689531e-05,
            1.8221624208545628e-08,
            -1.3916619957813706e-06,
            -1.3531878404835596e-06,
            8.933331563959218e-07,
            5.055438147751165e-07
        ],
        [
            -4.474855206810114e-07,
            6.571948159788971e-07,
            1.822162420854506e-08,
            0.00010135600130385229,
            -8.491312142962501e-07,
            2.0065689194881793e-07,
            6.612746078682981e-07,
            -8.046443031255795e-07
        ],
        [
            -2.491193878959225e-07,
            5.081631317827326e-07,
            -1.3916619957813704e-06,
            -8.491312142962502e-07,
            0.00010082817078567032,
            1.0586571303215061e-07,
            2.2412532554406251e-07,
            -4.6179156800108185e-08
        ],
        [
            1.5742403244492653e-07,
            -8.966529169083872e-07,
            -1.3531878404835592e-06,
            2.0065689194881798e-07,
            1.0586571303215063e-07,
            0.00010258923723873058,
            -1.2685397647297105e-06,
            1.7915338942739875e-06
        ],
        [
            5.921226361293877e-07,
            -3.277649744140864e-07,
            8.933331563959203e-07,
            6.61274607868298e-07,
            2.2412532554406246e-07,
            -1.2685397647297105e-06,
            0.00010625783381892087,
            8.403894364262159e-08
        ],
        [
            1.0149771363216596e-06,
            1.8710678984323388e-07,
            5.055438147751165e-07,
            -8.046443031255794e-07,
            -4.617915680010819e-08,
            1.7915338942739873e-06,
            8.403894364262158e-08,
            7.107043626626875e-05
        ]
    ]
}