{
    "bin_index": "bin3",
    "valid": true,
    "converged": true,
    "fmin": 77449.16784185074,
    "status": "Optimization terminated successfully",
    "parameters": {
        "FL": {
            "value": 0.6991184136903389,
            "error": 0.0041007142004900006,
            "error_low": -0.0041007142004900006,
            "error_up": 0.0041007142004900006,
            "error_source": "hessian"
        },
        "S3": {
            "value": -0.010440437608140575,
            "error": 0.005551924581976589,
            "error_low": -0.005551924581976589,
            "error_up": 0.005551924581976589,
            "error_source": "hessian"
        },
        "S9": {
            "value": 0.007358902096729856,
            "error": 0.005550313335707042,
            "error_low": -0.005550313335707042,
            "error_up": 0.005550313335707042,
            "error_source": "hessian"
        },
        "AFB": {
            "value": -0.0025389689311186192,
            "error": 0.0037713452965042887,
            "error_low": -0.0037713452965042887,
            "error_up": 0.0037713452965042887,
            "error_source": "hessian"
        },
        "S4": {
            "value": -0.20583658925489473,
            "error": 0.006478955556357867,
            "error_low": -0.006478955556357867,
            "error_up": 0.006478955556357867,
            "error_source": "hessian"
        },
        "S7": {
            "value": 0.009279944416921908,
            "error": 0.006742383906261466,
            "error_low": -0.006742383906261466,
            "error_up": 0.006742383906261466,
            "error_source": "hessian"
        },
        "S5": {
            "value": -0.009501382886875152,
            "error": 0.006614109231362283,
            "error_low": -0.006614109231362283,
            "error_up": 0.006614109231362283,
            "error_source": "hessian"
        },
        "S8": {
            "value": 0.0020144270756917294,
            "error": 0.006767564445014116,
            "error_low": -0.006767564445014116,
            "error_up": 0.006767564445014116,
            "error_source": "hessian"
        }
    },
    "covariance": [
        [
            1.6815856954100343e-05,
            4.428990227927938e-07,
            -8.075072123646784e-09,
            1.9224781105755228e-07,
            2.39754733581864e-06,
            9.226837835687193e-08,
            7.641563197030368e-08,
            4.224825196063113e-08
        ],
        [
            4.428990227927938e-07,
            3.082386656395593e-05,
            1.7403941073162674e-07,
            1.1806882124905107e-07,
            -2.88811083650394e-06,
            -2.676729924698839e-07,
            -7.507068318576007e-07,
            -2.5832233908772997e-07
        ],
        [
            -8.075072123646784e-09,
            1.7403941073162669e-07,
            3.080597812452743e-05,
            -8.738325156534268e-08,
            4.807638711156742e-08,
            3.427321540789749e-08,
            1.531634198185661e-07,
            -3.4360098788883214e-06
        ],
        [
            1.9224781105755225e-07,
            1.1806882124905107e-07,
            -8.738325156534268e-08,
            1.422304534546502e-05,
            -1.8412568511430102e-07,
            9.928506924697552e-09,
            -3.979199502826955e-06,
            -1.6590750792862734e-08
        ],
        [
            2.3975473358186406e-06,
            -2.8881108365039396e-06,
            4.807638711156742e-08,
            -1.8412568511430102e-07,
            4.197686510126047e-05,
            1.437270627082189e-07,
            3.7877337249085325e-08,
            1.0735134220575315e-08
        ],
        [
            9.226837835687193e-08,
            -2.676729924698839e-07,
            3.427321540789748e-08,
            9.928506924697548e-09,
            1.4372706270821887e-07,
            4.5459740739413634e-05,
            4.895020514611916e-07,
            -1.652968276465939e-07
        ],
        [
            7.641563197030368e-08,
            -7.507068318576009e-07,
            1.5316341981856615e-07,
            -3.979199502826955e-06,
            3.7877337249085365e-08,
            4.895020514611916e-07,
            4.374644092439177e-05,
            1.0353095454272372e-07
        ],
        [
            4.224825196063112e-08,
            -2.5832233908772997e-07,
            -3.4360098788883214e-06,
            -1.659075079286273e-08,
            1.0735134220575315e-08,
            -1.652968276465939e-07,
            1.0353095454272373e-07,
            4.579992851741922e-05
        ]
    ]
}