{
  "nx": 4,
  "ny": 4,
  "coef": [
    -0.0003468220004799821,
    0.0010273457617326902,
    0.0034498064285503724,
    -0.0005420845301075805,
    0.0002510086189665228,
    -2.4830721185540225e-06,
    -0.014621886420019126,
    -0.03905847334252957,
    0.0021734544786020443,
    -0.006648390814267702,
    0.0880653666921489,
    0.11988253068380207,
    0.14181084731096344,
    0.08073871606156514,
    0.10940847418657702,
    -0.003402500178014431,
    -0.010087754976886376,
    -0.04665708547393823,
    0.0095074289488028,
    -0.010517338837736796,
    1.0815523394784892e-05,
    0.0005366555167002087,
    0.004284537249362427,
    -0.0013873612766856836,
    0.0007731920802339826
  ],
  "x_range": [
    -1.0,
    1.0
  ],
  "y_range": [
    -1.0,
    1.0
  ]
}