{
  "n": 4,
  "coef": [
    0.022149552625256752,
    0.019282795822402495,
    0.022772825634021825,
    0.020674759240252215,
    0.021663628384543346
  ],
  "range": [
    -3.141592653589793,
    3.141592653589793
  ]
}