{
  "nx": 4,
  "ny": 4,
  "coef": [
    0.2400848349567194,
    -0.1303061722940682,
    0.3078937863102999,
    0.3878279958786422,
    -0.027076799144930424,
    0.22715068336461292,
    0.1990385070610982,
    0.645134033335033,
    -0.004787597843376811,
    0.04088055938740227,
    -0.09568440880961461,
    -0.09754870100771496,
    -0.016966167676730926,
    0.18770269777592896,
    0.015198817926739034,
    0.3490654391525926,
    -0.08765116502550799,
    1.0168876449993893,
    -0.1598750101422978,
    -0.03997783079628375,
    0.13170343059419587,
    0.10253711009860321,
    0.07641749584069012,
    0.4580894946940276,
    0.07678100016270142
  ],
  "x_range": [
    -1.0,
    1.0
  ],
  "y_range": [
    -1.0,
    1.0
  ]
}