{
  "n": 4,
  "coef": [
    0.11938426541628032,
    0.1417945657430926,
    0.10059425188674095,
    0.13780985008122484,
    0.11778941866463337
  ],
  "range": [
    -3.141592653589793,
    3.141592653589793
  ]
}