{
  "n": 4,
  "coef": [
    0.023454726548159454,
    0.019720699311755813,
    0.0243120798659424,
    0.020148353039531042,
    0.023071451512687993
  ],
  "range": [
    -3.141592653589793,
    3.141592653589793
  ]
}