{
  "nx": 4,
  "ny": 4,
  "coef": [
    0.0025934954200740675,
    0.008032974302911128,
    -0.02081290929864468,
    0.012165313796746045,
    0.0013375025726412126,
    0.007554881271468817,
    0.013239163477419411,
    0.04634179350935795,
    0.0038610749873809317,
    0.009188821905912553,
    0.08302738579222754,
    0.05402031987337848,
    0.037753746946787875,
    0.062177789851588165,
    0.0788443395536926,
    0.0045846126783163,
    0.01139117542439366,
    0.03622964359623519,
    0.01663509954179125,
    0.0075703927357588996,
    0.0037834358320864526,
    0.002675263190665886,
    -0.00778350112107983,
    0.0025507824267655844,
    0.002413518508831641
  ],
  "x_range": [
    -1.0,
    1.0
  ],
  "y_range": [
    -1.0,
    1.0
  ]
}