{
  "nx": 4,
  "ny": 4,
  "coef": [
    0.1993797653023268,
    0.40949172743770196,
    -0.021343561298463307,
    0.5586382388759811,
    -0.014568226069262608,
    0.11502312077760028,
    -0.1548201501389631,
    0.6249541361251757,
    -0.29356853104580327,
    0.03730288363780873,
    0.16849579767435344,
    0.0344587963299368,
    0.1738778446717703,
    0.533332978005058,
    -0.01863710944404937,
    0.03542422951546841,
    0.010786262401080514,
    0.5884433837144708,
    -0.37817327528727535,
    0.003815190453488337,
    0.28664880066946813,
    0.1567213470650685,
    0.014611324283479648,
    0.6556565082947741,
    0.018211389263377214
  ],
  "x_range": [
    -1.0,
    1.0
  ],
  "y_range": [
    -1.0,
    1.0
  ]
}