{
  "n": 4,
  "coef": [
    0.12510436853235307,
    0.12126221659306267,
    0.12346240406755453,
    0.12831932960335796,
    0.11995393192907769
  ],
  "range": [
    -3.141592653589793,
    3.141592653589793
  ]
}