{
    "bin_index": "bin4",
    "valid": true,
    "converged": true,
    "fmin": 46163.06814623198,
    "status": "Optimization terminated successfully",
    "parameters": {
        "FL": {
            "value": 0.6152959856417755,
            "error": 0.005626666683313136,
            "error_low": -0.005626666683313136,
            "error_up": 0.005626666683313136,
            "error_source": "hessian"
        },
        "S3": {
            "value": -0.031871306725214224,
            "error": 0.0077982807665516705,
            "error_low": -0.0077982807665516705,
            "error_up": 0.0077982807665516705,
            "error_source": "hessian"
        },
        "S9": {
            "value": -0.0022648853280998584,
            "error": 0.007774155540121348,
            "error_low": -0.007774155540121348,
            "error_up": 0.007774155540121348,
            "error_source": "hessian"
        },
        "AFB": {
            "value": -5.079620692976612e-05,
            "error": 0.005378819020044932,
            "error_low": -0.005378819020044932,
            "error_up": 0.005378819020044932,
            "error_source": "hessian"
        },
        "S4": {
            "value": -0.2436894250947624,
            "error": 0.008291978142279168,
            "error_low": -0.008291978142279168,
            "error_up": 0.008291978142279168,
            "error_source": "hessian"
        },
        "S7": {
            "value": 0.013073526765091412,
            "error": 0.008865016027708261,
            "error_low": -0.008865016027708261,
            "error_up": 0.008865016027708261,
            "error_source": "hessian"
        },
        "S5": {
            "value": -0.003951551418629131,
            "error": 0.008526802697831293,
            "error_low": -0.008526802697831293,
            "error_up": 0.008526802697831293,
            "error_source": "hessian"
        },
        "S8": {
            "value": -0.0021622096295344753,
            "error": 0.008966123599437992,
            "error_low": -0.008966123599437992,
            "error_up": 0.008966123599437992,
            "error_source": "hessian"
        }
    },
    "covariance": [
        [
            3.165937796510605e-05,
            2.0009788658323254e-06,
            4.360579551346642e-07,
            -1.918657106846939e-08,
            3.263003965446516e-06,
            -1.544350735489186e-07,
            -4.817647889233768e-07,
            -7.314250222878496e-08
        ],
        [
            2.000978865832325e-06,
            6.081318291396971e-05,
            8.887665649959496e-07,
            2.222883094372715e-07,
            -6.869536268656815e-06,
            -1.2125946484423489e-06,
            -3.43296153979872e-07,
            -1.4854002334709368e-08
        ],
        [
            4.3605795513466426e-07,
            8.887665649959498e-07,
            6.043749436199945e-05,
            3.3955187256459617e-07,
            4.2404300589335e-08,
            5.605091948138951e-07,
            3.1506120738577184e-07,
            -6.8992992102854514e-06
        ],
        [
            -1.9186571068469403e-08,
            2.2228830943727152e-07,
            3.3955187256459617e-07,
            2.893169405039712e-05,
            3.0750651108232004e-07,
            -4.0408189889600255e-08,
            -8.455222620098606e-06,
            1.7132112050416324e-07
        ],
        [
            3.2630039654465153e-06,
            -6.869536268656814e-06,
            4.240430058933502e-08,
            3.075065110823201e-07,
            6.875690151203549e-05,
            7.060796195862552e-07,
            3.5325470001547817e-07,
            4.263465182829076e-07
        ],
        [
            -1.5443507354891864e-07,
            -1.212594648442349e-06,
            5.605091948138951e-07,
            -4.040818988960027e-08,
            7.060796195862553e-07,
            7.858850917152436e-05,
            4.3471572937435223e-07,
            -8.435522794152373e-07
        ],
        [
            -4.817647889233766e-07,
            -3.432961539798721e-07,
            3.150612073857719e-07,
            -8.455222620098608e-06,
            3.532547000154781e-07,
            4.347157293743522e-07,
            7.2706364247743e-05,
            5.151411499622324e-07
        ],
        [
            -7.314250222878496e-08,
            -1.4854002334709381e-08,
            -6.899299210285452e-06,
            1.713211205041632e-07,
            4.263465182829077e-07,
            -8.435522794152373e-07,
            5.151411499622324e-07,
            8.03913724003989e-05
        ]
    ]
}