{
    "bin_index": "bin2",
    "valid": true,
    "converged": true,
    "fmin": 15558.646020147833,
    "status": "Optimization terminated successfully",
    "parameters": {
        "FL": {
            "value": 0.702152222133509,
            "error": 0.009393777248435696,
            "error_low": -0.009393777248435696,
            "error_up": 0.009393777248435696,
            "error_source": "hessian"
        },
        "S3": {
            "value": 0.008177835080153897,
            "error": 0.009023695378205404,
            "error_low": -0.009023695378205404,
            "error_up": 0.009023695378205404,
            "error_source": "hessian"
        },
        "S9": {
            "value": 0.012836953846078171,
            "error": 0.00910977546522724,
            "error_low": -0.00910977546522724,
            "error_up": 0.00910977546522724,
            "error_source": "hessian"
        },
        "AFB": {
            "value": 0.008436432671165676,
            "error": 0.010669100244698986,
            "error_low": -0.010669100244698986,
            "error_up": 0.010669100244698986,
            "error_source": "hessian"
        },
        "S4": {
            "value": -0.22210569506621938,
            "error": 0.0172505139262845,
            "error_low": -0.0172505139262845,
            "error_up": 0.0172505139262845,
            "error_source": "hessian"
        },
        "S7": {
            "value": 0.018070705307928,
            "error": 0.013523679952662774,
            "error_low": -0.013523679952662774,
            "error_up": 0.013523679952662774,
            "error_source": "hessian"
        },
        "S5": {
            "value": 0.0050738212786188164,
            "error": 0.01352084437399752,
            "error_low": -0.01352084437399752,
            "error_up": 0.01352084437399752,
            "error_source": "hessian"
        },
        "S8": {
            "value": -0.03047847700538032,
            "error": 0.017821940434338785,
            "error_low": -0.017821940434338785,
            "error_up": 0.017821940434338785,
            "error_source": "hessian"
        }
    },
    "covariance": [
        [
            8.824305099322813e-05,
            -1.0617155243268572e-06,
            -2.532564924857215e-06,
            -9.163439913332232e-07,
            1.0916443817924284e-05,
            -2.8951714488436505e-07,
            -1.0114456882284038e-06,
            1.032877163275568e-06
        ],
        [
            -1.061715524326857e-06,
            8.142707827864557e-05,
            -4.250196914888157e-07,
            1.5458513179526222e-06,
            -1.4958219776424168e-05,
            -1.9053988559791722e-06,
            2.434392856822281e-06,
            2.016604085125002e-06
        ],
        [
            -2.5325649248572146e-06,
            -4.250196914888157e-07,
            8.298800902685617e-05,
            1.198878529756396e-06,
            -2.3074192325591858e-06,
            -5.965208525486973e-08,
            4.941554665601318e-07,
            -1.3016542888052284e-05
        ],
        [
            -9.16343991333223e-07,
            1.5458513179526222e-06,
            1.198878529756396e-06,
            0.00011382970003143596,
            -1.9872771814070037e-06,
            -2.5033440326940638e-06,
            -2.146551604187311e-05,
            4.866107252799359e-06
        ],
        [
            1.0916443817924281e-05,
            -1.495821977642417e-05,
            -2.3074192325591853e-06,
            -1.9872771814070033e-06,
            0.00029758023072093545,
            5.482125044771488e-06,
            -1.5119988136141579e-06,
            4.53045470804618e-06
        ],
        [
            -2.895171448843651e-07,
            -1.905398855979173e-06,
            -5.96520852548697e-08,
            -2.503344032694064e-06,
            5.482125044771489e-06,
            0.000182889919462053,
            1.047278557949263e-06,
            5.79428429789848e-06
        ],
        [
            -1.0114456882284038e-06,
            2.434392856822281e-06,
            4.941554665601321e-07,
            -2.146551604187311e-05,
            -1.5119988136141577e-06,
            1.047278557949263e-06,
            0.0001828132325858604,
            4.331435097676675e-06
        ],
        [
            1.0328771632755677e-06,
            2.016604085125002e-06,
            -1.3016542888052284e-05,
            4.866107252799358e-06,
            4.53045470804618e-06,
            5.7942842978984816e-06,
            4.331435097676675e-06,
            0.00031762156084511967
        ]
    ]
}