{
    "bin_index": "bin7",
    "valid": true,
    "converged": true,
    "fmin": 9999.99999962945,
    "status": 0,
    "parameters": {
        "rFL_bin7": {
            "value": -0.13106385781756863,
            "error": 0.008494325551062387,
            "error_low": -0.008500573325637133,
            "error_up": 0.008488077776487643,
            "error_source": "minos (custom)"
        },
        "rS3_bin7": {
            "value": -0.25140730906301584,
            "error": 0.023231198548266545,
            "error_low": -0.02333469933510574,
            "error_up": 0.023127697761427354,
            "error_source": "minos (custom)"
        },
        "rS9_bin7": {
            "value": -0.01435830475106898,
            "error": 0.02303371321902161,
            "error_low": -0.02304200913753949,
            "error_up": 0.02302541730050373,
            "error_source": "minos (custom)"
        },
        "rAFB_bin7": {
            "value": -0.005542059769879906,
            "error": 0.010945995691370815,
            "error_low": -0.01094540485285881,
            "error_up": 0.010946586529882818,
            "error_source": "minos (custom)"
        },
        "rS4_bin7": {
            "value": -1.800459580528961,
            "error": 0.2520017672989502,
            "error_low": -0.31049536996638955,
            "error_up": 0.19350816463151088,
            "error_source": "minos (custom)"
        },
        "rS7_bin7": {
            "value": 0.03262915323178857,
            "error": 0.03772255847086313,
            "error_low": -0.035757170893195044,
            "error_up": 0.03968794604853122,
            "error_source": "minos (custom)"
        },
        "rS5_bin7": {
            "value": 0.02559863089855076,
            "error": 0.013857067314164865,
            "error_low": -0.013851063124134618,
            "error_up": 0.01386307150419511,
            "error_source": "minos (custom)"
        },
        "rS8_bin7": {
            "value": 0.0568015403502137,
            "error": 0.03126017617808046,
            "error_low": -0.031193684071392037,
            "error_up": 0.031326668284768884,
            "error_source": "minos (custom)"
        }
    },
    "covariance": [
        [
            7.235792696361971e-05,
            -5.560366034705215e-06,
            -9.951840971393018e-07,
            -2.2567808832746624e-07,
            9.429759077945762e-05,
            -2.0100797458952043e-06,
            -1.4812263399947087e-07,
            -1.3013386922566913e-06
        ],
        [
            -5.560366034705215e-06,
            0.0005411482206325235,
            1.9542138841096254e-07,
            -2.065041164204449e-06,
            -0.002460249684060862,
            7.528249123680516e-05,
            -6.7673028614415935e-06,
            -1.859834949607755e-05
        ],
        [
            -9.951840971393018e-07,
            1.9542138841096254e-07,
            0.0005319073210458912,
            -1.1086876696281623e-07,
            2.6087093308716676e-05,
            7.771436282357173e-06,
            -1.3916360127802477e-06,
            -7.289723589402605e-05
        ],
        [
            -2.2567808832746624e-07,
            -2.065041164204449e-06,
            -1.1086876696281623e-07,
            0.00012014876647629875,
            2.6566322086296337e-05,
            2.719123046848684e-06,
            -2.7435200245076777e-05,
            -2.8828629238467413e-07
        ],
        [
            9.429759077945762e-05,
            -0.002460249684060862,
            2.6087093308716676e-05,
            2.6566322086296337e-05,
            0.05482140241120758,
            -0.0017061977481246534,
            2.0066328438611385e-05,
            0.00017681492372136434
        ],
        [
            -2.0100797458952043e-06,
            7.528249123680516e-05,
            7.771436282357173e-06,
            2.719123046848684e-06,
            -0.0017061977481246534,
            0.0013365404714429585,
            -4.0694291556664117e-07,
            5.429419728678754e-06
        ],
        [
            -1.4812263399947087e-07,
            -6.7673028614415935e-06,
            -1.3916360127802477e-06,
            -2.7435200245076777e-05,
            2.0066328438611385e-05,
            -4.0694291556664117e-07,
            0.0001925288454371011,
            5.473007052293655e-09
        ],
        [
            -1.3013386922566913e-06,
            -1.859834949607755e-05,
            -7.289723589402605e-05,
            -2.8828629238467413e-07,
            0.00017681492372136434,
            5.429419728678754e-06,
            5.473007052293655e-09,
            0.0009791340666200506
        ]
    ]
}