{
    "bin_index": "bin7",
    "valid": true,
    "converged": true,
    "fmin": 9999.99999962945,
    "status": 0,
    "parameters": {
        "FL": {
            "value": 0.434840740685206,
            "error": 0.004180941854365757,
            "error_low": -0.004180941854365757,
            "error_up": 0.004180941854365757,
            "error_source": "delta_method"
        },
        "AFB": {
            "value": -0.0022765194524739965,
            "error": 0.004502588022479991,
            "error_low": -0.004502588022479991,
            "error_up": 0.004502588022479991,
            "error_source": "delta_method"
        },
        "S3": {
            "value": -0.0695827180348168,
            "error": 0.006181937959360268,
            "error_low": -0.006181937959360268,
            "error_up": 0.006181937959360268,
            "error_source": "delta_method"
        },
        "S4": {
            "value": -0.26200187776038014,
            "error": 0.006020017460466938,
            "error_low": -0.006020017460466938,
            "error_up": 0.006020017460466938,
            "error_source": "delta_method"
        },
        "S5": {
            "value": 0.011015105330672643,
            "error": 0.005966793987612979,
            "error_low": -0.005966793987612979,
            "error_up": 0.005966793987612979,
            "error_source": "delta_method"
        },
        "S7": {
            "value": 0.005806399564014675,
            "error": 0.006370882785177498,
            "error_low": -0.006370882785177498,
            "error_up": 0.006370882785177498,
            "error_source": "delta_method"
        },
        "S8": {
            "value": 0.01220640802076834,
            "error": 0.0067076384289771595,
            "error_low": -0.0067076384289771595,
            "error_up": 0.0067076384289771595,
            "error_source": "delta_method"
        },
        "S9": {
            "value": -0.003932162316627424,
            "error": 0.00631514641432696,
            "error_low": -0.00631514641432696,
            "error_up": 0.00631514641432696,
            "error_source": "delta_method"
        }
    },
    "covariance": [
        [
            1.7480274789587374e-05,
            2.6397414467534196e-08,
            1.4267271096007198e-06,
            -1.571984087066458e-07,
            9.79811300207484e-10,
            1.120184693068352e-07,
            -1.0134731955826126e-07,
            -9.670474764154352e-09
        ],
        [
            2.6397414467534183e-08,
            2.0273298900180273e-05,
            -3.0535962931641006e-07,
            2.4060207147228076e-07,
            -4.8534735296695535e-06,
            2.615416104697451e-07,
            -2.8436678858095524e-08,
            -1.6490678073404112e-08
        ],
        [
            1.4267271096007198e-06,
            -3.0535962931641006e-07,
            3.8216356933379386e-05,
            -4.482461054820807e-06,
            2.113132210146546e-07,
            -3.385295524435186e-07,
            1.968209784630975e-08,
            -1.3111994270223346e-07
        ],
        [
            -1.5719840870664584e-07,
            2.4060207147228076e-07,
            -4.4824610548208065e-06,
            3.6240610224326804e-05,
            -1.5399661991170068e-07,
            -4.011975203761453e-08,
            5.728913888585923e-07,
            2.3428837484350142e-07
        ],
        [
            9.798113002074804e-10,
            -4.8534735296695535e-06,
            2.113132210146544e-07,
            -1.5399661991170078e-07,
            3.560263049061439e-05,
            1.3863803460340302e-08,
            -4.706945096369895e-08,
            -1.646864874674872e-07
        ],
        [
            1.1201846930683518e-07,
            2.6154161046974516e-07,
            -3.3852955244351854e-07,
            -4.011975203761269e-08,
            1.3863803460340304e-08,
            4.058814746247099e-05,
            4.1425054500918084e-07,
            4.1942348354452764e-07
        ],
        [
            -1.0134731955826125e-07,
            -2.8436678858095527e-08,
            1.968209784630966e-08,
            5.728913888585923e-07,
            -4.706945096369895e-08,
            4.1425054500918084e-07,
            4.499241329389118e-05,
            -4.281024575094615e-06
        ],
        [
            -9.670474764154352e-09,
            -1.6490678073404115e-08,
            -1.311199427022334e-07,
            2.3428837484350145e-07,
            -1.6468648746748721e-07,
            4.1942348354452764e-07,
            -4.281024575094616e-06,
            3.9881074234386657e-05
        ]
    ]
}