{
    "bin_index": "bin5",
    "valid": true,
    "converged": true,
    "fmin": 50072.84367789226,
    "status": "Optimization terminated successfully",
    "parameters": {
        "FL": {
            "value": 0.5761416445149967,
            "error": 0.005454986338070621,
            "error_low": -0.005454986338070621,
            "error_up": 0.005454986338070621,
            "error_source": "hessian"
        },
        "S3": {
            "value": -0.02279923663077395,
            "error": 0.00780360647618499,
            "error_low": -0.00780360647618499,
            "error_up": 0.00780360647618499,
            "error_source": "hessian"
        },
        "S9": {
            "value": -0.0018002958068958372,
            "error": 0.007816342939958691,
            "error_low": -0.007816342939958691,
            "error_up": 0.007816342939958691,
            "error_source": "hessian"
        },
        "AFB": {
            "value": -0.007308326662377849,
            "error": 0.005328300228029661,
            "error_low": -0.005328300228029661,
            "error_up": 0.005328300228029661,
            "error_source": "hessian"
        },
        "S4": {
            "value": -0.24862784963884885,
            "error": 0.008119396117723752,
            "error_low": -0.008119396117723752,
            "error_up": 0.008119396117723752,
            "error_source": "hessian"
        },
        "S7": {
            "value": -0.005968654370380918,
            "error": 0.0085865695554412,
            "error_low": -0.0085865695554412,
            "error_up": 0.0085865695554412,
            "error_source": "hessian"
        },
        "S5": {
            "value": -0.00459499296034177,
            "error": 0.008319097767821575,
            "error_low": -0.008319097767821575,
            "error_up": 0.008319097767821575,
            "error_source": "hessian"
        },
        "S8": {
            "value": -0.0013166328435496926,
            "error": 0.008706957353063673,
            "error_low": -0.008706957353063673,
            "error_up": 0.008706957353063673,
            "error_source": "hessian"
        }
    },
    "covariance": [
        [
            2.9756875948537125e-05,
            1.4264085250966576e-06,
            1.0631875921888206e-07,
            5.14682617059756e-07,
            2.5250295040426725e-06,
            -2.496346759145161e-07,
            -6.24322723300663e-08,
            -2.5539333883620424e-08
        ],
        [
            1.4264085250966574e-06,
            6.089627403515632e-05,
            5.034709108007674e-07,
            2.6091520816294756e-07,
            -6.793751263268891e-06,
            3.629282063323577e-07,
            -3.7806142893511e-07,
            6.057714559996157e-07
        ],
        [
            1.0631875921888206e-07,
            5.034709108007674e-07,
            6.109521695504208e-05,
            -9.281550925162557e-09,
            -5.909755874281333e-08,
            -6.623838240300182e-08,
            -2.6531408022889034e-07,
            -5.921879088624791e-06
        ],
        [
            5.14682617059756e-07,
            2.609152081629475e-07,
            -9.281550925162569e-09,
            2.8390783320020943e-05,
            -4.1635138293855595e-07,
            -6.701966608991594e-08,
            -7.860540136248961e-06,
            3.491098961924429e-07
        ],
        [
            2.5250295040426725e-06,
            -6.793751263268891e-06,
            -5.9097558742813354e-08,
            -4.1635138293855584e-07,
            6.592459331650752e-05,
            -1.1885270428372765e-07,
            -2.922380216713416e-07,
            7.916181205654471e-07
        ],
        [
            -2.496346759145161e-07,
            3.629282063323576e-07,
            -6.623838240300178e-08,
            -6.701966608991594e-08,
            -1.1885270428372762e-07,
            7.372917673042969e-05,
            2.1545202979364628e-07,
            -7.184778549734992e-07
        ],
        [
            -6.24322723300663e-08,
            -3.7806142893511006e-07,
            -2.653140802288904e-07,
            -7.860540136248964e-06,
            -2.9223802167134163e-07,
            2.154520297936463e-07,
            6.920738767057391e-05,
            -1.3074163589246668e-07
        ],
        [
            -2.553933388362043e-08,
            6.057714559996155e-07,
            -5.921879088624792e-06,
            3.4910989619244295e-07,
            7.916181205654471e-07,
            -7.184778549734992e-07,
            -1.3074163589246665e-07,
            7.581110634806957e-05
        ]
    ]
}