{
    "bin_index": "bin4",
    "valid": true,
    "converged": true,
    "fmin": 9999.999999927048,
    "status": 0,
    "parameters": {
        "rFL_bin4": {
            "value": 0.2348140989315155,
            "error": 0.01186862522432272,
            "error_low": -0.011855730533041038,
            "error_up": 0.011881519915604401,
            "error_source": "minos (custom)"
        },
        "rS3_bin4": {
            "value": -0.16723389767735597,
            "error": 0.04159921453484481,
            "error_low": -0.04182938471964119,
            "error_up": 0.04136904435004843,
            "error_source": "minos (custom)"
        },
        "rr1_bin4": {
            "value": -2.2079583210849094,
            "error": 1.2508725782278132,
            "error_low": -1.7369177224412127,
            "error_up": 0.7648274340144136,
            "error_source": "minos (custom)"
        },
        "a1_bin4": {
            "value": -1.5860408954933263,
            "error": 1.5834657215421934,
            "error_low": -1.5834657215421934,
            "error_up": 1.5834657215421934,
            "error_source": "minos (custom)"
        },
        "rr2_bin4": {
            "value": 1.2794088798073204,
            "error": 0.3048052570401299,
            "error_low": -0.2258618139031283,
            "error_up": 0.3837487001771315,
            "error_source": "minos (custom)"
        },
        "a2_bin4": {
            "value": 3.1147758484073975,
            "error": 0.018189862759027203,
            "error_low": -0.0182190229689423,
            "error_up": 0.01816070254911211,
            "error_source": "minos (custom)"
        },
        "rr3_bin4": {
            "value": -2.1576701842827006,
            "error": 0.9798245498038374,
            "error_low": -1.2634909219628128,
            "error_up": 0.6961581776448621,
            "error_source": "minos (custom)"
        },
        "a3_bin4": {
            "value": -2.311439778910483,
            "error": 2.3438725300046173,
            "error_low": -2.3438725300046173,
            "error_up": 2.3438725300046173,
            "error_source": "minos (custom)"
        }
    },
    "covariance": [
        [
            0.00014126048919978004,
            -7.013786518371344e-06,
            -0.00011713083325395658,
            -1.7602497137553897e-05,
            9.518877164372468e-06,
            -8.339020107285744e-08,
            9.789490149107432e-05,
            -9.222353854281288e-05
        ],
        [
            -7.013786518371344e-06,
            0.00173414798590542,
            -0.0011725153790481703,
            0.00032461585754295857,
            0.006108964841155507,
            1.7248991205389446e-05,
            -0.00041219350620823493,
            -0.00019346591110955115
        ],
        [
            -0.00011713083325395658,
            -0.0011725153790481703,
            3.0162432156777417,
            0.04102277099125553,
            -0.0035603183266721015,
            0.0002560477173653112,
            -0.1939599279035166,
            -0.3607194958673052
        ],
        [
            -1.7602497137553897e-05,
            0.00032461585754295857,
            0.04102277099125553,
            2.5075148069164346,
            -0.0016677547305101023,
            2.1564365673748476e-05,
            0.13341383073140306,
            -0.33488145249984635
        ],
        [
            9.518877164372468e-06,
            0.006108964841155507,
            -0.0035603183266721015,
            -0.0016677547305101023,
            0.07659069396632674,
            0.0002434247530478154,
            0.0007935437275426041,
            0.0009337961598618326
        ],
        [
            -8.339020107285744e-08,
            1.7248991205389446e-05,
            0.0002560477173653112,
            2.1564365673748476e-05,
            0.0002434247530478154,
            0.0003315075910340504,
            -0.0001660471399173591,
            -0.0005051529118770276
        ],
        [
            9.789490149107432e-05,
            -0.00041219350620823493,
            -0.1939599279035166,
            0.13341383073140306,
            0.0007935437275426041,
            -0.0001660471399173591,
            1.5662422120119261,
            1.8303140637095634
        ],
        [
            -9.222353854281288e-05,
            -0.00019346591110955115,
            -0.3607194958673052,
            -0.33488145249984635,
            0.0009337961598618326,
            -0.0005051529118770276,
            1.8303140637095634,
            5.392052816124195
        ]
    ]
}