{
    "bin_index": "bin4",
    "valid": true,
    "converged": true,
    "fmin": 9999.999999927048,
    "status": 0,
    "parameters": {
        "FL": {
            "value": 0.6152957520373223,
            "error": 0.005626667439882988,
            "error_low": -0.005626667439882988,
            "error_up": 0.005626667439882988,
            "error_source": "delta_method"
        },
        "AFB": {
            "value": -5.178656498490549e-05,
            "error": 0.005379140651141196,
            "error_low": -0.005379140651141196,
            "error_up": 0.005379140651141196,
            "error_source": "delta_method"
        },
        "S3": {
            "value": -0.03187123179316751,
            "error": 0.007797567133835629,
            "error_low": -0.007797567133835629,
            "error_up": 0.007797567133835629,
            "error_source": "delta_method"
        },
        "S4": {
            "value": -0.24368891372216184,
            "error": 0.008291657674256266,
            "error_low": -0.008291657674256266,
            "error_up": 0.008291657674256266,
            "error_source": "delta_method"
        },
        "S5": {
            "value": -0.003953909451035554,
            "error": 0.008525332852214046,
            "error_low": -0.008525332852214046,
            "error_up": 0.008525332852214046,
            "error_source": "delta_method"
        },
        "S7": {
            "value": 0.01307305018801664,
            "error": 0.008865027579747506,
            "error_low": -0.008865027579747506,
            "error_up": 0.008865027579747506,
            "error_source": "delta_method"
        },
        "S8": {
            "value": -0.0021623310504815386,
            "error": 0.008971131427398894,
            "error_low": -0.008971131427398894,
            "error_up": 0.008971131427398894,
            "error_source": "delta_method"
        },
        "S9": {
            "value": -0.0022645246871635044,
            "error": 0.0077728712132726675,
            "error_low": -0.0077728712132726675,
            "error_up": 0.0077728712132726675,
            "error_source": "delta_method"
        }
    },
    "covariance": [
        [
            3.1659386479039374e-05,
            -1.8341338665602097e-08,
            2.0016995591787316e-06,
            3.2628040894805233e-06,
            -4.818439686562157e-07,
            -1.5578334468704694e-07,
            -7.393970150457279e-08,
            4.3603698319137475e-07
        ],
        [
            -1.8341338665602097e-08,
            2.893515414475973e-05,
            2.2433450487858e-07,
            3.076446120561288e-07,
            -8.453955204119535e-06,
            -3.937519551891209e-08,
            1.5556396449176613e-07,
            4.632424980938954e-07
        ],
        [
            2.0016995591787316e-06,
            2.2433450487858e-07,
            6.0802053206673596e-05,
            -6.85791233700541e-06,
            -3.435126672203437e-07,
            -1.204300140638589e-06,
            -1.5009357217872025e-08,
            8.902072582862763e-07
        ],
        [
            3.262804089480523e-06,
            3.0764461205612887e-07,
            -6.857912337005401e-06,
            6.875158698705283e-05,
            3.5191587083559783e-07,
            6.723948091556366e-07,
            4.279732749602659e-07,
            4.290234846555095e-08
        ],
        [
            -4.818439686562158e-07,
            -8.453955204119537e-06,
            -3.435126672203437e-07,
            3.5191587083559794e-07,
            7.268130024104007e-05,
            4.340673455224842e-07,
            5.12572058954851e-07,
            2.798314658917537e-07
        ],
        [
            -1.5578334468704692e-07,
            -3.937519551891209e-08,
            -1.2043001406385893e-06,
            6.723948091556373e-07,
            4.3406734552248404e-07,
            7.858871398968393e-05,
            -8.450319243967017e-07,
            5.601744236172569e-07
        ],
        [
            -7.393970150457278e-08,
            1.5556396449176603e-07,
            -1.500935721787209e-08,
            4.2797327496026596e-07,
            5.12572058954851e-07,
            -8.450319243967018e-07,
            8.048119908766411e-05,
            -6.905341415481451e-06
        ],
        [
            4.3603698319137475e-07,
            4.632424980938957e-07,
            8.902072582862763e-07,
            4.290234846555093e-08,
            2.798314658917541e-07,
            5.601744236172569e-07,
            -6.905341415481452e-06,
            6.0417526898122905e-05
        ]
    ]
}