{
    "bin_index": "bin1",
    "valid": true,
    "converged": true,
    "fmin": 9728.81123124979,
    "status": 0,
    "parameters": {
        "FL_bin1": {
            "value": 0.6610460529861952,
            "error": 0.0,
            "error_low": 0.0,
            "error_up": 0.0,
            "error_source": "none"
        },
        "S3_bin1": {
            "value": -0.007477845863152307,
            "error": 0.0,
            "error_low": 0.0,
            "error_up": 0.0,
            "error_source": "none"
        },
        "S9_bin1": {
            "value": -0.004337823575653685,
            "error": 0.0,
            "error_low": 0.0,
            "error_up": 0.0,
            "error_source": "none"
        },
        "AFB_bin1": {
            "value": 0.009116434393004741,
            "error": 0.0,
            "error_low": 0.0,
            "error_up": 0.0,
            "error_source": "none"
        },
        "S4_bin1": {
            "value": 0.017493464299235664,
            "error": 0.0,
            "error_low": 0.0,
            "error_up": 0.0,
            "error_source": "none"
        },
        "S7_bin1": {
            "value": 0.012873920263347634,
            "error": 0.0,
            "error_low": 0.0,
            "error_up": 0.0,
            "error_source": "none"
        },
        "S5_bin1": {
            "value": 0.00930829015024984,
            "error": 0.0,
            "error_low": 0.0,
            "error_up": 0.0,
            "error_source": "none"
        },
        "S8_bin1": {
            "value": -0.02219958534066353,
            "error": 0.0,
            "error_low": 0.0,
            "error_up": 0.0,
            "error_source": "none"
        }
    },
    "covariance": [
        [
            4.490096150547556e-05,
            -7.491728448465568e-07,
            -2.1466698709150124e-07,
            -9.379529320833422e-07,
            -5.366435710902867e-07,
            2.1644301539329635e-07,
            -1.2906935963886553e-07,
            2.635686534974175e-07
        ],
        [
            -7.491728448465568e-07,
            8.699617830511967e-05,
            9.887660649105146e-07,
            -5.045080892818986e-07,
            1.3736142256572358e-06,
            -9.16645041825657e-07,
            2.66948352540053e-07,
            4.808939472738901e-07
        ],
        [
            -2.1466698709150124e-07,
            9.887660649105146e-07,
            8.242672536544956e-05,
            -6.469825107665786e-07,
            -1.625463553780866e-06,
            1.2833023905528587e-06,
            -6.768774288737046e-07,
            1.3246892218968598e-08
        ],
        [
            -9.379529320833422e-07,
            -5.045080892818986e-07,
            -6.469825107665786e-07,
            3.997931223359365e-05,
            2.637617743999325e-07,
            -1.0435309774739516e-06,
            8.752709763672412e-07,
            1.0645979741864313e-06
        ],
        [
            -5.366435710902867e-07,
            1.3736142256572358e-06,
            -1.625463553780866e-06,
            2.637617743999325e-07,
            0.00011946331646704718,
            7.054206360240792e-07,
            -3.106952298822562e-07,
            -7.165089820957573e-07
        ],
        [
            2.1644301539329635e-07,
            -9.16645041825657e-07,
            1.2833023905528587e-06,
            -1.0435309774739516e-06,
            7.054206360240792e-07,
            0.00012072437962444503,
            -1.1610197432155825e-06,
            2.717632306139436e-06
        ],
        [
            -1.2906935963886553e-07,
            2.66948352540053e-07,
            -6.768774288737046e-07,
            8.752709763672412e-07,
            -3.106952298822562e-07,
            -1.1610197432155825e-06,
            0.00011502442689106863,
            7.730729426886986e-07
        ],
        [
            2.635686534974175e-07,
            4.808939472738901e-07,
            1.3246892218968598e-08,
            1.0645979741864313e-06,
            -7.165089820957573e-07,
            2.717632306139436e-06,
            7.730729426886986e-07,
            0.0001258804940572175
        ]
    ]
}