{
    "bin_index": "bin1",
    "valid": true,
    "converged": true,
    "fmin": 7517.539742898516,
    "status": "Optimization terminated successfully",
    "parameters": {
        "FL": {
            "value": 0.6619688824410865,
            "error": 0.013768301758330886,
            "error_low": -0.013768301758330886,
            "error_up": 0.013768301758330886,
            "error_source": "hessian"
        },
        "S3": {
            "value": 0.011461722025468005,
            "error": 0.012595475226271718,
            "error_low": -0.012595475226271718,
            "error_up": 0.012595475226271718,
            "error_source": "hessian"
        },
        "S9": {
            "value": -0.006179064049297806,
            "error": 0.013003038856508808,
            "error_low": -0.013003038856508808,
            "error_up": 0.013003038856508808,
            "error_source": "hessian"
        },
        "AFB": {
            "value": 0.014664606081394657,
            "error": 0.017786216645047828,
            "error_low": -0.017786216645047828,
            "error_up": 0.017786216645047828,
            "error_source": "hessian"
        },
        "S4": {
            "value": -0.0981609243758272,
            "error": 0.029049396397033148,
            "error_low": -0.029049396397033148,
            "error_up": 0.029049396397033148,
            "error_source": "hessian"
        },
        "S7": {
            "value": 0.038233280100592675,
            "error": 0.01913831774469515,
            "error_low": -0.01913831774469515,
            "error_up": 0.01913831774469515,
            "error_source": "hessian"
        },
        "S5": {
            "value": 0.002338209269275077,
            "error": 0.019515600390609112,
            "error_low": -0.019515600390609112,
            "error_up": 0.019515600390609112,
            "error_source": "hessian"
        },
        "S8": {
            "value": -0.02839519120061744,
            "error": 0.029002610609079868,
            "error_low": -0.029002610609079868,
            "error_up": 0.029002610609079868,
            "error_source": "hessian"
        }
    },
    "covariance": [
        [
            0.00018956613330845735,
            2.2626677679524784e-06,
            1.5901948564668803e-06,
            -5.693403035120089e-06,
            1.4970128074305829e-05,
            3.0927312561907386e-06,
            2.0670447649731693e-06,
            -4.330353139297229e-06
        ],
        [
            2.262667767952478e-06,
            0.00015864599617562458,
            6.133265326361689e-06,
            -7.0258238346023586e-06,
            -8.694083816090495e-06,
            -2.254590884574042e-06,
            -1.8178473615930715e-06,
            4.274995109796096e-06
        ],
        [
            1.5901948564668801e-06,
            6.13326532636169e-06,
            0.0001690790195038779,
            7.577805535043885e-06,
            1.3035322348989007e-06,
            1.140210829161603e-06,
            5.320300242156234e-06,
            -1.3798495107182771e-05
        ],
        [
            -5.693403035120087e-06,
            -7.025823834602357e-06,
            7.577805535043885e-06,
            0.00031634950254457643,
            6.797652831030136e-06,
            -2.222116458044206e-06,
            -2.0395744450732058e-05,
            8.744371093682687e-06
        ],
        [
            1.497012807430583e-05,
            -8.694083816090494e-06,
            1.3035322348989007e-06,
            6.797652831030139e-06,
            0.0008438674310319625,
            1.3560897385685158e-05,
            1.810275381127179e-05,
            -2.9766056089156376e-06
        ],
        [
            3.092731256190739e-06,
            -2.2545908845740414e-06,
            1.1402108291616028e-06,
            -2.222116458044206e-06,
            1.3560897385685158e-05,
            0.00036627520609691335,
            -3.67490935393267e-06,
            1.7622320112566698e-05
        ],
        [
            2.0670447649731685e-06,
            -1.8178473615930719e-06,
            5.320300242156235e-06,
            -2.0395744450732054e-05,
            1.8102753811271793e-05,
            -3.674909353932671e-06,
            0.00038085865860594255,
            1.2506368363808688e-05
        ],
        [
            -4.330353139297229e-06,
            4.274995109796095e-06,
            -1.3798495107182771e-05,
            8.744371093682687e-06,
            -2.9766056089156367e-06,
            1.76223201125667e-05,
            1.2506368363808688e-05,
            0.0008411514221419122
        ]
    ]
}