{
    "bin_index": "bin4",
    "valid": true,
    "converged": true,
    "fmin": 8630.88860225107,
    "status": 0,
    "parameters": {
        "rFL_bin4": {
            "value": 0.25197431844241974,
            "error": 0.006477535943971741,
            "error_low": -0.006480498035569846,
            "error_up": 0.006474573852373636,
            "error_source": "minos (custom)"
        },
        "rS3_bin4": {
            "value": -0.08081729826385901,
            "error": 0.022402911307929332,
            "error_low": -0.02241027451047102,
            "error_up": 0.022395548105387648,
            "error_source": "minos (custom)"
        },
        "rS9_bin4": {
            "value": -0.02024518237166757,
            "error": 0.022397078465284593,
            "error_low": -0.02250603754892142,
            "error_up": 0.022288119381647768,
            "error_source": "minos (custom)"
        },
        "rAFB_bin4": {
            "value": 0.004014923307708472,
            "error": 0.010324882370862796,
            "error_low": -0.010330458684630136,
            "error_up": 0.010319306057095457,
            "error_source": "minos (custom)"
        },
        "rS4_bin4": {
            "value": -1.5632484277053647,
            "error": 0.13583365640155354,
            "error_low": -0.1550996040081073,
            "error_up": 0.11656770879499978,
            "error_source": "minos (custom)"
        },
        "rS7_bin4": {
            "value": 0.0243548607072085,
            "error": 0.024254233550608698,
            "error_low": -0.023470786683014624,
            "error_up": 0.02503768041820277,
            "error_source": "minos (custom)"
        },
        "rS5_bin4": {
            "value": -0.0073503940806709175,
            "error": 0.0100739395406368,
            "error_low": -0.010124949335271511,
            "error_up": 0.01002292974600209,
            "error_source": "minos (custom)"
        },
        "rS8_bin4": {
            "value": 0.004130058980635075,
            "error": 0.021122689962473858,
            "error_low": -0.020973668520835403,
            "error_up": 0.021271711404112315,
            "error_source": "minos (custom)"
        }
    },
    "covariance": [
        [
            4.205544063126812e-05,
            -1.1910765117257342e-06,
            -7.0572776131425036e-09,
            -1.470018564986625e-07,
            -4.223597024522297e-06,
            -3.830744642562591e-07,
            -2.378140832925534e-09,
            -6.813751978690942e-07
        ],
        [
            -1.1910765117257342e-06,
            0.0005024841670568657,
            1.5547058966075993e-06,
            -5.361970428039908e-07,
            -0.0015420832553316036,
            3.7494309548613634e-05,
            1.425217215736252e-06,
            -3.0055910610518987e-07
        ],
        [
            -7.0572776131425036e-09,
            1.5547058966075993e-06,
            0.0005026618488641703,
            -8.125815496225572e-07,
            6.938413220538972e-06,
            -3.4204811122054493e-06,
            1.7530337520626707e-06,
            -4.428892011944526e-05
        ],
        [
            -1.470018564986625e-07,
            -5.361970428039908e-07,
            -8.125815496225572e-07,
            0.00010685276823379159,
            4.178356685189167e-06,
            6.60100066194279e-07,
            -1.7438928568046668e-05,
            9.919480645795063e-07
        ],
        [
            -4.223597024522297e-06,
            -0.0015420832553316036,
            6.938413220538972e-06,
            4.178356685189167e-06,
            0.017483367563109257,
            -0.00039341814282914037,
            -6.8896514804315e-06,
            1.3294857142896936e-05
        ],
        [
            -3.830744642562591e-07,
            3.7494309548613634e-05,
            -3.4204811122054493e-06,
            6.60100066194279e-07,
            -0.00039341814282914037,
            0.0005770016700229584,
            5.660265521418063e-07,
            -2.6604702603631775e-06
        ],
        [
            -2.378140832925534e-09,
            1.425217215736252e-06,
            1.7530337520626707e-06,
            -1.7438928568046668e-05,
            -6.8896514804315e-06,
            5.660265521418063e-07,
            0.00010171600042979491,
            1.9878703857728434e-07
        ],
        [
            -6.813751978690942e-07,
            -3.0055910610518987e-07,
            -4.428892011944526e-05,
            9.919480645795063e-07,
            1.3294857142896936e-05,
            -2.6604702603631775e-06,
            1.9878703857728434e-07,
            0.000447043591665239
        ]
    ]
}