{
    "bin_index": "bin4",
    "valid": true,
    "converged": true,
    "fmin": 8630.888602251267,
    "status": 0,
    "parameters": {
        "rFL_bin4": {
            "value": 0.2519743184853889,
            "error": 0.006477535945336702,
            "error_low": -0.006480498079897774,
            "error_up": 0.00647457381077563,
            "error_source": "minos (custom)"
        },
        "rS3_bin4": {
            "value": -0.08081729828039252,
            "error": 0.022402911312369288,
            "error_low": -0.022410274498355174,
            "error_up": 0.0223955481263834,
            "error_source": "minos (custom)"
        },
        "rS9_bin4": {
            "value": -0.02024518240929765,
            "error": 0.022397078469570314,
            "error_low": -0.02250603751552334,
            "error_up": 0.022288119423617293,
            "error_source": "minos (custom)"
        },
        "rAFB_bin4": {
            "value": 0.004014923263465231,
            "error": 0.01032488237281469,
            "error_low": -0.010330458642381848,
            "error_up": 0.010319306103247532,
            "error_source": "minos (custom)"
        },
        "rS4_bin4": {
            "value": -1.5632484261798332,
            "error": 0.1358336564295758,
            "error_low": -0.15509960556763033,
            "error_up": 0.11656770729152124,
            "error_source": "minos (custom)"
        },
        "rS7_bin4": {
            "value": 0.02435486072090905,
            "error": 0.02425423355548982,
            "error_low": -0.0234707867013827,
            "error_up": 0.02503768040959694,
            "error_source": "minos (custom)"
        },
        "rS5_bin4": {
            "value": -0.007350394122167384,
            "error": 0.010073939542415738,
            "error_low": -0.010124949295337688,
            "error_up": 0.010022929789493786,
            "error_source": "minos (custom)"
        },
        "rS8_bin4": {
            "value": 0.004130058855226703,
            "error": 0.021122689966568742,
            "error_low": -0.020973668399535333,
            "error_up": 0.02127171153360215,
            "error_source": "minos (custom)"
        }
    },
    "covariance": [
        [
            4.205544160450456e-05,
            -1.1910736945315155e-06,
            -7.055563723908098e-09,
            -1.4700099188326526e-07,
            -4.2236142608740086e-06,
            -3.8307410075010617e-07,
            -2.379004552307594e-09,
            -6.813769028794753e-07
        ],
        [
            -1.1910736945315155e-06,
            0.0005024841588913804,
            1.5547181356017332e-06,
            -5.36197889441396e-07,
            -0.0015420831884842721,
            3.749433206609438e-05,
            1.4252233401715086e-06,
            -3.00548353997773e-07
        ],
        [
            -7.055563723908098e-09,
            1.5547181356017332e-06,
            0.0005026618498192077,
            -8.12582363004784e-07,
            6.93837241567992e-06,
            -3.420473452344469e-06,
            1.7530383722561835e-06,
            -4.428892002445674e-05
        ],
        [
            -1.4700099188326526e-07,
            -5.36197889441396e-07,
            -8.12582363004784e-07,
            0.00010685276839036399,
            4.178357926050804e-06,
            6.601022773115961e-07,
            -1.7438928198062964e-05,
            9.919472826929316e-07
        ],
        [
            -4.2236142608740086e-06,
            -0.0015420831884842721,
            6.93837241567992e-06,
            4.178357926050804e-06,
            0.017483367170772465,
            -0.00039341823543648685,
            -6.889670849106354e-06,
            1.3294827678350275e-05
        ],
        [
            -3.8307410075010617e-07,
            3.749433206609438e-05,
            -3.420473452344469e-06,
            6.601022773115961e-07,
            -0.00039341823543648685,
            0.0005770016594080113,
            5.660293023708914e-07,
            -2.660475602553005e-06
        ],
        [
            -2.379004552307594e-09,
            1.4252233401715086e-06,
            1.7530383722561835e-06,
            -1.7438928198062964e-05,
            -6.889670849106354e-06,
            5.660293023708914e-07,
            0.000101715998262493,
            1.987914079860379e-07
        ],
        [
            -6.813769028794753e-07,
            -3.00548353997773e-07,
            -4.428892002445674e-05,
            9.919472826929316e-07,
            1.3294827678350275e-05,
            -2.660475602553005e-06,
            1.987914079860379e-07,
            0.0004470435909562491
        ]
    ]
}