{
    "bin_index": "bin4",
    "valid": true,
    "converged": true,
    "fmin": 9797.695666968631,
    "status": 0,
    "parameters": {
        "FL_bin4": {
            "value": 0.6344543400184611,
            "error": 0.00959706513755152,
            "error_low": -0.009668469109053477,
            "error_up": 0.009525661166049566,
            "error_source": "minos (custom)"
        },
        "S3_bin4": {
            "value": -0.006115954634222544,
            "error": 0.013628306413395524,
            "error_low": -0.013684452089357212,
            "error_up": 0.013572160737433836,
            "error_source": "minos (custom)"
        },
        "S9_bin4": {
            "value": 0.0077436116690345475,
            "error": 0.013340152252282167,
            "error_low": -0.013425945865095828,
            "error_up": 0.013254358639468505,
            "error_source": "minos (custom)"
        },
        "AFB_bin4": {
            "value": 0.00760400769031983,
            "error": 0.00900634659715067,
            "error_low": -0.009115454143407538,
            "error_up": 0.0088972390508938,
            "error_source": "minos (custom)"
        },
        "S4_bin4": {
            "value": -0.22600090653989502,
            "error": 0.014367043772983208,
            "error_low": -0.014413783982372934,
            "error_up": 0.01432030356359348,
            "error_source": "minos (custom)"
        },
        "S7_bin4": {
            "value": -0.018747847770574585,
            "error": 0.01514147832670755,
            "error_low": -0.015235243447776011,
            "error_up": 0.015047713205639088,
            "error_source": "minos (custom)"
        },
        "S5_bin4": {
            "value": -0.010377852010337132,
            "error": 0.014836849964956714,
            "error_low": -0.014756928188175273,
            "error_up": 0.014916771741738154,
            "error_source": "minos (custom)"
        },
        "S8_bin4": {
            "value": -0.01505111789802555,
            "error": 0.015415340939361134,
            "error_low": -0.015302560710784747,
            "error_up": 0.01552812116793752,
            "error_source": "minos (custom)"
        }
    },
    "covariance": [
        [
            9.233744038084103e-05,
            1.8946320342947848e-06,
            -1.3535578432045687e-06,
            -1.3641046725412367e-06,
            1.1953558897192457e-05,
            8.435523966434298e-07,
            5.044131489279307e-07,
            1.2690752185148713e-06
        ],
        [
            1.8946320342947848e-06,
            0.00018625903396095772,
            -3.5845848467619413e-07,
            -3.4874676778257623e-06,
            -1.7432243185130574e-05,
            4.6980534010565604e-06,
            8.051814911449556e-07,
            4.882168257031055e-06
        ],
        [
            -1.3535578432045687e-06,
            -3.5845848467619413e-07,
            0.0001784560794413018,
            -1.347876864210453e-06,
            -2.283047655695476e-06,
            -1.2033823026221596e-06,
            -1.0689555981009433e-08,
            -1.810582590595761e-05
        ],
        [
            -1.3641046725412367e-06,
            -3.4874676778257623e-06,
            -1.347876864210453e-06,
            8.13030919485266e-05,
            -5.41895845516337e-07,
            -2.4794208425616637e-06,
            -2.2863726620368354e-05,
            -1.9234400912504794e-06
        ],
        [
            1.1953558897192457e-05,
            -1.7432243185130574e-05,
            -2.283047655695476e-06,
            -5.41895845516337e-07,
            0.0002070885756648666,
            8.458700288333276e-07,
            2.3001861973328647e-06,
            -4.4952437100698575e-06
        ],
        [
            8.435523966434298e-07,
            4.6980534010565604e-06,
            -1.2033823026221596e-06,
            -2.4794208425616637e-06,
            8.458700288333276e-07,
            0.00022983629262685588,
            -5.498671047887349e-07,
            -4.783587315967501e-07
        ],
        [
            5.044131489279307e-07,
            8.051814911449556e-07,
            -1.0689555981009433e-08,
            -2.2863726620368354e-05,
            2.3001861973328647e-06,
            -5.498671047887349e-07,
            0.0002207468442017248,
            1.759670003080552e-06
        ],
        [
            1.2690752185148713e-06,
            4.882168257031055e-06,
            -1.810582590595761e-05,
            -1.9234400912504794e-06,
            -4.4952437100698575e-06,
            -4.783587315967501e-07,
            1.759670003080552e-06,
            0.00023828492978639285
        ]
    ]
}