{
  "nx": 4,
  "ny": 4,
  "coef": [
    -0.008989301228088147,
    0.030979711929532812,
    -0.026364645379848572,
    0.02512653779152218,
    -0.012183884839641782,
    0.0618345533606252,
    -0.05289009844447242,
    0.09126403089333221,
    -0.00998318629648473,
    0.045645427314593985,
    0.004114266937202753,
    0.18175811593894217,
    -0.07243567173114672,
    0.10660823902115232,
    0.043790316721077985,
    0.04949867241677487,
    -0.045983890186272344,
    0.10795214842660987,
    -0.018797128586375174,
    0.03457177846005712,
    -0.00235182858006747,
    0.022960238727811926,
    -0.02943754833687392,
    0.02310084478197936,
    -0.006268950529226546
  ],
  "x_range": [
    -1.0,
    1.0
  ],
  "y_range": [
    -1.0,
    1.0
  ]
}