{
  "nx": 4,
  "ny": 4,
  "coef": [
    6.138856833474759e-05,
    -0.0005970629298184628,
    0.002788947016091393,
    0.002568426658541814,
    -0.0004530388381235037,
    -0.004495979153120288,
    0.0011169440249217952,
    -0.030322609241665147,
    -0.03167401463723619,
    0.0004932457802820775,
    0.10144956728076883,
    0.12260048726053437,
    0.08104584534950102,
    0.17340228644556707,
    0.10202662768008135,
    -0.0068032681123698195,
    -0.016548324190406125,
    0.019866819243707916,
    -0.05685995349009814,
    -0.0003457542628010306,
    0.000299247673024208,
    0.0012099137973765456,
    -0.0023480956223842224,
    0.005139233207133923,
    -0.0003546225299080519
  ],
  "x_range": [
    -1.0,
    1.0
  ],
  "y_range": [
    -1.0,
    1.0
  ]
}