{
  "n": 6,
  "coef": [
    0.028308242361764855,
    0.01892369490649549,
    0.029561348742904284,
    0.023920084042249108,
    0.019239187133595882,
    0.028677144781937888,
    0.02373838680644658
  ],
  "range": [
    -3.141592653589793,
    3.141592653589793
  ]
}