{
  "nx": 4,
  "ny": 4,
  "coef": [
    10.406961189785804,
    -12.61690581210388,
    18.460783962139953,
    0.28403460979253253,
    9.425373428543962,
    7.317468937257053,
    26.97350024917351,
    -4.441829583154875,
    45.27256227113371,
    -20.752207890680623,
    -7.425023455350662,
    -26.620675865726813,
    30.515405662673665,
    -63.129128213224824,
    24.42707477577503,
    21.24899805355217,
    -10.527359113945888,
    34.863056533553774,
    26.024160097946048,
    -14.377005042124374,
    -2.0762339222121153,
    21.97394398785755,
    -7.413527611876563,
    10.679424859072723,
    5.19915637670671
  ],
  "x_range": [
    -1.0,
    1.0
  ],
  "y_range": [
    -1.0,
    1.0
  ]
}