{
  "nx": 4,
  "ny": 4,
  "coef": [
    11.352924841348663,
    -0.3274623387596073,
    20.308042967058817,
    2.546057984663137,
    4.183555108819356,
    -5.0173293981459555,
    34.44136562502025,
    -37.18531936079387,
    36.941377122349834,
    -14.69645402879817,
    14.434376002312787,
    -59.873000254710504,
    91.83283078426211,
    -63.335368696513044,
    25.142080886624516,
    -5.011047326091515,
    48.82122811218275,
    -69.79562840354211,
    55.50996044152778,
    -23.441069726681956,
    13.403838468801819,
    -13.428399435056635,
    47.3035092499572,
    -9.166904384369989,
    10.142679910156405
  ],
  "x_range": [
    -1.0,
    1.0
  ],
  "y_range": [
    -1.0,
    1.0
  ]
}