{
  "n": 6,
  "coef": [
    2.9731329813202048,
    3.503797216607056,
    2.396413599736893,
    4.2421965784933455,
    3.1824298208941264,
    2.59810394353018,
    3.4332465159669483
  ],
  "range": [
    -3.141592653589793,
    3.141592653589793
  ]
}