{
    "bin_index": "bin9",
    "valid": true,
    "converged": true,
    "fmin": 9983.639390491597,
    "status": 0,
    "parameters": {
        "FL": {
            "value": 0.3564129727794506,
            "error": 0.002109350281633656,
            "error_low": -0.002109350281633656,
            "error_up": 0.002109350281633656,
            "error_source": "delta_method"
        },
        "AFB": {
            "value": 0.0014295754142778822,
            "error": 0.0024428663372716005,
            "error_low": -0.0024428663372716005,
            "error_up": 0.0024428663372716005,
            "error_source": "delta_method"
        },
        "S3": {
            "value": -0.14426933870871328,
            "error": 0.0029208687892234952,
            "error_low": -0.0029208687892234952,
            "error_up": 0.0029208687892234952,
            "error_source": "delta_method"
        },
        "S4": {
            "value": -0.2881804685213497,
            "error": 0.0009819874595756992,
            "error_low": -0.0009819874595756992,
            "error_up": 0.0009819874595756992,
            "error_source": "delta_method"
        },
        "S5": {
            "value": -0.00015852782717427961,
            "error": 0.0029199969690978573,
            "error_low": -0.0029199969690978573,
            "error_up": 0.0029199969690978573,
            "error_source": "delta_method"
        },
        "S7": {
            "value": -0.005451578694831445,
            "error": 0.0033656430635380934,
            "error_low": -0.0033656430635380934,
            "error_up": 0.0033656430635380934,
            "error_source": "delta_method"
        },
        "S8": {
            "value": -0.00115908999171365,
            "error": 0.0035076941141629777,
            "error_low": -0.0035076941141629777,
            "error_up": 0.0035076941141629777,
            "error_source": "delta_method"
        },
        "S9": {
            "value": 0.0006009033311523336,
            "error": 0.003352472430231405,
            "error_low": -0.003352472430231405,
            "error_up": 0.003352472430231405,
            "error_source": "delta_method"
        }
    },
    "covariance": [
        [
            4.449358610627984e-06,
            -2.229805372446837e-09,
            8.33631919835105e-07,
            -8.533402110718103e-07,
            1.3932737802445438e-08,
            1.3740433745335973e-10,
            -1.742578417182351e-08,
            1.681771877170081e-08
        ],
        [
            -2.2298053724468367e-09,
            5.967595941774765e-06,
            1.0965946946155224e-08,
            4.0078003710059575e-09,
            -1.5130755151351555e-06,
            -1.2199959061283e-08,
            -5.1204230298410224e-08,
            3.796184660153413e-08
        ],
        [
            8.336319198351051e-07,
            1.0965946946155229e-08,
            8.531474483859926e-06,
            2.4291766514057577e-06,
            2.4849857247609275e-08,
            1.0657996125453484e-07,
            -5.81203628622137e-08,
            -3.345021792240625e-08
        ],
        [
            -8.533402110718104e-07,
            4.007800371005959e-09,
            2.4291766514057577e-06,
            9.642993707639355e-07,
            4.281164031278888e-09,
            -2.2393257974473117e-08,
            -1.404680612578494e-08,
            -1.4292523584605204e-08
        ],
        [
            1.3932737802445438e-08,
            -1.5130755151351553e-06,
            2.4849857247609272e-08,
            4.2811640312788875e-09,
            8.526382299540673e-06,
            -1.5553025261298863e-08,
            -1.7121942555874134e-08,
            6.158363968794526e-08
        ],
        [
            1.3740433745335805e-10,
            -1.2199959061282991e-08,
            1.0657996125453487e-07,
            -2.239325797447468e-08,
            -1.5553025261298856e-08,
            1.1327553231142082e-05,
            8.640767647510113e-08,
            -5.047202287531167e-08
        ],
        [
            -1.742578417182351e-08,
            -5.120423029841023e-08,
            -5.8120362862213693e-08,
            -1.404680612578494e-08,
            -1.7121942555874134e-08,
            8.64076764751011e-08,
            1.2303917998533598e-05,
            -1.3116726081474532e-06
        ],
        [
            1.6817718771700806e-08,
            3.796184660153413e-08,
            -3.345021792240625e-08,
            -1.42925235846052e-08,
            6.158363968794525e-08,
            -5.0472022875311676e-08,
            -1.311672608147453e-06,
            1.1239071395461665e-05
        ]
    ]
}