{
    "bin_index": "bin9",
    "valid": true,
    "converged": true,
    "fmin": 9983.639390491597,
    "status": 0,
    "parameters": {
        "rFL_bin9": {
            "value": -0.2954835819501878,
            "error": 0.004459391082525823,
            "error_low": -0.004335622581801146,
            "error_up": 0.0045831595832505,
            "error_source": "minos (custom)"
        },
        "rS3_bin9": {
            "value": -0.4826068524908019,
            "error": 0.010949878185519978,
            "error_low": -0.011282156840958027,
            "error_up": 0.010617599530081928,
            "error_source": "minos (custom)"
        },
        "u1_bin9": {
            "value": 0.003313347883431382,
            "error": 0.005669465997702548,
            "error_low": -0.005666560924212694,
            "error_up": 0.0056723710711924,
            "error_source": "minos (custom)"
        },
        "v1_bin9": {
            "value": 0.0020890836823318215,
            "error": 0.011366942530032486,
            "error_low": -0.01097686544005355,
            "error_up": 0.011757019620011423,
            "error_source": "minos (custom)"
        },
        "u2_bin9": {
            "value": -8.612061027065232,
            "error": 10.065730799398729,
            "error_low": -1.3879389729347675,
            "error_up": 18.743522625862692,
            "error_source": "minos (custom)"
        },
        "v2_bin9": {
            "value": -0.08145820682198457,
            "error": 0.41359442686142717,
            "error_low": -0.7621664171990776,
            "error_up": 0.0650224365237767,
            "error_source": "minos (custom)"
        },
        "u3_bin9": {
            "value": -0.0004456472007192099,
            "error": 0.007982542860609915,
            "error_low": -0.008262071966053405,
            "error_up": 0.007703013755166426,
            "error_source": "minos (custom)"
        },
        "v3_bin9": {
            "value": -0.006516776510422611,
            "error": 0.01974746822560538,
            "error_low": -0.019727615718381077,
            "error_up": 0.01976732073282968,
            "error_source": "minos (custom)"
        }
    },
    "covariance": [
        [
            2.1140528977274202e-05,
            -1.3882962153839942e-06,
            4.072873517957427e-08,
            1.6022879874371614e-07,
            -0.00021526548342908107,
            -1.5058617795062686e-06,
            8.763228416834097e-08,
            -1.8055186697291494e-07
        ],
        [
            -1.3882962153839942e-06,
            0.00012678346117689745,
            -8.825860193436516e-08,
            -6.240887758653087e-07,
            -0.0012830835664208418,
            -8.824972307926046e-06,
            2.7828611871089473e-07,
            -5.89800498088926e-07
        ],
        [
            4.072873517957427e-08,
            -8.825860193436516e-08,
            3.205725831463385e-05,
            3.078550885914415e-07,
            0.00016500860961746614,
            1.131942365112802e-06,
            -9.858642160843646e-06,
            -6.664838754083877e-07
        ],
        [
            1.6022879874371614e-07,
            -6.240887758653087e-07,
            3.078550885914415e-07,
            0.00013584390648981452,
            0.0010074289704504191,
            6.918720998910422e-06,
            6.01499828119559e-07,
            -2.5641139722571465e-05
        ],
        [
            -0.00021526548342908107,
            -0.0012830835664208418,
            0.00016500860961746614,
            0.0010074289704504191,
            7027.995214013876,
            65.7924061952261,
            0.0002567284364405685,
            -0.0028572183052731795
        ],
        [
            -1.5058617795062686e-06,
            -8.824972307926046e-06,
            1.131942365112802e-06,
            6.918720998910422e-06,
            65.7924061952261,
            0.6183770257942892,
            1.772744502944462e-06,
            -1.972712972372426e-05
        ],
        [
            8.763228416834097e-08,
            2.7828611871089473e-07,
            -9.858642160843646e-06,
            6.01499828119559e-07,
            0.0002567284364405685,
            1.772744502944462e-06,
            6.738100385507159e-05,
            -2.68673366320616e-07
        ],
        [
            -1.8055186697291494e-07,
            -5.89800498088926e-07,
            -6.664838754083877e-07,
            -2.5641139722571465e-05,
            -0.0028572183052731795,
            -1.972712972372426e-05,
            -2.68673366320616e-07,
            0.00038894588636620794
        ]
    ]
}