{
    "bin_index": "bin10",
    "valid": true,
    "converged": true,
    "fmin": 9995.641265497965,
    "status": 0,
    "parameters": {
        "FL": {
            "value": 0.3429541192740669,
            "error": 0.004872358907196774,
            "error_low": -0.004872358907196774,
            "error_up": 0.004872358907196774,
            "error_source": "delta_method"
        },
        "AFB": {
            "value": 0.005028700594736413,
            "error": 0.005642613500953725,
            "error_low": -0.005642613500953725,
            "error_up": 0.005642613500953725,
            "error_source": "delta_method"
        },
        "S3": {
            "value": -0.22116788145477165,
            "error": 0.007328342260310267,
            "error_low": -0.007328342260310267,
            "error_up": 0.007328342260310267,
            "error_source": "delta_method"
        },
        "S4": {
            "value": -0.3008464390720128,
            "error": 0.006562880776060557,
            "error_low": -0.006562880776060557,
            "error_up": 0.006562880776060557,
            "error_source": "delta_method"
        },
        "S5": {
            "value": -0.007259486705248336,
            "error": 0.006516636004009946,
            "error_low": -0.006516636004009946,
            "error_up": 0.006516636004009946,
            "error_source": "delta_method"
        },
        "S7": {
            "value": 0.001564725486057336,
            "error": 0.007880123637966733,
            "error_low": -0.007880123637966733,
            "error_up": 0.007880123637966733,
            "error_source": "delta_method"
        },
        "S8": {
            "value": -0.0008183794428080345,
            "error": 0.008304067828074007,
            "error_low": -0.008304067828074007,
            "error_up": 0.008304067828074007,
            "error_source": "delta_method"
        },
        "S9": {
            "value": -0.003594443167148496,
            "error": 0.007852921402777506,
            "error_low": -0.007852921402777506,
            "error_up": 0.007852921402777506,
            "error_source": "delta_method"
        }
    },
    "covariance": [
        [
            2.3739881320539735e-05,
            -1.2667787564248575e-07,
            4.696970029869054e-06,
            -1.932784129573717e-06,
            -4.234212405049046e-07,
            4.774848017141082e-08,
            1.3041185597527373e-07,
            -3.0382959238369224e-08
        ],
        [
            -1.2667787564248573e-07,
            3.183908712114526e-05,
            4.8822089368775445e-08,
            -3.016396695648702e-08,
            -9.29621492276939e-06,
            -8.831699035250318e-08,
            -3.154306077332432e-07,
            1.636337608065042e-07
        ],
        [
            4.696970029869054e-06,
            4.8822089368775425e-08,
            5.370460028424939e-05,
            -9.785680121449797e-06,
            -9.857029475740188e-08,
            2.7213510058090585e-07,
            -6.090838256056684e-08,
            -9.601774681228413e-07
        ],
        [
            -1.932784129573717e-06,
            -3.0163966956486955e-08,
            -9.785680121449797e-06,
            4.3071404080785225e-05,
            -5.005291784777627e-07,
            -5.673739114639824e-07,
            1.0172820599318681e-07,
            -4.1800267227060354e-07
        ],
        [
            -4.2342124050490465e-07,
            -9.296214922769391e-06,
            -9.857029475740227e-08,
            -5.005291784777626e-07,
            4.2466544808758724e-05,
            -4.0694026186047796e-07,
            4.403634405707075e-07,
            1.5362639587100888e-07
        ],
        [
            4.774848017141083e-08,
            -8.831699035250319e-08,
            2.7213510058090585e-07,
            -5.673739114639824e-07,
            -4.06940261860478e-07,
            6.209634854964205e-05,
            -1.96893872233728e-07,
            -7.084994791703209e-08
        ],
        [
            1.3041185597527373e-07,
            -3.154306077332427e-07,
            -6.090838256056684e-08,
            1.0172820599318681e-07,
            4.4036344057070496e-07,
            -1.96893872233728e-07,
            6.895754249325377e-05,
            -8.042577553703073e-06
        ],
        [
            -3.038295923836926e-08,
            1.636337608065008e-07,
            -9.601774681228415e-07,
            -4.180026722706036e-07,
            1.536263958710093e-07,
            -7.084994791703209e-08,
            -8.042577553703075e-06,
            6.166837455820104e-05
        ]
    ]
}