{
    "bin_index": "bin10",
    "valid": true,
    "converged": true,
    "fmin": 9999.999999984742,
    "status": 0,
    "parameters": {
        "FL": {
            "value": 0.3420893180120018,
            "error": 0.004885396181166863,
            "error_low": -0.004885396181166863,
            "error_up": 0.004885396181166863,
            "error_source": "delta_method"
        },
        "AFB": {
            "value": -0.006855143168340471,
            "error": 0.005659749815862,
            "error_low": -0.005659749815862,
            "error_up": 0.005659749815862,
            "error_source": "delta_method"
        },
        "S3": {
            "value": -0.22100203999724724,
            "error": 0.0072618913980177354,
            "error_low": -0.0072618913980177354,
            "error_up": 0.0072618913980177354,
            "error_source": "delta_method"
        },
        "S4": {
            "value": -0.30597207070481736,
            "error": 0.006440329005361705,
            "error_low": -0.006440329005361705,
            "error_up": 0.006440329005361705,
            "error_source": "delta_method"
        },
        "S5": {
            "value": 0.007134100027140333,
            "error": 0.006475695489768046,
            "error_low": -0.006475695489768046,
            "error_up": 0.006475695489768046,
            "error_source": "delta_method"
        },
        "S7": {
            "value": -0.0024198458851026105,
            "error": 0.007851781109980815,
            "error_low": -0.007851781109980815,
            "error_up": 0.007851781109980815,
            "error_source": "delta_method"
        },
        "S8": {
            "value": -0.0004632895981876579,
            "error": 0.008222999013690203,
            "error_low": -0.008222999013690203,
            "error_up": 0.008222999013690203,
            "error_source": "delta_method"
        },
        "S9": {
            "value": 0.0012315663693254165,
            "error": 0.007817961528702263,
            "error_low": -0.007817961528702263,
            "error_up": 0.007817961528702263,
            "error_source": "delta_method"
        }
    },
    "covariance": [
        [
            2.386709584695977e-05,
            1.3158878021333033e-07,
            4.711406848405438e-06,
            -1.8784863339902306e-06,
            -6.671613383213857e-08,
            -2.648172621176593e-07,
            7.54714680098659e-08,
            -6.24822252889882e-08
        ],
        [
            1.3158878021333038e-07,
            3.203276797814994e-05,
            1.406920176502676e-07,
            7.390419942880032e-08,
            -9.641914694844622e-06,
            4.6725754069475176e-08,
            -1.7494071792097915e-08,
            -1.7519320653140365e-08
        ],
        [
            4.711406848405438e-06,
            1.4069201765026744e-07,
            5.273506667660398e-05,
            -9.551416163181111e-06,
            2.520947426385745e-07,
            -2.2601884965404437e-07,
            -2.3517711694034325e-07,
            5.289899672917682e-07
        ],
        [
            -1.8784863339902304e-06,
            7.390419942880035e-08,
            -9.551416163181114e-06,
            4.1477837697303285e-05,
            -1.275099416456178e-07,
            -9.689137519607998e-07,
            8.120752706488405e-07,
            -8.997966134994379e-08
        ],
        [
            -6.671613383213857e-08,
            -9.641914694844622e-06,
            2.5209474263857414e-07,
            -1.2750994164561794e-07,
            4.193463207620221e-05,
            2.2773816602433024e-07,
            -9.983288551762466e-07,
            -5.461421374133083e-07
        ],
        [
            -2.648172621176593e-07,
            4.672575406947515e-08,
            -2.2601884965404442e-07,
            -9.689137519608e-07,
            2.2773816602433024e-07,
            6.165046659905155e-05,
            -3.3145827172864385e-07,
            5.71112505290197e-07
        ],
        [
            7.54714680098659e-08,
            -1.749407179209781e-08,
            -2.351771169403432e-07,
            8.120752706488406e-07,
            -9.983288551762476e-07,
            -3.314582717286439e-07,
            6.761771277915005e-05,
            -8.22441753471819e-06
        ],
        [
            -6.248222528898821e-08,
            -1.7519320653137824e-08,
            5.289899672917681e-07,
            -8.997966134994384e-08,
            -5.461421374133078e-07,
            5.71112505290197e-07,
            -8.22441753471819e-06,
            6.112052246426861e-05
        ]
    ]
}