{
    "bin_index": "bin10",
    "valid": true,
    "converged": true,
    "fmin": 9999.999999984742,
    "status": 0,
    "parameters": {
        "rFL_bin10": {
            "value": -0.32699865685447077,
            "error": 0.010831516206365447,
            "error_low": -0.010845917353752616,
            "error_up": 0.010817115058978278,
            "error_source": "minos (custom)"
        },
        "rS3_bin10": {
            "value": -0.8140710253411544,
            "error": 0.0381881793053558,
            "error_low": -0.03997299681935429,
            "error_up": 0.0364033617913573,
            "error_source": "minos (custom)"
        },
        "rr1_bin10": {
            "value": -1.9607832402854324,
            "error": 0.6364306581295587,
            "error_low": -0.8680991379731879,
            "error_up": 0.4047621782859295,
            "error_source": "minos (custom)"
        },
        "a1_bin10": {
            "value": 2.878362072331005,
            "error": 1.2377146307698403,
            "error_low": -1.0587712440133294,
            "error_up": 1.4166580175263515,
            "error_source": "minos (custom)"
        },
        "rr2_bin10": {
            "value": 3.019502611851615,
            "error": 2.0916381501886168,
            "error_low": -1.2027789122288481,
            "error_up": 2.980497388148385,
            "error_source": "minos (custom)"
        },
        "a2_bin10": {
            "value": -3.1376383167337374,
            "error": 0.01281500583047064,
            "error_low": -0.012807660854480499,
            "error_up": 0.01282235080646078,
            "error_source": "minos (custom)"
        },
        "rr3_bin10": {
            "value": -1.8024405531158358,
            "error": 0.8535812171269628,
            "error_low": -1.1974498961450342,
            "error_up": 0.5097125381088913,
            "error_source": "minos (custom)"
        },
        "a3_bin10": {
            "value": -0.12915731149346402,
            "error": 1.7451422035921678,
            "error_low": -1.2760975301847366,
            "error_up": 2.214186876999599,
            "error_source": "minos (custom)"
        }
    },
    "covariance": [
        [
            0.0001177949531798766,
            -4.069361345002174e-05,
            3.0871413296819575e-05,
            1.7603060351978712e-05,
            -0.006356866801235591,
            9.074380220213474e-07,
            -1.5212922568175367e-05,
            4.357090764866022e-05
        ],
        [
            -4.069361345002174e-05,
            0.0016044928450949696,
            -0.0005154999183511367,
            -0.0006412441023886914,
            0.09201383684603343,
            6.02234163011895e-07,
            -0.0005480149619165149,
            -0.00037074249575312136
        ],
        [
            3.0871413296819575e-05,
            -0.0005154999183511367,
            0.20230246411128783,
            -0.26810632691094904,
            -0.025229456531841277,
            -2.0854517747262842e-05,
            0.05063684624845279,
            -0.05138605976889711
        ],
        [
            1.7603060351978712e-05,
            -0.0006412441023886914,
            -0.26810632691094904,
            2.5863333673648055,
            -0.03388036536331482,
            0.00019338499390256255,
            0.0023113325519381472,
            0.4710486413634955
        ],
        [
            -0.006356866801235591,
            0.09201383684603343,
            -0.025229456531841277,
            -0.03388036536331482,
            24.15786357199037,
            -0.0013588161516351993,
            -0.01650653232990458,
            -0.1678264316937698
        ],
        [
            9.074380220213474e-07,
            6.02234163011895e-07,
            -2.0854517747262842e-05,
            0.00019338499390256255,
            -0.0013588161516351993,
            0.00016467415448070724,
            -3.702354388049662e-05,
            0.00014552734742040313
        ],
        [
            -1.5212922568175367e-05,
            -0.0005480149619165149,
            0.05063684624845279,
            0.0023113325519381472,
            -0.01650653232990458,
            -3.702354388049662e-05,
            0.23583801269723156,
            -0.30868000009972224
        ],
        [
            4.357090764866022e-05,
            -0.00037074249575312136,
            -0.05138605976889711,
            0.4710486413634955,
            -0.1678264316937698,
            0.00014552734742040313,
            -0.30868000009972224,
            5.142983150640034
        ]
    ]
}