{
    "bin_index": "bin10",
    "valid": true,
    "converged": true,
    "fmin": 9995.641265497965,
    "status": 0,
    "parameters": {
        "rFL_bin10": {
            "value": -0.32507858727703726,
            "error": 0.010797308898022374,
            "error_low": -0.010821352976622371,
            "error_up": 0.010773264819422377,
            "error_source": "minos (custom)"
        },
        "rS3_bin10": {
            "value": -0.8166071647169733,
            "error": 0.04061887014334432,
            "error_low": -0.04164721957499921,
            "error_up": 0.03959052071168943,
            "error_source": "minos (custom)"
        },
        "rr1_bin10": {
            "value": -1.9399891062133447,
            "error": 1.749155937811157,
            "error_low": -3.0400617462769337,
            "error_up": 0.45825012934538034,
            "error_source": "minos (custom)"
        },
        "a1_bin10": {
            "value": -0.8202162775572877,
            "error": 1.7389611133666176,
            "error_low": -1.3881363919805867,
            "error_up": 2.089785834752649,
            "error_source": "minos (custom)"
        },
        "rr2_bin10": {
            "value": 1.9434988003180542,
            "error": 0.498273168915663,
            "error_low": -0.4019585372833001,
            "error_up": 0.5945878005480258,
            "error_source": "minos (custom)"
        },
        "a2_bin10": {
            "value": -3.144193186212997,
            "error": 0.013082597552700002,
            "error_low": -0.013018400917832991,
            "error_up": 0.013146794187567012,
            "error_source": "minos (custom)"
        },
        "rr3_bin10": {
            "value": -1.7842672248922369,
            "error": 0.7741786902026291,
            "error_low": -1.1222211128009112,
            "error_up": 0.4261362676043469,
            "error_source": "minos (custom)"
        },
        "a3_bin10": {
            "value": -2.9198358300132865,
            "error": 1.3704630885696887,
            "error_low": -1.5410254225343245,
            "error_up": 1.1999007546050529,
            "error_source": "minos (custom)"
        }
    },
    "covariance": [
        [
            0.00011688401228580528,
            -4.0691123965645495e-05,
            4.674207895617098e-05,
            -3.723562415883101e-05,
            -0.0007241986773644391,
            -1.3901281441988491e-07,
            5.315035842734673e-05,
            -0.00010363396186377762
        ],
        [
            -4.0691123965645495e-05,
            0.0016497771782772504,
            -0.00015546751552636436,
            -0.0006833501688025347,
            0.011231416155919756,
            -1.929556702965432e-06,
            -0.0007017590158093232,
            0.00016020098980232652
        ],
        [
            4.674207895617098e-05,
            -0.00015546751552636436,
            0.42522937058229054,
            -0.5005937588575363,
            -0.004825310696876015,
            -1.6586675183700937e-06,
            0.012336469715865212,
            -0.1696005317584841
        ],
        [
            -3.723562415883101e-05,
            -0.0006833501688025347,
            -0.5005937588575363,
            1.505241939422929,
            0.0025556663174490317,
            3.1425880458562596e-05,
            0.09586947750116774,
            0.2741771136366482
        ],
        [
            -0.0007241986773644391,
            0.011231416155919756,
            -0.004825310696876015,
            0.0025556663174490317,
            0.36028448243464306,
            -6.505226985795108e-05,
            -0.007665305182668831,
            0.004894817906846883
        ],
        [
            -1.3901281441988491e-07,
            -1.929556702965432e-06,
            -1.6586675183700937e-06,
            3.1425880458562596e-05,
            -6.505226985795108e-05,
            0.0001715052098445992,
            -5.4935092492792297e-05,
            -6.544405508216994e-05
        ],
        [
            5.315035842734673e-05,
            -0.0007017590158093232,
            0.012336469715865212,
            0.09586947750116774,
            -0.007665305182668831,
            -5.4935092492792297e-05,
            0.25863650807089444,
            0.47214549922611276
        ],
        [
            -0.00010363396186377762,
            0.00016020098980232652,
            -0.1696005317584841,
            0.2741771136366482,
            0.004894817906846883,
            -6.544405508216994e-05,
            0.47214549922611276,
            4.770086223316213
        ]
    ]
}