{
    "bin_index": "bin10",
    "valid": true,
    "converged": true,
    "fmin": 8335.159522478054,
    "status": 0,
    "parameters": {
        "FL_bin10": {
            "value": 0.3410432083108755,
            "error": 0.004883134235685815,
            "error_low": -0.004864983207936986,
            "error_up": 0.004901285263434644,
            "error_source": "minos (custom)"
        },
        "S3_bin10": {
            "value": -0.23121399079543098,
            "error": 0.007129595764309021,
            "error_low": -0.007104141871719587,
            "error_up": 0.007155049656898455,
            "error_source": "minos (custom)"
        },
        "S9_bin10": {
            "value": -0.0055971922279272205,
            "error": 0.0077788945526302234,
            "error_low": -0.007794582830373684,
            "error_up": 0.007763206274886763,
            "error_source": "minos (custom)"
        },
        "AFB_bin10": {
            "value": 0.0019992755179139266,
            "error": 0.00567090511775637,
            "error_low": -0.00566016660057474,
            "error_up": 0.005681643634938001,
            "error_source": "minos (custom)"
        },
        "S4_bin10": {
            "value": -0.3096525289063626,
            "error": 0.006185895867841393,
            "error_low": -0.006097407889018512,
            "error_up": 0.006274383846664273,
            "error_source": "minos (custom)"
        },
        "S7_bin10": {
            "value": 0.012783120838153026,
            "error": 0.007867398660727484,
            "error_low": -0.007883229600049302,
            "error_up": 0.007851567721405666,
            "error_source": "minos (custom)"
        },
        "S5_bin10": {
            "value": -0.0035887156080293067,
            "error": 0.006412457547042574,
            "error_low": -0.0064075132189637795,
            "error_up": 0.006417401875121369,
            "error_source": "minos (custom)"
        },
        "S8_bin10": {
            "value": 0.01770055932628747,
            "error": 0.008251077215477503,
            "error_low": -0.00824951173512033,
            "error_up": 0.008252642695834676,
            "error_source": "minos (custom)"
        }
    },
    "covariance": [
        [
            2.3912421796624992e-05,
            5.217518011330926e-06,
            -3.235995541270095e-08,
            -2.562473585942056e-07,
            -2.4720572008532614e-06,
            2.2153593145806392e-08,
            -3.8020444261542925e-07,
            -5.396589817975754e-07
        ],
        [
            5.217518011330926e-06,
            5.0988670236839506e-05,
            -6.96332565140142e-07,
            2.9068286903809995e-07,
            -8.75016845217776e-06,
            -3.9540949735162714e-07,
            -3.110203226867891e-07,
            -1.105291595208958e-07
        ],
        [
            -3.235995541270095e-08,
            -6.96332565140142e-07,
            6.069063371564354e-05,
            3.439843827657118e-07,
            3.581042283603241e-07,
            6.104564472119307e-08,
            7.595926773009428e-08,
            -8.120658867534304e-06
        ],
        [
            -2.562473585942056e-07,
            2.9068286903809995e-07,
            3.439843827657118e-07,
            3.2251149695568265e-05,
            -1.525150354757341e-07,
            4.957539606146994e-07,
            -9.88166958317867e-06,
            5.413884744615832e-07
        ],
        [
            -2.4720572008532614e-06,
            -8.75016845217776e-06,
            3.581042283603241e-07,
            -1.525150354757341e-07,
            3.841581750267694e-05,
            5.363920008186432e-07,
            -1.5164914125955455e-06,
            -1.2290279581369337e-06
        ],
        [
            2.2153593145806392e-08,
            -3.9540949735162714e-07,
            6.104564472119307e-08,
            4.957539606146994e-07,
            5.363920008186432e-07,
            6.20716179522614e-05,
            -7.125000999441078e-07,
            -7.383543401424314e-07
        ],
        [
            -3.8020444261542925e-07,
            -3.110203226867891e-07,
            7.595926773009428e-08,
            -9.88166958317867e-06,
            -1.5164914125955455e-06,
            -7.125000999441078e-07,
            4.123385599700921e-05,
            3.702529179688628e-07
        ],
        [
            -5.396589817975754e-07,
            -1.105291595208958e-07,
            -8.120658867534304e-06,
            5.413884744615832e-07,
            -1.2290279581369337e-06,
            -7.383543401424314e-07,
            3.702529179688628e-07,
            6.827742036848053e-05
        ]
    ]
}