{
    "bin_index": "bin10",
    "valid": true,
    "converged": true,
    "fmin": 26350.122735903762,
    "status": "Optimization terminated successfully",
    "parameters": {
        "FL": {
            "value": 0.3113382861215137,
            "error": 0.007487917428301462,
            "error_low": -0.007487917428301462,
            "error_up": 0.007487917428301462,
            "error_source": "hessian"
        },
        "S3": {
            "value": -0.18868323562842487,
            "error": 0.011636611451416104,
            "error_low": -0.011636611451416104,
            "error_up": 0.011636611451416104,
            "error_source": "hessian"
        },
        "S9": {
            "value": -0.03233129629904162,
            "error": 0.011838395909777108,
            "error_low": -0.011838395909777108,
            "error_up": 0.011838395909777108,
            "error_source": "hessian"
        },
        "AFB": {
            "value": 0.0052678446588241105,
            "error": 0.008711089072488043,
            "error_low": -0.008711089072488043,
            "error_up": 0.008711089072488043,
            "error_source": "hessian"
        },
        "S4": {
            "value": -0.2069746823648935,
            "error": 0.01097779013301417,
            "error_low": -0.01097779013301417,
            "error_up": 0.01097779013301417,
            "error_source": "hessian"
        },
        "S7": {
            "value": -0.005316375537362921,
            "error": 0.011886915466045528,
            "error_low": -0.011886915466045528,
            "error_up": 0.011886915466045528,
            "error_source": "hessian"
        },
        "S5": {
            "value": -0.0016664759486002512,
            "error": 0.010410752943178515,
            "error_low": -0.010410752943178515,
            "error_up": 0.010410752943178515,
            "error_source": "hessian"
        },
        "S8": {
            "value": -0.003667544564991811,
            "error": 0.012219573783692117,
            "error_low": -0.012219573783692117,
            "error_up": 0.012219573783692117,
            "error_source": "hessian"
        }
    },
    "covariance": [
        [
            5.606890741306079e-05,
            7.792738609575714e-06,
            2.4239078066226907e-06,
            -7.675387246374236e-07,
            -4.114433386819383e-06,
            4.031600820351498e-07,
            -6.89410983481045e-07,
            -5.587544254010972e-07
        ],
        [
            7.792738609575712e-06,
            0.0001354107260712284,
            -3.3920236564973673e-06,
            4.424281213341487e-07,
            -1.4125089757659453e-05,
            8.978137591076723e-07,
            -2.1994346479849025e-06,
            -4.00900565527141e-07
        ],
        [
            2.4239078066226903e-06,
            -3.392023656497367e-06,
            0.00014014761771662736,
            -7.419011300554975e-07,
            -5.01348214681223e-07,
            1.0015738054339524e-06,
            1.4424156802245805e-06,
            -1.073079381307597e-05
        ],
        [
            -7.675387246374233e-07,
            4.4242812133414866e-07,
            -7.419011300554975e-07,
            7.588307282882059e-05,
            1.0543834789272834e-06,
            -5.427317872929456e-08,
            -1.3069909821745988e-05,
            -1.6808598127769678e-06
        ],
        [
            -4.114433386819382e-06,
            -1.4125089757659451e-05,
            -5.013482146812229e-07,
            1.0543834789272834e-06,
            0.00012051187620450329,
            8.178856910013908e-07,
            1.0580689587787325e-07,
            2.026512799314725e-06
        ],
        [
            4.031600820351498e-07,
            8.978137591076724e-07,
            1.0015738054339524e-06,
            -5.427317872929455e-08,
            8.178856910013908e-07,
            0.0001412987592969124,
            -5.314502763406439e-07,
            -1.1088530409337668e-06
        ],
        [
            -6.894109834810448e-07,
            -2.1994346479849016e-06,
            1.44241568022458e-06,
            -1.3069909821745986e-05,
            1.0580689587787317e-07,
            -5.314502763406438e-07,
            0.00010838377684390013,
            1.1000972328604141e-06
        ],
        [
            -5.587544254010974e-07,
            -4.0090056552714093e-07,
            -1.073079381307597e-05,
            -1.6808598127769678e-06,
            2.026512799314725e-06,
            -1.1088530409337668e-06,
            1.1000972328604141e-06,
            0.00014931798345509567
        ]
    ]
}