{
    "bin_index": "bin3",
    "valid": true,
    "converged": true,
    "fmin": 9674.007881578891,
    "status": 0,
    "parameters": {
        "rFL_bin3_reco": {
            "value": 0.30936608929541204,
            "error": 0.018806581890707687,
            "error_low": -0.019033552061914757,
            "error_up": 0.018579611719500618,
            "error_source": "minos (custom)"
        },
        "rS3_bin3_reco": {
            "value": -0.10549582837659506,
            "error": 0.04710509979949843,
            "error_low": -0.047093615127668825,
            "error_up": 0.047116584471328035,
            "error_source": "minos (custom)"
        },
        "rS9_bin3_reco": {
            "value": 0.02238135584630549,
            "error": 0.05523074870735091,
            "error_low": -0.05492936671960638,
            "error_up": 0.055532130695095445,
            "error_source": "minos (custom)"
        },
        "rAFB_bin3_reco": {
            "value": 0.08230443865600622,
            "error": 0.03356288173943053,
            "error_low": -0.03395648889831994,
            "error_up": 0.033169274580541135,
            "error_source": "minos (custom)"
        },
        "rS4_bin3_reco": {
            "value": -4.3556265212090475,
            "error": 1.3913643693880617,
            "error_low": -1.0387176578794661,
            "error_up": 1.7440110808966574,
            "error_source": "minos (custom)"
        },
        "rS7_bin3_reco": {
            "value": 2.5692838957682644,
            "error": 15.347264950791864,
            "error_low": -15.347264950791864,
            "error_up": 15.347264950791864,
            "error_source": "minos (custom)"
        },
        "rS5_bin3_reco": {
            "value": -0.010808183670014314,
            "error": 0.027957652156366374,
            "error_low": -0.027974762224879986,
            "error_up": 0.027940542087852762,
            "error_source": "minos (custom)"
        },
        "rS8_bin3_reco": {
            "value": -0.014724186027926809,
            "error": 0.0671279900786883,
            "error_low": -0.06704932072656858,
            "error_up": 0.06720665943080802,
            "error_source": "minos (custom)"
        }
    },
    "covariance": [
        [
            0.0003542282872599541,
            -1.0138448508492585e-05,
            2.015728960038302e-05,
            -5.860178715721345e-06,
            0.00025485922423646877,
            6.024228311781968e-07,
            -5.825007850160617e-06,
            -1.1382220444034828e-05
        ],
        [
            -1.0138448508492585e-05,
            0.002217898485109522,
            -2.6548560276955036e-05,
            5.1023372475208665e-05,
            0.0009422301875555036,
            1.549716571869717e-05,
            3.9935091131943236e-05,
            7.936529161218543e-05
        ],
        [
            2.015728960038302e-05,
            -2.6548560276955036e-05,
            0.0030170979813428926,
            5.548605696442208e-06,
            0.0009001717749945407,
            1.388995365733948e-06,
            1.4490360914281129e-05,
            -0.0003125053834036028
        ],
        [
            -5.860178715721345e-06,
            5.1023372475208665e-05,
            5.548605696442208e-06,
            0.0011279784751570797,
            0.0001520101290291763,
            2.7664300589972106e-07,
            -0.00015113153799521157,
            -4.27210080068733e-06
        ],
        [
            0.00025485922423646877,
            0.0009422301875555036,
            0.0009001717749945407,
            0.0001520101290291763,
            1.048231033072371,
            -0.05384123620664828,
            0.0004599511248258104,
            0.00033501663070793775
        ],
        [
            6.024228311781968e-07,
            1.549716571869717e-05,
            1.388995365733948e-06,
            2.7664300589972106e-07,
            -0.05384123620664828,
            45.85758689660511,
            7.431381735007697e-07,
            6.579051766770675e-07
        ],
        [
            -5.825007850160617e-06,
            3.9935091131943236e-05,
            1.4490360914281129e-05,
            -0.00015113153799521157,
            0.0004599511248258104,
            7.431381735007697e-07,
            0.0007806674299138933,
            2.114743889211353e-05
        ],
        [
            -1.1382220444034828e-05,
            7.936529161218543e-05,
            -0.0003125053834036028,
            -4.27210080068733e-06,
            0.00033501663070793775,
            6.579051766770675e-07,
            2.114743889211353e-05,
            0.0044988084985470266
        ]
    ]
}