{
    "bin_index": "bin4",
    "valid": true,
    "converged": true,
    "fmin": 9999.999999999061,
    "status": 0,
    "parameters": {
        "FL": {
            "value": 0.6172723809917792,
            "error": 0.0055863834655646444,
            "error_low": -0.0055863834655646444,
            "error_up": 0.0055863834655646444,
            "error_source": "delta_method"
        },
        "AFB": {
            "value": -0.00485911795505505,
            "error": 0.005335092874936389,
            "error_low": -0.005335092874936389,
            "error_up": 0.005335092874936389,
            "error_source": "delta_method"
        },
        "S3": {
            "value": -0.017111947829241567,
            "error": 0.007785253589885757,
            "error_low": -0.007785253589885757,
            "error_up": 0.007785253589885757,
            "error_source": "delta_method"
        },
        "S4": {
            "value": -0.23827059852857427,
            "error": 0.008248978992147963,
            "error_low": -0.008248978992147963,
            "error_up": 0.008248978992147963,
            "error_source": "delta_method"
        },
        "S5": {
            "value": 0.008202140878973288,
            "error": 0.008462305439943012,
            "error_low": -0.008462305439943012,
            "error_up": 0.008462305439943012,
            "error_source": "delta_method"
        },
        "S7": {
            "value": 0.0034778828548088373,
            "error": 0.00876606615310926,
            "error_low": -0.00876606615310926,
            "error_up": 0.00876606615310926,
            "error_source": "delta_method"
        },
        "S8": {
            "value": -0.010654823063050647,
            "error": 0.00890157763823109,
            "error_low": -0.00890157763823109,
            "error_up": 0.00890157763823109,
            "error_source": "delta_method"
        },
        "S9": {
            "value": -0.0011395380764778408,
            "error": 0.007666857781534943,
            "error_low": -0.007666857781534943,
            "error_up": 0.007666857781534943,
            "error_source": "delta_method"
        }
    },
    "covariance": [
        [
            3.120768022433405e-05,
            2.1383348420611058e-07,
            1.052710006343649e-06,
            3.265468482990748e-06,
            -4.805170340554691e-07,
            -2.3887958329350757e-08,
            -6.38370914662599e-08,
            7.312932986069912e-08
        ],
        [
            2.1383348420611053e-07,
            2.8463215984197024e-05,
            -4.1113611782506595e-07,
            8.18830980765199e-07,
            -8.089249801478054e-06,
            -2.8699417032636247e-07,
            -9.107457521982949e-08,
            -2.709655381317486e-07
        ],
        [
            1.0527100063436493e-06,
            -4.111361178250659e-07,
            6.0610173458829064e-05,
            -7.1581078757409344e-06,
            4.4150415337723317e-07,
            -8.490627998983135e-07,
            1.7371872527628328e-07,
            9.703073785097189e-08
        ],
        [
            3.265468482990748e-06,
            8.188309807651989e-07,
            -7.158107875740933e-06,
            6.804565441289843e-05,
            -1.9699705236816602e-07,
            -3.5623280853973583e-07,
            -1.3830483785885614e-06,
            -1.668320423513252e-07
        ],
        [
            -4.805170340554691e-07,
            -8.089249801478056e-06,
            4.415041533772331e-07,
            -1.9699705236816613e-07,
            7.16106133588891e-05,
            -4.468627181148069e-07,
            -3.5027677572555994e-07,
            -3.2909682531442887e-07
        ],
        [
            -2.3887958329350757e-08,
            -2.869941703263625e-07,
            -8.490627998983133e-07,
            -3.5623280853973705e-07,
            -4.468627181148069e-07,
            7.684391580068779e-05,
            -6.167439765582896e-08,
            3.4786207263802994e-07
        ],
        [
            -6.383709146625986e-08,
            -9.107457521982951e-08,
            1.7371872527628317e-07,
            -1.3830483785885618e-06,
            -3.5027677572555994e-07,
            -6.167439765582896e-08,
            7.92380844494558e-05,
            -6.034067386293634e-06
        ],
        [
            7.312932986069914e-08,
            -2.7096553813174863e-07,
            9.70307378509719e-08,
            -1.668320423513252e-07,
            -3.2909682531442887e-07,
            3.478620726380299e-07,
            -6.034067386293634e-06,
            5.87807082422829e-05
        ]
    ]
}