{
    "bin_index": "bin4",
    "valid": true,
    "converged": true,
    "fmin": 9999.999999999061,
    "status": 0,
    "parameters": {
        "rFL_bin4": {
            "value": 0.23899341405957883,
            "error": 0.011806578835010736,
            "error_low": -0.01179328337529202,
            "error_up": 0.01181987429472945,
            "error_source": "minos (custom)"
        },
        "rS3_bin4": {
            "value": -0.08966051459117133,
            "error": 0.040956398495727075,
            "error_low": -0.041070318323321225,
            "error_up": 0.04084247866813292,
            "error_source": "minos (custom)"
        },
        "rS9_bin4": {
            "value": -0.005978848139159854,
            "error": 0.04018692188092647,
            "error_low": -0.04019661571706743,
            "error_up": 0.040177228044785504,
            "error_source": "minos (custom)"
        },
        "rAFB_bin4": {
            "value": -0.01699805679770644,
            "error": 0.018640689040548268,
            "error_low": -0.018643568432814436,
            "error_up": 0.0186378096482821,
            "error_source": "minos (custom)"
        },
        "rS4_bin4": {
            "value": -1.732343691212171,
            "error": 0.3882246145521857,
            "error_low": -0.5224345612806056,
            "error_up": 0.25401466782376575,
            "error_source": "minos (custom)"
        },
        "rS7_bin4": {
            "value": 0.019988797227189922,
            "error": 0.05416753183763857,
            "error_low": -0.05135099347811294,
            "error_up": 0.05698407019716419,
            "error_source": "minos (custom)"
        },
        "rS5_bin4": {
            "value": 0.01768603047332779,
            "error": 0.018229976550321526,
            "error_low": -0.018222299240939436,
            "error_up": 0.01823765385970362,
            "error_source": "minos (custom)"
        },
        "rS8_bin4": {
            "value": -0.04598413094080638,
            "error": 0.03846302524404069,
            "error_low": -0.038554968265842995,
            "error_up": 0.038371082222238374,
            "error_source": "minos (custom)"
        }
    },
    "covariance": [
        [
            0.00013978745488335754,
            -3.819612053274851e-06,
            -2.2178873811588486e-07,
            -1.3563642069379617e-06,
            -1.6303046518556717e-05,
            6.363051398559002e-07,
            -1.5765520446287993e-06,
            -2.188221734119054e-06
        ],
        [
            -3.819612053274851e-06,
            0.001681015096666883,
            3.5184280369822195e-06,
            -5.117787368700396e-06,
            -0.007392471213264136,
            0.00012844274993553006,
            -1.095367394509896e-05,
            4.62356757611394e-05
        ],
        [
            -2.2178873811588486e-07,
            3.5184280369822195e-06,
            0.00161820144242833,
            -4.815719544533152e-06,
            -4.410292422439292e-05,
            1.1340557177794738e-05,
            -3.7398788813663667e-06,
            -0.00013673036571901752
        ],
        [
            -1.3563642069379617e-06,
            -5.117787368700396e-06,
            -4.815719544533152e-06,
            0.0003484202328704316,
            0.00011031625569795381,
            -7.929480350201525e-06,
            -6.0944472700046706e-05,
            -1.4368310857950617e-06
        ],
        [
            -1.6303046518556717e-05,
            -0.007392471213264136,
            -4.410292422439292e-05,
            0.00011031625569795381,
            0.10755172025994299,
            -0.0020620425761310526,
            4.191557617843947e-05,
            -0.00039909087021627664
        ],
        [
            6.363051398559002e-07,
            0.00012844274993553006,
            1.1340557177794738e-05,
            -7.929480350201525e-06,
            -0.0020620425761310526,
            0.0025789007383430476,
            -6.188659428910115e-06,
            5.73691494672567e-06
        ],
        [
            -1.5765520446287993e-06,
            -1.095367394509896e-05,
            -3.7398788813663667e-06,
            -6.0944472700046706e-05,
            4.191557617843947e-05,
            -6.188659428910115e-06,
            0.0003331316813665614,
            -3.835135122912963e-06
        ],
        [
            -2.188221734119054e-06,
            4.62356757611394e-05,
            -0.00013673036571901752,
            -1.4368310857950617e-06,
            -0.00039909087021627664,
            5.73691494672567e-06,
            -3.835135122912963e-06,
            0.0014813639294279234
        ]
    ]
}