{
  "nx": 5,
  "ny": 5,
  "coef": [
    0.00227449622238355,
    0.012855706491918261,
    2.0005017801309843e-05,
    0.0006624001293692581,
    0.007631290664745644,
    0.0019322084525616892,
    -0.0034689445172938955,
    -0.08473297452440075,
    0.0069994151108472204,
    -0.025153345849591887,
    -0.03043789685311903,
    -0.01787177554075385,
    0.022248044974273164,
    0.21914086719819514,
    -0.04369172752338535,
    0.23950195478671094,
    -0.05979430387266093,
    0.10101371260073293,
    0.11796517114846124,
    -0.07063442232792033,
    0.20098085476157182,
    -0.12928692947176568,
    0.26349647095029494,
    0.03484063362892811,
    -0.03196017391876442,
    0.004541357354648012,
    -0.030590456946460617,
    0.03116798432340485,
    -0.10023310596968661,
    -0.006451192492812448,
    0.0046997961928978175,
    0.00016917526604758062,
    0.002886886812928584,
    -0.004528237972125523,
    0.01685854023902068,
    0.0006611011981957137
  ],
  "x_range": [
    -1.0,
    1.0
  ],
  "y_range": [
    -1.0,
    1.0
  ]
}