{
  "n": 4,
  "coef": [
    0.022394795956916628,
    0.019797464225733776,
    0.02181630611862728,
    0.02026675218360474,
    0.0215272169644105
  ],
  "range": [
    -3.141592653589793,
    3.141592653589793
  ]
}