{
  "nx": 5,
  "ny": 5,
  "coef": [
    0.0028892553017941637,
    0.014347180510563972,
    -0.004781722131194413,
    0.005770020477293537,
    0.005764563886075068,
    0.0026550948595700373,
    -0.005623441414685278,
    -0.09648296387264955,
    0.037863648773787416,
    -0.05542995941594999,
    -0.018571358001816366,
    -0.022300421052861324,
    0.019483442836867534,
    0.26834581814533454,
    -0.1365893686152808,
    0.30869828327692245,
    -0.09018497059918457,
    0.10992851767965348,
    0.11998058145908844,
    -0.10664166928929308,
    0.2696078576492871,
    -0.18510207023209177,
    0.29404739325601187,
    0.025224128656071182,
    -0.030678393326470748,
    0.01022764608969892,
    -0.046361865496259314,
    0.05105342655139895,
    -0.113412793075476,
    -0.0023334943869475822,
    0.004385349270809838,
    -0.00042650763095131313,
    0.005093898056364866,
    -0.007852341128408545,
    0.019170917063883974,
    -5.950908201867659e-05
  ],
  "x_range": [
    -1.0,
    1.0
  ],
  "y_range": [
    -1.0,
    1.0
  ]
}