{
  "n": 4,
  "coef": [
    0.021476625638644876,
    0.020602893894410796,
    0.021532061590530675,
    0.020900035634077534,
    0.021144685268920833
  ],
  "range": [
    -3.141592653589793,
    3.141592653589793
  ]
}