{
  "nx": 5,
  "ny": 5,
  "coef": [
    0.0023955193354152,
    0.01237541447543861,
    0.0006026589495718999,
    0.0004769148459891345,
    0.008002671506830851,
    0.001615789566937609,
    -0.004004518123815441,
    -0.08253546248347601,
    0.004701937175219791,
    -0.025104468386591975,
    -0.03201628334892987,
    -0.016250589916475905,
    0.0216110038838604,
    0.21961079205565956,
    -0.04855370448951431,
    0.2494062388617562,
    -0.06151515952057973,
    0.09910609592567493,
    0.12008433470576077,
    -0.07327620917138672,
    0.2086108496902932,
    -0.1431101273274872,
    0.26840093373295637,
    0.03494494120971466,
    -0.032719904405308725,
    0.005430627017134743,
    -0.03266540903284661,
    0.035268835535903216,
    -0.10199877317714093,
    -0.006216835860932391,
    0.00482542778232604,
    2.537060939429491e-05,
    0.003197764811538419,
    -0.005166559629902977,
    0.017151111232514837,
    0.0006097212890306212
  ],
  "x_range": [
    -1.0,
    1.0
  ],
  "y_range": [
    -1.0,
    1.0
  ]
}