{
  "n": 4,
  "coef": [
    0.022399541612309573,
    0.01966962405961594,
    0.022206580306339173,
    0.019967408956558467,
    0.021592558385552747
  ],
  "range": [
    -3.141592653589793,
    3.141592653589793
  ]
}