{
  "n": 4,
  "coef": [
    0.12793961055816924,
    0.10892367713466983,
    0.14920610681549898,
    0.10622635558953954,
    0.13185013079809305
  ],
  "range": [
    -3.141592653589793,
    3.141592653589793
  ]
}