{
  "nx": 5,
  "ny": 5,
  "coef": [
    0.3394190549633488,
    -0.29323394404968434,
    0.946296589718593,
    -0.741200189371424,
    0.19617376605521786,
    0.20754976830969324,
    -0.13607656288391978,
    1.079107328579589,
    -1.5321542424755485,
    2.4810727068803544,
    0.025841504726256737,
    -0.2185727523872425,
    0.5746397536629609,
    -1.1428432932615498,
    2.1583033304279393,
    -1.9136551066335494,
    -0.07963928442097408,
    0.3043456464147325,
    -0.4591308535894767,
    0.8823700242455815,
    -0.9049141643090332,
    1.0094383433034284,
    0.7473373110380351,
    -0.3405096502759572,
    0.6797185746673605,
    -0.12988990009479207,
    0.08696648387476898,
    1.4124263658584493,
    -1.303724295870076,
    0.4121985350199347,
    -0.0024219512185229266,
    -0.3486164553857197,
    1.5764715653163857,
    -2.082908984902172,
    2.041771167588079,
    -0.3912176449417461
  ],
  "x_range": [
    -1.0,
    1.0
  ],
  "y_range": [
    -1.0,
    1.0
  ]
}