{
  "nx": 5,
  "ny": 5,
  "coef": [
    0.8761009459326167,
    -1.177803851425383,
    0.1634128525954182,
    0.6296237084342751,
    -0.4420792732507969,
    0.32292996068814656,
    -1.3749609661792976,
    4.0592236591563156,
    0.1191010925237086,
    -0.984977362888163,
    2.249370542449505,
    -0.6498916001112118,
    2.8240370308060547,
    -6.4240876891765195,
    -0.5168721362893219,
    5.0970457083987,
    -4.4579704110310425,
    1.2002703692710333,
    -3.167858734108212,
    7.478697175346252,
    2.996547504930518,
    -8.686081355175752,
    6.897545529812057,
    -1.5961580395553543,
    3.3596829070841587,
    -6.446857818807063,
    -3.402206824191026,
    11.253547370148551,
    -7.409471258564352,
    1.6779582792364525,
    -1.7697386461173423,
    4.202283023352081,
    3.9494055216399935,
    -8.79266565739882,
    6.479238685031935,
    -1.2891015130128205
  ],
  "x_range": [
    -1.0,
    1.0
  ],
  "y_range": [
    -1.0,
    1.0
  ]
}