{
  "nx": 5,
  "ny": 5,
  "coef": [
    0.23482549688450066,
    0.19462508542574247,
    0.21728418262556898,
    -0.49182583574451405,
    0.3774125457372217,
    0.07772194656157502,
    -0.10265145996553449,
    0.9363555330550257,
    -1.094302295127582,
    2.3884260188157236,
    -0.33619836700485983,
    -0.03503232795861906,
    0.6252964035054233,
    -1.4184002787594634,
    2.039425474582277,
    -1.7697461454081793,
    0.19955605360015277,
    0.15878335958397338,
    -0.44983556318723444,
    0.9663864534838275,
    -0.18583370150244868,
    -0.059864042779447464,
    1.0447278374501252,
    -0.365547652965354,
    0.6275036688558068,
    -0.03056461331060386,
    -0.7820089685982559,
    2.707432142015845,
    -1.8639727391800893,
    0.5342878768111834,
    0.04981169107211893,
    -0.4582373838434782,
    2.0994610034229138,
    -2.8586213154358053,
    2.456306942710887,
    -0.48689503568875003
  ],
  "x_range": [
    -1.0,
    1.0
  ],
  "y_range": [
    -1.0,
    1.0
  ]
}