{
  "n": 4,
  "coef": [
    0.1291441021308225,
    0.1085973467067084,
    0.15042429055822376,
    0.1035643101386322,
    0.13287824158812372
  ],
  "range": [
    -3.141592653589793,
    3.141592653589793
  ]
}