{
  "n": 4,
  "coef": [
    0.16527480756510599,
    0.1402431552692857,
    0.1962168953187113,
    0.13846133545419365,
    0.1701294239119692
  ],
  "range": [
    -3.141592653589793,
    3.141592653589793
  ]
}