{
    "bin_index": "bin5",
    "valid": true,
    "converged": true,
    "fmin": 50541.31492576807,
    "status": "Optimization terminated successfully",
    "parameters": {
        "FL": {
            "value": 0.5815095796184946,
            "error": 0.005469579840096869,
            "error_low": -0.005469579840096869,
            "error_up": 0.005469579840096869,
            "error_source": "hessian"
        },
        "S3": {
            "value": -0.009772614054293374,
            "error": 0.007661750196513577,
            "error_low": -0.007661750196513577,
            "error_up": 0.007661750196513577,
            "error_source": "hessian"
        },
        "S9": {
            "value": -0.005036804878512832,
            "error": 0.0076578604799861245,
            "error_low": -0.0076578604799861245,
            "error_up": 0.0076578604799861245,
            "error_source": "hessian"
        },
        "AFB": {
            "value": 0.002464054373723577,
            "error": 0.005355682281432975,
            "error_low": -0.005355682281432975,
            "error_up": 0.005355682281432975,
            "error_source": "hessian"
        },
        "S4": {
            "value": -0.24800099903286216,
            "error": 0.008150790955160022,
            "error_low": -0.008150790955160022,
            "error_up": 0.008150790955160022,
            "error_source": "hessian"
        },
        "S7": {
            "value": 0.0062550777043363015,
            "error": 0.008449978948309216,
            "error_low": -0.008449978948309216,
            "error_up": 0.008449978948309216,
            "error_source": "hessian"
        },
        "S5": {
            "value": 0.006217723040119482,
            "error": 0.008197882476250853,
            "error_low": -0.008197882476250853,
            "error_up": 0.008197882476250853,
            "error_source": "hessian"
        },
        "S8": {
            "value": -0.005910779483620293,
            "error": 0.00876649403340227,
            "error_low": -0.00876649403340227,
            "error_up": 0.00876649403340227,
            "error_source": "hessian"
        }
    },
    "covariance": [
        [
            2.9916303627194092e-05,
            5.804123822460233e-07,
            1.1570357704001773e-08,
            -2.71511694674767e-07,
            1.4884851600144112e-06,
            1.5761223196807323e-07,
            -2.2194879281231895e-07,
            3.115993087995203e-07
        ],
        [
            5.804123822460235e-07,
            5.8702416073775844e-05,
            4.68809085838182e-07,
            -7.68559528369064e-08,
            -6.048292487286428e-06,
            -3.56747558550064e-08,
            1.3366512562449484e-07,
            2.1198386246567275e-07
        ],
        [
            1.1570357704001784e-08,
            4.688090858381821e-07,
            5.864282713093331e-05,
            -1.0606082443437436e-07,
            -4.3013660270712314e-07,
            4.554598775009629e-07,
            2.883809666399105e-07,
            -6.702780333388238e-06
        ],
        [
            -2.71511694674767e-07,
            -7.685595283690642e-08,
            -1.0606082443437436e-07,
            2.8683332699655114e-05,
            6.418170536091213e-07,
            -3.389689897026685e-07,
            -7.231914260603133e-06,
            3.3288145224171147e-07
        ],
        [
            1.488485160014411e-06,
            -6.04829248728643e-06,
            -4.3013660270712314e-07,
            6.418170536091212e-07,
            6.643539319471843e-05,
            1.2688829968021813e-06,
            8.607566513410883e-08,
            -1.3470991914681656e-06
        ],
        [
            1.5761223196807317e-07,
            -3.5674755855006404e-08,
            4.554598775009629e-07,
            -3.389689897026686e-07,
            1.268882996802181e-06,
            7.140214422686894e-05,
            -7.78854666188424e-07,
            3.152496749153956e-07
        ],
        [
            -2.2194879281231898e-07,
            1.3366512562449487e-07,
            2.883809666399104e-07,
            -7.231914260603133e-06,
            8.607566513410887e-08,
            -7.78854666188424e-07,
            6.72052770944208e-05,
            1.2281371102114286e-06
        ],
        [
            3.1159930879952026e-07,
            2.1198386246567275e-07,
            -6.7027803333882385e-06,
            3.328814522417115e-07,
            -1.3470991914681652e-06,
            3.1524967491539555e-07,
            1.2281371102114284e-06,
            7.68514176376776e-05
        ]
    ]
}