{
    "bin_index": "bin1",
    "valid": true,
    "converged": true,
    "fmin": 9999.999999998505,
    "status": 0,
    "parameters": {
        "rFL_bin1": {
            "value": 0.371390216833621,
            "error": 0.01422409832246461,
            "error_low": -0.01419187733245356,
            "error_up": 0.01425631931247566,
            "error_source": "minos (custom)"
        },
        "rS3_bin1": {
            "value": 0.006346927509206687,
            "error": 0.05199903883924402,
            "error_low": -0.051982937698727964,
            "error_up": 0.05201513997976007,
            "error_source": "minos (custom)"
        },
        "rS9_bin1": {
            "value": -0.053295289798927954,
            "error": 0.052872320590579995,
            "error_low": -0.05300696906847685,
            "error_up": 0.05273767211268314,
            "error_source": "minos (custom)"
        },
        "rAFB_bin1": {
            "value": -0.010184773321521096,
            "error": 0.024098866336453376,
            "error_low": -0.02410708047445156,
            "error_up": 0.02409065219845519,
            "error_source": "minos (custom)"
        },
        "rS4_bin1": {
            "value": 0.12550281880120534,
            "error": 0.04448316654240089,
            "error_low": -0.044163248002536445,
            "error_up": 0.04480308508226535,
            "error_source": "minos (custom)"
        },
        "rS7_bin1": {
            "value": 0.02760249576438588,
            "error": 0.021818861509814404,
            "error_low": -0.021796016337214723,
            "error_up": 0.021841706682414086,
            "error_source": "minos (custom)"
        },
        "rS5_bin1": {
            "value": -0.022400608702251593,
            "error": 0.021470897751196677,
            "error_low": -0.02148304266433341,
            "error_up": 0.02145875283805995,
            "error_source": "minos (custom)"
        },
        "rS8_bin1": {
            "value": -0.04358509345376032,
            "error": 0.044308246987052095,
            "error_low": -0.04442123774591982,
            "error_up": 0.04419525622818437,
            "error_source": "minos (custom)"
        }
    },
    "covariance": [
        [
            0.0002028908445387813,
            4.2484970825661325e-06,
            -1.303436043001713e-05,
            -4.4440440524654246e-06,
            7.042416720731292e-06,
            3.540932421521444e-06,
            -1.358142377635617e-06,
            3.0824064661426915e-06
        ],
        [
            4.2484970825661325e-06,
            0.0027076921122901705,
            -3.7920413856237084e-05,
            -2.3699967585700782e-05,
            0.00017681361600471932,
            2.8699196346488805e-05,
            1.5097300265151176e-05,
            7.155164144946775e-05
        ],
        [
            -1.303436043001713e-05,
            -3.7920413856237084e-05,
            0.0027992179162505725,
            2.4363976553736558e-05,
            -1.5016022624163017e-05,
            2.4288870891068827e-06,
            1.182518737322653e-06,
            2.7116775942629922e-05
        ],
        [
            -4.4440440524654246e-06,
            -2.3699967585700782e-05,
            2.4363976553736558e-05,
            0.0005822727195708005,
            -1.0003914890222215e-05,
            -5.742736787957188e-06,
            8.036485844998805e-06,
            1.9500582099390373e-06
        ],
        [
            7.042416720731292e-06,
            0.00017681361600471932,
            -1.5016022624163017e-05,
            -1.0003914890222215e-05,
            0.0019801239982732348,
            1.135844161350208e-05,
            -8.078978049661752e-06,
            1.4123118829998132e-05
        ],
        [
            3.540932421521444e-06,
            2.8699196346488805e-05,
            2.4288870891068827e-06,
            -5.742736787957188e-06,
            1.135844161350208e-05,
            0.00047709283981953,
            -4.30822641445876e-06,
            -2.10533712127573e-05
        ],
        [
            -1.358142377635617e-06,
            1.5097300265151176e-05,
            1.182518737322653e-06,
            8.036485844998805e-06,
            -8.078978049661752e-06,
            -4.30822641445876e-06,
            0.000462023044019506,
            3.555089060081446e-06
        ],
        [
            3.0824064661426915e-06,
            7.155164144946775e-05,
            2.7116775942629922e-05,
            1.9500582099390373e-06,
            1.4123118829998132e-05,
            -2.10533712127573e-05,
            3.555089060081446e-06,
            0.0019648174341357055
        ]
    ]
}