{
    "bin_index": "bin1",
    "valid": true,
    "converged": true,
    "fmin": 9999.999999998505,
    "status": 0,
    "parameters": {
        "FL": {
            "value": 0.677603561069131,
            "error": 0.006223391701576449,
            "error_low": -0.006223391701576449,
            "error_up": 0.006223391701576449,
            "error_source": "delta_method"
        },
        "AFB": {
            "value": -0.002459023125202624,
            "error": 0.005825087907350806,
            "error_low": -0.005825087907350806,
            "error_up": 0.005825087907350806,
            "error_source": "delta_method"
        },
        "S3": {
            "value": 0.0010230996755890872,
            "error": 0.008387600327573994,
            "error_low": -0.008387600327573994,
            "error_up": 0.008387600327573994,
            "error_source": "delta_method"
        },
        "S4": {
            "value": 0.029083857598560425,
            "error": 0.010174259069344388,
            "error_low": -0.010174259069344388,
            "error_up": 0.010174259069344388,
            "error_source": "delta_method"
        },
        "S5": {
            "value": -0.01050132233320815,
            "error": 0.010073165735535877,
            "error_low": -0.010073165735535877,
            "error_up": 0.010073165735535877,
            "error_source": "delta_method"
        },
        "S7": {
            "value": 0.012756369961416388,
            "error": 0.010085450538654344,
            "error_low": -0.010085450538654344,
            "error_up": 0.010085450538654344,
            "error_source": "delta_method"
        },
        "S8": {
            "value": -0.010208947092081816,
            "error": 0.010364942159102799,
            "error_low": -0.010364942159102799,
            "error_up": 0.010364942159102799,
            "error_source": "delta_method"
        },
        "S9": {
            "value": -0.008582808154691092,
            "error": 0.008502976566678299,
            "error_low": -0.008502976566678299,
            "error_up": 0.008502976566678299,
            "error_source": "delta_method"
        }
    },
    "covariance": [
        [
            3.873060427125061e-05,
            -1.7257972975304405e-07,
            1.7630001912759257e-07,
            -2.373353290851954e-07,
            4.2890599216212185e-08,
            2.9613159853073207e-07,
            6.272259295455928e-07,
            1.1579792343337594e-07
        ],
        [
            -1.7257972975304405e-07,
            3.393164912836459e-05,
            -9.118569993536186e-07,
            -4.604772403443427e-07,
            9.352317061652718e-07,
            -5.929763450996531e-07,
            1.3880262382252414e-07,
            8.745795843324771e-07
        ],
        [
            1.7630001912759257e-07,
            -9.118569993536186e-07,
            7.035183925511937e-05,
            1.4237189319978978e-07,
            -1.1342651063273146e-06,
            -7.140755780694328e-07,
            4.842743263929996e-07,
            -9.511304993396377e-07
        ],
        [
            -2.373353290851954e-07,
            -4.6047724034434277e-07,
            1.423718931997886e-07,
            0.00010351554761013653,
            -9.718211242892005e-07,
            2.7014314186891834e-07,
            4.992976465305683e-07,
            -4.4893143543612705e-07
        ],
        [
            4.289059921621216e-08,
            9.352317061652719e-07,
            -1.1342651063273144e-06,
            -9.718211242892005e-07,
            0.00010146866793557405,
            -9.434894208335992e-07,
            2.9166116826578195e-07,
            1.1382141193636362e-07
        ],
        [
            2.96131598530732e-07,
            -5.929763450996531e-07,
            -7.14075578069433e-07,
            2.7014314186891845e-07,
            -9.434894208335994e-07,
            0.00010171631256764321,
            -2.3655523919588985e-06,
            2.404399146432157e-07
        ],
        [
            6.272259295455927e-07,
            1.3880262382252414e-07,
            4.842743263929995e-07,
            4.992976465305682e-07,
            2.9166116826578195e-07,
            -2.365552391958899e-06,
            0.00010743202596154658,
            1.0597834753430383e-06
        ],
        [
            1.1579792343337566e-07,
            8.745795843324773e-07,
            -9.511304993396378e-07,
            -4.48931435436127e-07,
            1.1382141193636359e-07,
            2.404399146432157e-07,
            1.0597834753430383e-06,
            7.230061049348025e-05
        ]
    ]
}