{
    "bin_index": "bin1",
    "valid": true,
    "converged": true,
    "fmin": 9999.999999998501,
    "status": 0,
    "parameters": {
        "rFL_bin1": {
            "value": 0.3713902077284084,
            "error": 0.014224098325662442,
            "error_low": -0.014191868131093455,
            "error_up": 0.014256328520231431,
            "error_source": "minos (custom)"
        },
        "rS3_bin1": {
            "value": 0.006346927357147722,
            "error": 0.05199904227383134,
            "error_low": -0.051982940281627234,
            "error_up": 0.05201514426603545,
            "error_source": "minos (custom)"
        },
        "u1_bin1": {
            "value": -0.010179952936312275,
            "error": 0.024087217919899602,
            "error_low": -0.02409497149550024,
            "error_up": 0.02407946434429896,
            "error_source": "minos (custom)"
        },
        "v1_bin1": {
            "value": -0.05329713059975759,
            "error": 0.05287432544975601,
            "error_low": -0.05300915889892927,
            "error_up": 0.05273949200058274,
            "error_source": "minos (custom)"
        },
        "u2_bin1": {
            "value": 0.12553462084333125,
            "error": 0.044495051068082464,
            "error_low": -0.04417473339470031,
            "error_up": 0.04481536874146463,
            "error_source": "minos (custom)"
        },
        "v2_bin1": {
            "value": 0.027530152537828485,
            "error": 0.0217608694590832,
            "error_low": -0.02173883877001943,
            "error_up": 0.02178290014814697,
            "error_source": "minos (custom)"
        },
        "u3_bin1": {
            "value": -0.022414789906475704,
            "error": 0.021484655112119718,
            "error_low": -0.021496968995045145,
            "error_up": 0.02147234122919429,
            "error_source": "minos (custom)"
        },
        "v3_bin1": {
            "value": -0.043581444405591765,
            "error": 0.04430450616591221,
            "error_low": -0.04441745654746404,
            "error_up": 0.044191555784360376,
            "error_source": "minos (custom)"
        }
    },
    "covariance": [
        [
            0.00020289084413659827,
            4.248466970380644e-06,
            -4.439590935688726e-06,
            -1.3036463152004293e-05,
            7.052132720112731e-06,
            3.523512423659785e-06,
            -1.3570333416496512e-06,
            3.0823021847521e-06
        ],
        [
            4.248466970380644e-06,
            0.002707691908961577,
            -2.3682388426803418e-05,
            -3.793104928435006e-05,
            0.00017692327188781565,
            2.8419930166915165e-05,
            1.5153259181250196e-05,
            7.154159992414141e-05
        ],
        [
            -4.439590935688726e-06,
            -2.3682388426803418e-05,
            0.0005817130017605452,
            2.406031806254741e-05,
            -1.001247725051373e-05,
            -5.713857088525419e-06,
            8.03862006115071e-06,
            1.941539838584891e-06
        ],
        [
            -1.3036463152004293e-05,
            -3.793104928435006e-05,
            2.406031806254741e-05,
            0.0027994291192087193,
            -1.5019658704428127e-05,
            2.4377034426140463e-06,
            1.2033364655028094e-06,
            2.711523035572472e-05
        ],
        [
            7.052132720112731e-06,
            0.00017692327188781565,
            -1.001247725051373e-05,
            -1.5019658704428127e-05,
            0.001981178926301111,
            1.0144773696969462e-05,
            -8.08794253105217e-06,
            1.4079938020062646e-05
        ],
        [
            3.523512423659785e-06,
            2.8419930166915165e-05,
            -5.713857088525419e-06,
            2.4377034426140463e-06,
            1.0144773696969462e-05,
            0.00047457082892596433,
            -4.304015334812571e-06,
            -2.1011209353091262e-05
        ],
        [
            -1.3570333416496512e-06,
            1.5153259181250196e-05,
            8.03862006115071e-06,
            1.2033364655028094e-06,
            -8.08794253105217e-06,
            -4.304015334812571e-06,
            0.00046261381991931675,
            4.680543252687064e-06
        ],
        [
            3.0823021847521e-06,
            7.154159992414141e-05,
            1.941539838584891e-06,
            2.711523035572472e-05,
            1.4079938020062646e-05,
            -2.1011209353091262e-05,
            4.680543252687064e-06,
            0.001964485902908559
        ]
    ]
}