{
    "bin_index": "bin1",
    "valid": true,
    "converged": true,
    "fmin": 9999.999999998501,
    "status": 0,
    "parameters": {
        "FL": {
            "value": 0.6776035570909366,
            "error": 0.0062233917357339226,
            "error_low": -0.0062233917357339226,
            "error_up": 0.0062233917357339226,
            "error_source": "delta_method"
        },
        "AFB": {
            "value": -0.0024590230595173818,
            "error": 0.0058250880864301035,
            "error_low": -0.0058250880864301035,
            "error_up": 0.0058250880864301035,
            "error_source": "delta_method"
        },
        "S3": {
            "value": 0.0010230996637029261,
            "error": 0.008387600116961177,
            "error_low": -0.008387600116961177,
            "error_up": 0.008387600116961177,
            "error_source": "delta_method"
        },
        "S4": {
            "value": 0.02908385701176168,
            "error": 0.010174260871359,
            "error_low": -0.010174260871359,
            "error_up": 0.010174260871359,
            "error_source": "delta_method"
        },
        "S5": {
            "value": -0.010501322101709305,
            "error": 0.010073168000248421,
            "error_low": -0.010073168000248421,
            "error_up": 0.010073168000248421,
            "error_source": "delta_method"
        },
        "S7": {
            "value": 0.01275636974952836,
            "error": 0.010085450655760215,
            "error_low": -0.010085450655760215,
            "error_up": 0.010085450655760215,
            "error_source": "delta_method"
        },
        "S8": {
            "value": -0.010208946576577902,
            "error": 0.010364941665465031,
            "error_low": -0.010364941665465031,
            "error_up": 0.010364941665465031,
            "error_source": "delta_method"
        },
        "S9": {
            "value": -0.008582808058861219,
            "error": 0.008502976876851639,
            "error_low": -0.008502976876851639,
            "error_up": 0.008502976876851639,
            "error_source": "delta_method"
        }
    },
    "covariance": [
        [
            3.8730604696401286e-05,
            -1.725804859440621e-07,
            1.7629790564597176e-07,
            -2.373572126337787e-07,
            4.28831392530931e-08,
            2.961253342551074e-07,
            6.271965118296718e-07,
            1.1579473016519711e-07
        ],
        [
            -1.725804859440621e-07,
            3.393165121466993e-05,
            -9.118762708366831e-07,
            -4.6049010567501106e-07,
            9.352098749652647e-07,
            -5.929703469478397e-07,
            1.388078658851385e-07,
            8.746835357979143e-07
        ],
        [
            1.7629790564597176e-07,
            -9.118762708366831e-07,
            7.035183572204715e-05,
            1.4233209964506548e-07,
            -1.134276640959355e-06,
            -7.141164579068999e-07,
            4.843073719440461e-07,
            -9.511500744531157e-07
        ],
        [
            -2.373572126337786e-07,
            -4.6049010567501106e-07,
            1.4233209964506588e-07,
            0.00010351558427846678,
            -9.719301064835837e-07,
            2.6971586360187693e-07,
            4.993133897537406e-07,
            -4.489781197114847e-07
        ],
        [
            4.288313925309312e-08,
            9.352098749652647e-07,
            -1.134276640959355e-06,
            -9.71930106483584e-07,
            0.00010146871356122877,
            -9.434857470775702e-07,
            2.911844789446468e-07,
            1.137822549699334e-07
        ],
        [
            2.961253342551073e-07,
            -5.929703469478397e-07,
            -7.141164579069003e-07,
            2.6971586360187693e-07,
            -9.434857470775702e-07,
            0.00010171631492977414,
            -2.3655460487423073e-06,
            2.404324866464437e-07
        ],
        [
            6.271965118296718e-07,
            1.388078658851385e-07,
            4.843073719440459e-07,
            4.993133897537407e-07,
            2.911844789446468e-07,
            -2.3655460487423073e-06,
            0.000107432015728493,
            1.059763376381438e-06
        ],
        [
            1.1579473016519717e-07,
            8.746835357979142e-07,
            -9.511500744531158e-07,
            -4.4897811971148464e-07,
            1.1378225496993339e-07,
            2.404324866464437e-07,
            1.059763376381438e-06,
            7.230061576827365e-05
        ]
    ]
}