{
    "bin_index": "bin7",
    "valid": true,
    "converged": true,
    "fmin": 9999.999999931279,
    "status": 0,
    "parameters": {
        "FL": {
            "value": 0.431363333121908,
            "error": 0.004136760828295637,
            "error_low": -0.004136760828295637,
            "error_up": 0.004136760828295637,
            "error_source": "delta_method"
        },
        "AFB": {
            "value": 0.0015157856266234285,
            "error": 0.004472888747261708,
            "error_low": -0.004472888747261708,
            "error_up": 0.004472888747261708,
            "error_source": "delta_method"
        },
        "S3": {
            "value": -0.07257511643369931,
            "error": 0.006228640456404806,
            "error_low": -0.006228640456404806,
            "error_up": 0.006228640456404806,
            "error_source": "delta_method"
        },
        "S4": {
            "value": -0.26552930925015916,
            "error": 0.00598091692541185,
            "error_low": -0.00598091692541185,
            "error_up": 0.00598091692541185,
            "error_source": "delta_method"
        },
        "S5": {
            "value": 0.008571124989857591,
            "error": 0.005940912576384137,
            "error_low": -0.005940912576384137,
            "error_up": 0.005940912576384137,
            "error_source": "delta_method"
        },
        "S7": {
            "value": 0.00442916161689027,
            "error": 0.006370588622255476,
            "error_low": -0.006370588622255476,
            "error_up": 0.006370588622255476,
            "error_source": "delta_method"
        },
        "S8": {
            "value": 0.009014409241720148,
            "error": 0.006643615724027028,
            "error_low": -0.006643615724027028,
            "error_up": 0.006643615724027028,
            "error_source": "delta_method"
        },
        "S9": {
            "value": -0.011813170062162478,
            "error": 0.006235824193291778,
            "error_low": -0.006235824193291778,
            "error_up": 0.006235824193291778,
            "error_source": "delta_method"
        }
    },
    "covariance": [
        [
            1.71127901505212e-05,
            -3.4423017884663754e-08,
            1.2351609463057554e-06,
            -4.8567677617608027e-08,
            4.711082949720601e-08,
            -3.067216141110432e-08,
            1.5378524001184223e-07,
            2.6025339717812976e-07
        ],
        [
            -3.442301788466375e-08,
            2.000673374538041e-05,
            7.67012631009368e-08,
            1.144656433362612e-07,
            -4.845089603492965e-06,
            8.506968421933358e-08,
            4.0532415500990194e-07,
            -9.709197773720068e-08
        ],
        [
            1.235160946305755e-06,
            7.670126310093677e-08,
            3.8795961935162666e-05,
            -4.251411139748992e-06,
            3.7458962271715323e-07,
            -7.003084992563311e-08,
            1.6385058641216034e-07,
            -6.196235853105408e-07
        ],
        [
            -4.856767761760803e-08,
            1.1446564333626119e-07,
            -4.251411139748996e-06,
            3.5771367268677934e-05,
            7.399406277136189e-07,
            -1.427885758337772e-07,
            3.310587221971931e-07,
            2.338689484927538e-07
        ],
        [
            4.7110829497206e-08,
            -4.845089603492966e-06,
            3.745896227171532e-07,
            7.399406277136191e-07,
            3.5294442240239205e-05,
            3.10555393013272e-08,
            -1.5932976901286634e-07,
            -2.0610843910363492e-07
        ],
        [
            -3.067216141110437e-08,
            8.506968421933358e-08,
            -7.003084992563313e-08,
            -1.4278857583377714e-07,
            3.105553930132717e-08,
            4.058439939401093e-05,
            -2.9163574777843896e-07,
            4.5445016018749746e-07
        ],
        [
            1.5378524001184223e-07,
            4.0532415500990194e-07,
            1.6385058641216026e-07,
            3.3105872219719316e-07,
            -1.5932976901286634e-07,
            -2.9163574777843886e-07,
            4.413762988853917e-05,
            -4.3655575739537476e-06
        ],
        [
            2.602533971781298e-07,
            -9.709197773720065e-08,
            -6.196235853105409e-07,
            2.338689484927537e-07,
            -2.0610843910363497e-07,
            4.544501601874975e-07,
            -4.365557573953748e-06,
            3.888550336964305e-05
        ]
    ]
}