{
    "bin_index": "bin7",
    "valid": true,
    "converged": true,
    "fmin": 9999.999999931279,
    "status": 0,
    "parameters": {
        "rFL_bin7": {
            "value": -0.13814547405994637,
            "error": 0.008420495319272867,
            "error_low": -0.008426830361745116,
            "error_up": 0.008414160276800618,
            "error_source": "minos (custom)"
        },
        "rS3_bin7": {
            "value": -0.2610314887524818,
            "error": 0.02339129532322604,
            "error_low": -0.02350146475758202,
            "error_up": 0.023281125888870057,
            "error_source": "minos (custom)"
        },
        "u1_bin7": {
            "value": 0.003678256295322044,
            "error": 0.010839022537735088,
            "error_low": -0.010838984151370743,
            "error_up": 0.010839060924099432,
            "error_source": "minos (custom)"
        },
        "v1_bin7": {
            "value": -0.04299935266471615,
            "error": 0.02269325269346996,
            "error_low": -0.022709986062577143,
            "error_up": 0.022676519324362772,
            "error_source": "minos (custom)"
        },
        "u2_bin7": {
            "value": -1.9099589019861356,
            "error": 0.3222052219930004,
            "error_low": -0.41657324436816184,
            "error_up": 0.2278371996178389,
            "error_source": "minos (custom)"
        },
        "v2_bin7": {
            "value": 0.015929534638575507,
            "error": 0.023197972324041215,
            "error_low": -0.022891950356411606,
            "error_up": 0.023503994291670827,
            "error_source": "minos (custom)"
        },
        "u3_bin7": {
            "value": 0.020068391380590873,
            "error": 0.013895346808495548,
            "error_low": -0.013890962624292595,
            "error_up": 0.0138997309926985,
            "error_source": "minos (custom)"
        },
        "v3_bin7": {
            "value": 0.042212590048966506,
            "error": 0.03112052365769391,
            "error_low": -0.031074676060701197,
            "error_up": 0.031166371254686628,
            "error_source": "minos (custom)"
        }
    },
    "covariance": [
        [
            7.11057399013337e-05,
            -7.27762627613193e-06,
            6.228583636556446e-08,
            -7.876366726292694e-07,
            0.00013787590691329308,
            -1.3807216792907533e-06,
            1.2136462147124615e-07,
            1.2502811700652298e-06
        ],
        [
            -7.27762627613193e-06,
            0.0005486444206557283,
            2.0243576227347905e-07,
            -2.651819092351907e-06,
            -0.003024912453794116,
            2.337571136485484e-05,
            -3.6513175102375464e-06,
            -1.1968867912988353e-05
        ],
        [
            6.228583636556446e-08,
            2.0243576227347905e-07,
            0.00011781174395988324,
            -9.110305372149843e-07,
            1.1755025186973462e-05,
            6.614448631304242e-07,
            -2.7538299310091604e-05,
            4.600231516589411e-06
        ],
        [
            -7.876366726292694e-07,
            -2.651819092351907e-06,
            -9.110305372149843e-07,
            0.0005163047889905118,
            3.897502578882718e-05,
            5.670801988150609e-06,
            -1.7354559189603369e-06,
            -7.454493838753008e-05
        ],
        [
            0.00013787590691329308,
            -0.003024912453794116,
            1.1755025186973462e-05,
            3.897502578882718e-05,
            0.0818350997936573,
            -0.0006267101013513662,
            9.873726957734086e-05,
            0.00013780907571602202
        ],
        [
            -1.3807216792907533e-06,
            2.337571136485484e-05,
            6.614448631304242e-07,
            5.670801988150609e-06,
            -0.0006267101013513662,
            0.0005297837355904899,
            -4.366606213551249e-07,
            -5.923025383309796e-06
        ],
        [
            1.2136462147124615e-07,
            -3.6513175102375464e-06,
            -2.7538299310091604e-05,
            -1.7354559189603369e-06,
            9.873726957734086e-05,
            -4.366606213551249e-07,
            0.00019359519222915137,
            -1.0326175487552715e-06
        ],
        [
            1.2502811700652298e-06,
            -1.1968867912988353e-05,
            4.600231516589411e-06,
            -7.454493838753008e-05,
            0.00013780907571602202,
            -5.923025383309796e-06,
            -1.0326175487552715e-06,
            0.0009704074379375167
        ]
    ]
}