{
    "bin_index": "bin9",
    "valid": true,
    "converged": true,
    "fmin": 1404.3149730302923,
    "status": 0,
    "parameters": {
        "rFL_bin9": {
            "value": -0.2967661791757056,
            "error": 0.0045835037191424045,
            "error_low": -0.0045888412706805715,
            "error_up": 0.004578166167604237,
            "error_source": "minos (custom)"
        },
        "rS3_bin9": {
            "value": -0.5176781688776342,
            "error": 0.011117146378303685,
            "error_low": -0.011628811746384278,
            "error_up": 0.01060548101022309,
            "error_source": "minos (custom)"
        },
        "rS9_bin9": {
            "value": 0.01404737178849081,
            "error": 0.011273048148984471,
            "error_low": -0.01072974192372019,
            "error_up": 0.011816354374248753,
            "error_source": "minos (custom)"
        },
        "rAFB_bin9": {
            "value": 0.004096108133207865,
            "error": 0.00545699221090178,
            "error_low": -0.005181932372244931,
            "error_up": 0.005732052049558629,
            "error_source": "minos (custom)"
        },
        "rS4_bin9": {
            "value": -4.843285129581862,
            "error": 5.4901367207259595,
            "error_low": -5.4901367207259595,
            "error_up": 5.4901367207259595,
            "error_source": "minos (custom)"
        },
        "rS7_bin9": {
            "value": -3.379892120287617,
            "error": 521.1150955782606,
            "error_low": -521.1150955782606,
            "error_up": 521.1150955782606,
            "error_source": "minos (custom)"
        },
        "rS5_bin9": {
            "value": 0.0020208774448423144,
            "error": 0.008420682472602399,
            "error_low": -0.00842698717507874,
            "error_up": 0.008414377770126057,
            "error_source": "minos (custom)"
        },
        "rS8_bin9": {
            "value": 0.024447117663480452,
            "error": 0.020256241940810406,
            "error_low": -0.02022305915536708,
            "error_up": 0.020289424726253735,
            "error_source": "minos (custom)"
        }
    },
    "covariance": [
        [
            1.4879350915685452e-05,
            -9.355820387059299e-07,
            1.96911347389093e-07,
            -1.086502195269581e-07,
            0.0010607182638929572,
            -0.009695642090065763,
            -2.561889405171147e-07,
            3.993555218748071e-07
        ],
        [
            -9.355820387059299e-07,
            9.635865536269729e-05,
            -7.979157861588098e-07,
            5.043091665601966e-07,
            -0.005241671401668066,
            0.04797838620470839,
            1.1267059793396028e-06,
            -3.944967953790223e-06
        ],
        [
            1.96911347389093e-07,
            -7.979157861588098e-07,
            9.803414073939562e-05,
            -1.1648284267494028e-08,
            0.002119664572293078,
            -0.019359310659475243,
            -7.203243281219597e-07,
            -1.2491174803352128e-05
        ],
        [
            -1.086502195269581e-07,
            5.043091665601966e-07,
            -1.1648284267494028e-08,
            2.280267835251512e-05,
            -0.0018575457369944411,
            0.016962720583736712,
            -4.74317411849706e-06,
            -1.169547965143469e-06
        ],
        [
            0.0010607182638929572,
            -0.005241671401668066,
            0.002119664572293078,
            -0.0018575457369944411,
            27.527637273881997,
            -250.866930537661,
            -0.004999649207616652,
            0.013537372837985388
        ],
        [
            -0.009695642090065763,
            0.04797838620470839,
            -0.019359310659475243,
            0.016962720583736712,
            -250.866930537661,
            2294.0241253658364,
            0.04565486493730743,
            -0.12362505864012141
        ],
        [
            -2.561889405171147e-07,
            1.1267059793396028e-06,
            -7.203243281219597e-07,
            -4.74317411849706e-06,
            -0.004999649207616652,
            0.04565486493730743,
            4.9820151760965164e-05,
            -2.2158764052192135e-06
        ],
        [
            3.993555218748071e-07,
            -3.944967953790223e-06,
            -1.2491174803352128e-05,
            -1.169547965143469e-06,
            0.013537372837985388,
            -0.12362505864012141,
            -2.2158764052192135e-06,
            0.00029490582927921207
        ]
    ]
}