{
    "bin_index": "bin9",
    "valid": true,
    "converged": true,
    "fmin": 1404.3149730076507,
    "status": 0,
    "parameters": {
        "rFL_bin9": {
            "value": -0.296766178884484,
            "error": 0.004583504290213314,
            "error_low": -0.004588841445253304,
            "error_up": 0.004578167135173323,
            "error_source": "minos (custom)"
        },
        "rS3_bin9": {
            "value": -0.5176781688638228,
            "error": 0.011137312150660711,
            "error_low": -0.011669137666011397,
            "error_up": 0.010605486635310026,
            "error_source": "minos (custom)"
        },
        "rS9_bin9": {
            "value": 0.014047371751205767,
            "error": 0.011273051035063548,
            "error_low": -0.010729747870784073,
            "error_up": 0.011816354199343022,
            "error_source": "minos (custom)"
        },
        "rAFB_bin9": {
            "value": 0.004096108409761889,
            "error": 0.005456993075603043,
            "error_low": -0.005181935378888086,
            "error_up": 0.005732050772318,
            "error_source": "minos (custom)"
        },
        "rS4_bin9": {
            "value": -4.843286452041903,
            "error": 5.490138339075963,
            "error_low": -5.490138339075963,
            "error_up": 5.490138339075963,
            "error_source": "minos (custom)"
        },
        "rS7_bin9": {
            "value": -3.380178711238127,
            "error": 521.2528925155169,
            "error_low": -521.2528925155169,
            "error_up": 521.2528925155169,
            "error_source": "minos (custom)"
        },
        "rS5_bin9": {
            "value": 0.0020208775332928625,
            "error": 0.008420680810226676,
            "error_low": -0.008426987127423067,
            "error_up": 0.008414374493030284,
            "error_source": "minos (custom)"
        },
        "rS8_bin9": {
            "value": 0.024447117744931388,
            "error": 0.020256234744958742,
            "error_low": -0.02022303914540265,
            "error_up": 0.020289430344514834,
            "error_source": "minos (custom)"
        }
    },
    "covariance": [
        [
            1.4879370458796714e-05,
            -9.355845373464259e-07,
            1.969136542232302e-07,
            -1.0865080779844638e-07,
            0.0010607195822531657,
            -0.009692881201019802,
            -2.5618901159136556e-07,
            3.9937328599160783e-07
        ],
        [
            -9.355845373464259e-07,
            9.635880069688241e-05,
            -7.979321938229027e-07,
            5.043138462612665e-07,
            -0.0052416778330302985,
            0.047964723340026265,
            1.1267029416277189e-06,
            -3.945012396696093e-06
        ],
        [
            1.969136542232302e-07,
            -7.979321938229027e-07,
            9.803429790784746e-05,
            -1.1650756508869027e-08,
            0.002119700536589178,
            -0.01935410166967002,
            -7.203318115481964e-07,
            -1.2491157144420765e-05
        ],
        [
            -1.0865080779844638e-07,
            5.043138462612665e-07,
            -1.1650756508869027e-08,
            2.280271553427678e-05,
            -0.0018575511370271416,
            0.016957918522865368,
            -4.743190365315055e-06,
            -1.169576610320399e-06
        ],
        [
            0.0010607195822531657,
            -0.0052416778330302985,
            0.002119700536589178,
            -0.0018575511370271416,
            27.527650931660215,
            -250.7953069307475,
            -0.004999640527784803,
            0.013537843070793696
        ],
        [
            -0.009692881201019802,
            0.047964723340026265,
            -0.01935410166967002,
            0.016957918522865368,
            -250.7953069307475,
            2292.713271893019,
            0.0456417288056177,
            -0.12359398644987671
        ],
        [
            -2.5618901159136556e-07,
            1.1267029416277189e-06,
            -7.203318115481964e-07,
            -4.743190365315055e-06,
            -0.004999640527784803,
            0.0456417288056177,
            4.982022605551931e-05,
            -2.2159671119630018e-06
        ],
        [
            3.9937328599160783e-07,
            -3.945012396696093e-06,
            -1.2491157144420765e-05,
            -1.169576610320399e-06,
            0.013537843070793696,
            -0.12359398644987671,
            -2.2159671119630018e-06,
            0.00029490660425668077
        ]
    ]
}