{
    "bin_index": "bin9",
    "valid": true,
    "converged": true,
    "fmin": 9341.307577756554,
    "status": 0,
    "parameters": {
        "FL_bin9": {
            "value": 0.36799888360241795,
            "error": 0.006714607016079274,
            "error_low": -0.0066989135225690956,
            "error_up": 0.006730300509589452,
            "error_source": "minos (custom)"
        },
        "S3_bin9": {
            "value": -0.14540512467034106,
            "error": 0.010032620183896286,
            "error_low": -0.009971705504600933,
            "error_up": 0.01009353486319164,
            "error_source": "minos (custom)"
        },
        "S9_bin9": {
            "value": 0.006543703387634816,
            "error": 0.010556669713777084,
            "error_low": -0.010495187345975938,
            "error_up": 0.010618152081578227,
            "error_source": "minos (custom)"
        },
        "AFB_bin9": {
            "value": 0.009329015150326138,
            "error": 0.007654245359183241,
            "error_low": -0.007629879612670307,
            "error_up": 0.007678611105696174,
            "error_source": "minos (custom)"
        },
        "S4_bin9": {
            "value": -0.301156918430345,
            "error": 0.009258557462595088,
            "error_low": -0.009160012048712186,
            "error_up": 0.009357102876477988,
            "error_source": "minos (custom)"
        },
        "S7_bin9": {
            "value": -0.0108977120113228,
            "error": 0.010473531737356871,
            "error_low": -0.010485488930332364,
            "error_up": 0.010461574544381378,
            "error_source": "minos (custom)"
        },
        "S5_bin9": {
            "value": -0.004484867151113032,
            "error": 0.00918972759870891,
            "error_low": -0.009216963483533984,
            "error_up": 0.009162491713883837,
            "error_source": "minos (custom)"
        },
        "S8_bin9": {
            "value": 0.007205821862712529,
            "error": 0.011008126249363068,
            "error_low": -0.01098639886002486,
            "error_up": 0.011029853638701277,
            "error_source": "minos (custom)"
        }
    },
    "covariance": [
        [
            4.5214168255355094e-05,
            5.834979578441295e-06,
            -8.284801961565858e-07,
            -7.114367642040851e-07,
            -2.1580970258433833e-06,
            4.809892453743923e-07,
            -3.939720227471694e-07,
            7.298533997504874e-08
        ],
        [
            5.834979578441295e-06,
            0.00010094669599589277,
            -2.3659831339576626e-06,
            2.6140656844086953e-07,
            -1.5180612768774243e-05,
            6.746695599504876e-07,
            1.4462981152220995e-06,
            7.235498134948243e-07
        ],
        [
            -8.284801961565858e-07,
            -2.3659831339576626e-06,
            0.00011176996404317819,
            1.7483748263039185e-07,
            1.2099308176990323e-06,
            -1.8145892911538576e-07,
            -2.496400281579205e-07,
            -1.4639929417156313e-05
        ],
        [
            -7.114367642040851e-07,
            2.6140656844086953e-07,
            1.7483748263039185e-07,
            5.8752485681154334e-05,
            -6.359788761715429e-08,
            3.808509167687552e-07,
            -1.62175301771178e-05,
            -1.3347157951814255e-06
        ],
        [
            -2.1580970258433833e-06,
            -1.5180612768774243e-05,
            1.2099308176990323e-06,
            -6.359788761715429e-08,
            8.601246932621806e-05,
            5.13196595524226e-07,
            4.0725500104037205e-10,
            -1.682919481200308e-06
        ],
        [
            4.809892453743923e-07,
            6.746695599504876e-07,
            -1.8145892911538576e-07,
            3.808509167687552e-07,
            5.13196595524226e-07,
            0.00011000970574671944,
            -6.604863460927067e-07,
            -1.844130303118162e-06
        ],
        [
            -3.939720227471694e-07,
            1.4462981152220995e-06,
            -2.496400281579205e-07,
            -1.62175301771178e-05,
            4.0725500104037205e-10,
            -6.604863460927067e-07,
            8.468361794189926e-05,
            1.0363894280706096e-06
        ],
        [
            7.298533997504874e-08,
            7.235498134948243e-07,
            -1.4639929417156313e-05,
            -1.3347157951814255e-06,
            -1.682919481200308e-06,
            -1.844130303118162e-06,
            1.0363894280706096e-06,
            0.00012153684383667603
        ]
    ]
}