{
    "bin_index": "bin5",
    "valid": true,
    "converged": true,
    "fmin": 9503.196093303124,
    "status": 0,
    "parameters": {
        "FL_bin5": {
            "value": 0.5815013251592004,
            "error": 0.005461737688015214,
            "error_low": -0.005461154122027279,
            "error_up": 0.005462321254003148,
            "error_source": "minos (custom)"
        },
        "S3_bin5": {
            "value": -0.009765319388502138,
            "error": 0.0076503632436303575,
            "error_low": -0.007656647466824429,
            "error_up": 0.007644079020436287,
            "error_source": "minos (custom)"
        },
        "S9_bin5": {
            "value": -0.005030010541150711,
            "error": 0.007646482001673694,
            "error_low": -0.007651635083461609,
            "error_up": 0.00764132891988578,
            "error_source": "minos (custom)"
        },
        "AFB_bin5": {
            "value": 0.002447578411840862,
            "error": 0.005348181673088098,
            "error_low": -0.00533119253300382,
            "error_up": 0.0053651708131723765,
            "error_source": "minos (custom)"
        },
        "S4_bin5": {
            "value": -0.24798244571529074,
            "error": 0.008138388591074987,
            "error_low": -0.008115448421781014,
            "error_up": 0.00816132876036896,
            "error_source": "minos (custom)"
        },
        "S7_bin5": {
            "value": 0.006252563708867968,
            "error": 0.00843786524486476,
            "error_low": -0.008434464407727084,
            "error_up": 0.008441266082002434,
            "error_source": "minos (custom)"
        },
        "S5_bin5": {
            "value": 0.006211953324938421,
            "error": 0.008186163269249395,
            "error_low": -0.00818101063299302,
            "error_up": 0.00819131590550577,
            "error_source": "minos (custom)"
        },
        "S8_bin5": {
            "value": -0.005903467882963812,
            "error": 0.008753690346908078,
            "error_low": -0.008759959197184222,
            "error_up": 0.008747421496631935,
            "error_source": "minos (custom)"
        }
    },
    "covariance": [
        [
            2.991688283292086e-05,
            5.757459770843725e-07,
            6.748292266700953e-09,
            -2.73725953338605e-07,
            1.4883119899511161e-06,
            1.5755000345002889e-07,
            -2.2111540093490404e-07,
            3.107087195771141e-07
        ],
        [
            5.757459770843725e-07,
            5.8703281200459765e-05,
            4.6998211023583256e-07,
            -7.717521857087474e-08,
            -6.041952909376615e-06,
            -3.972131053589171e-08,
            1.3736022135603398e-07,
            2.0845033807803532e-07
        ],
        [
            6.748292266700953e-09,
            4.6998211023583256e-07,
            5.864467464503085e-05,
            -1.0599516332469107e-07,
            -4.282297065707994e-07,
            4.547258366368483e-07,
            2.8809436045436406e-07,
            -6.701666800108838e-06
        ],
        [
            -2.73725953338605e-07,
            -7.717521857087474e-08,
            -1.0599516332469107e-07,
            2.8684882014049615e-05,
            6.42218457832392e-07,
            -3.385965922965163e-07,
            -7.230912122906224e-06,
            3.324717997533059e-07
        ],
        [
            1.4883119899511161e-06,
            -6.041952909376615e-06,
            -4.282297065707994e-07,
            6.42218457832392e-07,
            6.643570128116008e-05,
            1.2709779699866007e-06,
            8.862234177962715e-08,
            -1.3410647141305933e-06
        ],
        [
            1.5755000345002889e-07,
            -3.972131053589171e-08,
            4.547258366368483e-07,
            -3.385965922965163e-07,
            1.2709779699866007e-06,
            7.140250539705296e-05,
            -7.782154185003497e-07,
            3.122504921206756e-07
        ],
        [
            -2.2111540093490404e-07,
            1.3736022135603398e-07,
            2.8809436045436406e-07,
            -7.230912122906224e-06,
            8.862234177962715e-08,
            -7.782154185003497e-07,
            6.72083317464289e-05,
            1.2281164720897291e-06
        ],
        [
            3.107087195771141e-07,
            2.0845033807803532e-07,
            -6.701666800108838e-06,
            3.324717997533059e-07,
            -1.3410647141305933e-06,
            3.122504921206756e-07,
            1.2281164720897291e-06,
            7.685274359930328e-05
        ]
    ]
}