{
    "bin_index": "bin5",
    "valid": true,
    "converged": true,
    "fmin": 9915.042293498449,
    "status": 0,
    "parameters": {
        "FL_bin5": {
            "value": 0.5603788656459938,
            "error": 0.013547520760371058,
            "error_low": -0.01353877557403117,
            "error_up": 0.013556265946710945,
            "error_source": "minos (custom)"
        },
        "S3_bin5": {
            "value": -0.04146361234700182,
            "error": 0.018789027608151807,
            "error_low": -0.018653349629668695,
            "error_up": 0.018924705586634918,
            "error_source": "minos (custom)"
        },
        "S9_bin5": {
            "value": -0.022370936485585916,
            "error": 0.019254107504004834,
            "error_low": -0.019241072258222875,
            "error_up": 0.019267142749786793,
            "error_source": "minos (custom)"
        },
        "AFB_bin5": {
            "value": -0.011849222459299183,
            "error": 0.013434898191369265,
            "error_low": -0.013415194879334846,
            "error_up": 0.013454601503403683,
            "error_source": "minos (custom)"
        },
        "S4_bin5": {
            "value": -0.26038778724708733,
            "error": 0.020138551689910668,
            "error_low": -0.019934199174547775,
            "error_up": 0.020342904205273564,
            "error_source": "minos (custom)"
        },
        "S7_bin5": {
            "value": -0.02742501724487935,
            "error": 0.020826891319848218,
            "error_low": -0.020786607415096258,
            "error_up": 0.02086717522460018,
            "error_source": "minos (custom)"
        },
        "S5_bin5": {
            "value": 0.0011980241434532564,
            "error": 0.020352125736752998,
            "error_low": -0.02035238218015615,
            "error_up": 0.020351869293349843,
            "error_source": "minos (custom)"
        },
        "S8_bin5": {
            "value": 0.03738268601140812,
            "error": 0.02166228056411512,
            "error_low": -0.021739910802278162,
            "error_up": 0.021584650325952078,
            "error_source": "minos (custom)"
        }
    },
    "covariance": [
        [
            0.00018410410831800218,
            1.713589459727003e-05,
            3.858491532618284e-06,
            4.0486358814010105e-06,
            1.2919481899372923e-05,
            2.5609833084544647e-06,
            -6.43056326215827e-07,
            -5.936947698420012e-06
        ],
        [
            1.713589459727003e-05,
            0.0003543415127825409,
            1.75768405445902e-06,
            5.506082756307089e-06,
            -3.2936197941307616e-05,
            7.370140192511653e-06,
            1.1654249090866008e-05,
            -9.795261166018628e-07
        ],
        [
            3.858491532618284e-06,
            1.75768405445902e-06,
            0.0003721389580790815,
            -7.0849213079288775e-06,
            3.5024623744310098e-06,
            -1.3053967229291079e-05,
            -3.6922624098703155e-06,
            -5.4397372722245016e-05
        ],
        [
            4.0486358814010105e-06,
            5.506082756307089e-06,
            -7.0849213079288775e-06,
            0.00018103562914754669,
            -2.2124888304206037e-07,
            7.893021547445381e-06,
            -5.0467081899614704e-05,
            -7.629702926534846e-06
        ],
        [
            1.2919481899372923e-05,
            -3.2936197941307616e-05,
            3.5024623744310098e-06,
            -2.2124888304206037e-07,
            0.0004072074128197341,
            -6.148444648017913e-06,
            4.008275307007622e-06,
            1.1434313965025422e-05
        ],
        [
            2.5609833084544647e-06,
            7.370140192511653e-06,
            -1.3053967229291079e-05,
            7.893021547445381e-06,
            -6.148444648017913e-06,
            0.00043514070796149177,
            -2.8484469112090754e-06,
            -8.876395296833679e-06
        ],
        [
            -6.43056326215827e-07,
            1.1654249090866008e-05,
            -3.6922624098703155e-06,
            -5.0467081899614704e-05,
            4.008275307007622e-06,
            -2.8484469112090754e-06,
            0.0004154582882117705,
            -2.454332118492425e-06
        ],
        [
            -5.936947698420012e-06,
            -9.795261166018628e-07,
            -5.4397372722245016e-05,
            -7.629702926534846e-06,
            1.1434313965025422e-05,
            -8.876395296833679e-06,
            -2.454332118492425e-06,
            0.00047093029037527487
        ]
    ]
}