{
  "nx": 5,
  "ny": 5,
  "coef": [
    -0.001517393422232781,
    0.021450061386871073,
    -0.018045521820398692,
    0.013181684974432388,
    0.0037840682079596888,
    0.002656857354943814,
    0.004772358398325351,
    -0.12262322124871633,
    0.1043071865459918,
    -0.0951673365444291,
    -0.00825767498754794,
    -0.021414453491656056,
    0.01386712608617701,
    0.2962779209903453,
    -0.28310243777641625,
    0.43321886587139324,
    -0.1359420871452134,
    0.11293383505200276,
    0.11842785698707399,
    -0.16759043449899066,
    0.4482770329285204,
    -0.37639478841153184,
    0.3508669014617311,
    0.00907384468845548,
    -0.03462231205311436,
    0.047892703951773,
    -0.13939747339167696,
    0.14579099167873605,
    -0.14460407335277342,
    0.00471957011550965,
    0.005276532110596478,
    -0.007484962489078068,
    0.022060864275000303,
    -0.024933042760033355,
    0.02491498594291072,
    -0.0012899763018394152
  ],
  "x_range": [
    -1.0,
    1.0
  ],
  "y_range": [
    -1.0,
    1.0
  ]
}