{
  "n": 4,
  "coef": [
    0.020431259187431466,
    0.01738382329568777,
    0.022336549412415325,
    0.01782722338181218,
    0.019811055640451516
  ],
  "range": [
    -3.141592653589793,
    3.141592653589793
  ]
}