{
  "nx": 5,
  "ny": 5,
  "coef": [
    0.19005695281996207,
    0.36064064302905013,
    -0.10515404741893877,
    -0.09760583573301783,
    0.20685917712921695,
    0.10709385261331116,
    -0.03897294451393487,
    0.7788131611338724,
    -0.885567557541072,
    2.0344651237087006,
    -0.13401339616582988,
    -0.07585506937975998,
    0.5474103189549889,
    -1.3172229949514775,
    2.046055846908334,
    -1.6251166499915846,
    0.0653906963173676,
    0.18778828709578968,
    -0.3813200395453695,
    0.9703253943511709,
    -0.4445851528489734,
    0.10739543944564942,
    1.0371132629142334,
    -0.3668363680066604,
    0.577543389177085,
    -0.09881339819735667,
    -0.4270525339341145,
    2.388851015824565,
    -1.7586854840513162,
    0.5173637406497392,
    0.07698172748143957,
    -0.397989235911671,
    1.8395303151144382,
    -2.6263969271040577,
    2.3497805250990402,
    -0.46795643066928405
  ],
  "x_range": [
    -1.0,
    1.0
  ],
  "y_range": [
    -1.0,
    1.0
  ]
}