{
  "n": 4,
  "coef": [
    0.12913444433888063,
    0.10835869278438501,
    0.14958945972901574,
    0.10481500543413728,
    0.13241791335256026
  ],
  "range": [
    -3.141592653589793,
    3.141592653589793
  ]
}