{
    "bin_index": "bin9",
    "valid": true,
    "converged": true,
    "fmin": 9254.751866057974,
    "status": 0,
    "parameters": {
        "rFL_bin9_reco": {
            "value": -0.34904306166069193,
            "error": 0.013672090089814433,
            "error_low": -0.013716129801461932,
            "error_up": 0.013628050378166934,
            "error_source": "minos (custom)"
        },
        "rS3_bin9_reco": {
            "value": -0.33938120978585035,
            "error": 0.031600624548016334,
            "error_low": -0.03189208783914744,
            "error_up": 0.03130916125688524,
            "error_source": "minos (custom)"
        },
        "rS9_bin9_reco": {
            "value": 0.016642164746073745,
            "error": 0.03043196866354575,
            "error_low": -0.030389466551437948,
            "error_up": 0.030474470775653555,
            "error_source": "minos (custom)"
        },
        "rAFB_bin9_reco": {
            "value": -0.008185674748923542,
            "error": 0.013901566816981995,
            "error_low": -0.013898245411006323,
            "error_up": 0.013904888222957667,
            "error_source": "minos (custom)"
        },
        "rS4_bin9_reco": {
            "value": -1.1684349056567571,
            "error": 0.10598130825524954,
            "error_low": -0.11528655307841046,
            "error_up": 0.09667606343208861,
            "error_source": "minos (custom)"
        },
        "rS7_bin9_reco": {
            "value": -0.041097058092652475,
            "error": 0.030704143529544,
            "error_low": -0.031063054054104325,
            "error_up": 0.030345233004983672,
            "error_source": "minos (custom)"
        },
        "rS5_bin9_reco": {
            "value": -0.013852657238699323,
            "error": 0.02244456748906252,
            "error_low": -0.022440672224871422,
            "error_up": 0.02244846275325362,
            "error_source": "minos (custom)"
        },
        "rS8_bin9_reco": {
            "value": -0.06778859969288696,
            "error": 0.04896278903923841,
            "error_low": -0.04883966676522766,
            "error_up": 0.049085911313249166,
            "error_source": "minos (custom)"
        }
    },
    "covariance": [
        [
            0.00018743820833884921,
            -1.4271961619373581e-05,
            -2.841236786318497e-06,
            -2.190102009787872e-06,
            0.00012129839537361073,
            3.3988940158865595e-06,
            -5.535102781510824e-07,
            -3.6605116259071046e-06
        ],
        [
            -1.4271961619373581e-05,
            0.0010005859182629882,
            -2.1241725822530085e-05,
            4.125720311786265e-06,
            -0.0011713227918455343,
            -5.9707721410147836e-05,
            -1.5912769160388327e-06,
            4.2891021612925784e-05
        ],
        [
            -2.841236786318497e-06,
            -2.1241725822530085e-05,
            0.0009281803584664713,
            1.9896052303122126e-06,
            -3.2710671367091305e-05,
            -7.408850280706261e-06,
            -1.2512475369429889e-05,
            -0.00012077802204566224
        ],
        [
            -2.190102009787872e-06,
            4.125720311786265e-06,
            1.9896052303122126e-06,
            0.00019376073904118842,
            4.497744770151014e-06,
            -2.9006142943848526e-06,
            -4.722313334457357e-05,
            -4.419714173226543e-06
        ],
        [
            0.00012129839537361073,
            -0.0011713227918455343,
            -3.2710671367091305e-05,
            4.497744770151014e-06,
            0.011003317893484348,
            0.000381804678385089,
            -5.275486865094802e-06,
            -0.00018433636706405927
        ],
        [
            3.3988940158865595e-06,
            -5.9707721410147836e-05,
            -7.408850280706261e-06,
            -2.9006142943848526e-06,
            0.000381804678385089,
            0.00093678684842498,
            -1.5368540884944505e-05,
            1.189984268893746e-05
        ],
        [
            -5.535102781510824e-07,
            -1.5912769160388327e-06,
            -1.2512475369429889e-05,
            -4.722313334457357e-05,
            -5.275486865094802e-06,
            -1.5368540884944505e-05,
            0.0005049293474048125,
            -9.87844724689238e-07
        ],
        [
            -3.6605116259071046e-06,
            4.2891021612925784e-05,
            -0.00012077802204566224,
            -4.419714173226543e-06,
            -0.00018433636706405927,
            1.189984268893746e-05,
            -9.87844724689238e-07,
            0.0023991054104886907
        ]
    ]
}