{
    "bin_index": "bin1",
    "valid": true,
    "converged": true,
    "fmin": 36538.49394360456,
    "status": "Optimization terminated successfully",
    "parameters": {
        "FL": {
            "value": 0.6774651145931871,
            "error": 0.006135229180875773,
            "error_low": -0.006135229180875773,
            "error_up": 0.006135229180875773,
            "error_source": "hessian"
        },
        "S3": {
            "value": -0.0034994121724079706,
            "error": 0.008526323448972719,
            "error_low": -0.008526323448972719,
            "error_up": 0.008526323448972719,
            "error_source": "hessian"
        },
        "S9": {
            "value": -0.009070675323625465,
            "error": 0.008430311140930288,
            "error_low": -0.008430311140930288,
            "error_up": 0.008430311140930288,
            "error_source": "hessian"
        },
        "AFB": {
            "value": -0.0071581637057962465,
            "error": 0.00572313880242466,
            "error_low": -0.00572313880242466,
            "error_up": 0.00572313880242466,
            "error_source": "hessian"
        },
        "S4": {
            "value": 0.014478712236839131,
            "error": 0.01006756987711056,
            "error_low": -0.01006756987711056,
            "error_up": 0.01006756987711056,
            "error_source": "hessian"
        },
        "S7": {
            "value": 0.008459898762168122,
            "error": 0.0101286362070893,
            "error_low": -0.0101286362070893,
            "error_up": 0.0101286362070893,
            "error_source": "hessian"
        },
        "S5": {
            "value": 0.005792801741368522,
            "error": 0.010041314361051691,
            "error_low": -0.010041314361051691,
            "error_up": 0.010041314361051691,
            "error_source": "hessian"
        },
        "S8": {
            "value": -0.020746920567159176,
            "error": 0.01030814294431884,
            "error_low": -0.01030814294431884,
            "error_up": 0.01030814294431884,
            "error_source": "hessian"
        }
    },
    "covariance": [
        [
            3.764103710186961e-05,
            1.6252395568033517e-07,
            1.0138377128248406e-06,
            5.868754289404483e-07,
            -4.4767868962282995e-07,
            1.5678539204592586e-07,
            -2.497605936444007e-07,
            5.918544757617337e-07
        ],
        [
            1.6252395568033512e-07,
            7.269819155650204e-05,
            5.058675311197654e-07,
            -3.9629431096836896e-07,
            1.12882610193076e-08,
            -1.3583851634323382e-06,
            -1.3864683232511488e-06,
            9.00353650490092e-07
        ],
        [
            1.0138377128248408e-06,
            5.058675311197654e-07,
            7.107014593289334e-05,
            1.876490068745627e-07,
            -8.046560780237913e-07,
            1.7915038027271409e-06,
            -4.5850304292444995e-08,
            8.395685476533801e-08
        ],
        [
            5.868754289404484e-07,
            -3.9629431096836896e-07,
            1.876490068745627e-07,
            3.275431775181877e-05,
            6.572545705915767e-07,
            -8.966485265372064e-07,
            5.08040960999517e-07,
            -3.2773695402767914e-07
        ],
        [
            -4.476786896228301e-07,
            1.1288261019307599e-08,
            -8.046560780237915e-07,
            6.572545705915768e-07,
            0.00010135596323050393,
            1.9989125369086423e-07,
            -8.485477622385653e-07,
            6.611196841672775e-07
        ],
        [
            1.567853920459258e-07,
            -1.3583851634323386e-06,
            1.7915038027271407e-06,
            -8.966485265372061e-07,
            1.9989125369086423e-07,
            0.00010258927141556035,
            1.0598593636979572e-07,
            -1.2686022366491424e-06
        ],
        [
            -2.497605936444007e-07,
            -1.3864683232511488e-06,
            -4.585030429244499e-08,
            5.08040960999517e-07,
            -8.485477622385654e-07,
            1.059859363697957e-07,
            0.00010082799409746292,
            2.2408652346179236e-07
        ],
        [
            5.918544757617336e-07,
            9.00353650490092e-07,
            8.395685476533798e-08,
            -3.277369540276792e-07,
            6.611196841672775e-07,
            -1.2686022366491424e-06,
            2.240865234617924e-07,
            0.00010625781096051027
        ]
    ]
}