{
    "bin_index": "bin1",
    "valid": true,
    "converged": true,
    "fmin": 9999.999999998536,
    "status": 0,
    "parameters": {
        "FL": {
            "value": 0.677603549197304,
            "error": 0.006223396136139344,
            "error_low": -0.006223396136139344,
            "error_up": 0.006223396136139344,
            "error_source": "delta_method"
        },
        "AFB": {
            "value": -0.002459000488507595,
            "error": 0.0058252508672181,
            "error_low": -0.0058252508672181,
            "error_up": 0.0058252508672181,
            "error_source": "delta_method"
        },
        "S3": {
            "value": 0.001023146604775829,
            "error": 0.008387619082145725,
            "error_low": -0.008387619082145725,
            "error_up": 0.008387619082145725,
            "error_source": "delta_method"
        },
        "S4": {
            "value": 0.02908380689934695,
            "error": 0.010177159928737243,
            "error_low": -0.010177159928737243,
            "error_up": 0.010177159928737243,
            "error_source": "delta_method"
        },
        "S5": {
            "value": -0.010501387320970768,
            "error": 0.010072868151195194,
            "error_low": -0.010072868151195194,
            "error_up": 0.010072868151195194,
            "error_source": "delta_method"
        },
        "S7": {
            "value": 0.012756375453882992,
            "error": 0.010084730583061575,
            "error_low": -0.010084730583061575,
            "error_up": 0.010084730583061575,
            "error_source": "delta_method"
        },
        "S8": {
            "value": -0.010208991136569862,
            "error": 0.010366128698020524,
            "error_low": -0.010366128698020524,
            "error_up": 0.010366128698020524,
            "error_source": "delta_method"
        },
        "S9": {
            "value": -0.008582828645547037,
            "error": 0.008502013722485833,
            "error_low": -0.008502013722485833,
            "error_up": 0.008502013722485833,
            "error_source": "delta_method"
        }
    },
    "covariance": [
        [
            3.8730659467314114e-05,
            -1.7334444016156029e-07,
            1.76289081195288e-07,
            -2.3742691495646649e-07,
            4.2295594260407316e-08,
            2.953055116361468e-07,
            6.268126145561547e-07,
            1.1403556079895424e-07
        ],
        [
            -1.733444401615603e-07,
            3.393354766602523e-05,
            -9.121533711344128e-07,
            -4.6061623454797833e-07,
            9.351203184872898e-07,
            -5.926392770133498e-07,
            1.3883804726273366e-07,
            8.879715482926621e-07
        ],
        [
            1.7628908119528797e-07,
            -9.121533711344129e-07,
            7.035215386717508e-05,
            1.420450463156419e-07,
            -1.1298738143601411e-06,
            -7.2076713128897e-07,
            4.956465412394328e-07,
            -9.515369899376291e-07
        ],
        [
            -2.3742691495646649e-07,
            -4.6061623454797833e-07,
            1.420450463156421e-07,
            0.00010357458421509506,
            -9.723191187281859e-07,
            2.0503484252715404e-07,
            5.017579486515677e-07,
            -4.492843716694619e-07
        ],
        [
            4.229559426040737e-08,
            9.351203184872899e-07,
            -1.1298738143601411e-06,
            -9.723191187281859e-07,
            0.0001014626727913625,
            -9.428694962355797e-07,
            2.8297924091519766e-07,
            1.1450325909736807e-07
        ],
        [
            2.9530551163614693e-07,
            -5.926392770133497e-07,
            -7.207671312889699e-07,
            2.0503484252715235e-07,
            -9.4286949623558e-07,
            0.00010170179093293744,
            -2.366433874344122e-06,
            2.406326346565923e-07
        ],
        [
            6.268126145561546e-07,
            1.388380472627336e-07,
            4.956465412394327e-07,
            5.017579486515677e-07,
            2.8297924091522477e-07,
            -2.366433874344122e-06,
            0.00010745662418392469,
            1.0588689301850717e-06
        ],
        [
            1.1403556079895404e-07,
            8.879715482926629e-07,
            -9.51536989937629e-07,
            -4.4928437166946195e-07,
            1.1450325909736802e-07,
            2.4063263465659223e-07,
            1.0588689301850715e-06,
            7.22842373373374e-05
        ]
    ]
}