{
    "bin_index": "bin1",
    "valid": true,
    "converged": true,
    "fmin": 9999.999999998536,
    "status": 0,
    "parameters": {
        "rFL_bin1": {
            "value": 0.3713901896616187,
            "error": 0.01422409555577963,
            "error_low": -0.014191846152935415,
            "error_up": 0.014256344958623846,
            "error_source": "minos (custom)"
        },
        "rS3_bin1": {
            "value": 0.0063472184144035895,
            "error": 0.05199864631546293,
            "error_low": -0.05198285308906138,
            "error_up": 0.05201443954186447,
            "error_source": "minos (custom)"
        },
        "rr1_bin1": {
            "value": -1.4296015331218852,
            "error": 0.8537121626879547,
            "error_low": -1.3413585531758012,
            "error_up": 0.36606577220010805,
            "error_source": "minos (custom)"
        },
        "a1_bin1": {
            "value": -1.7595247587769591,
            "error": 0.9674596204792043,
            "error_low": -1.3261998441431582,
            "error_up": 0.6087193968152503,
            "error_source": "minos (custom)"
        },
        "rr2_bin1": {
            "value": -0.960209800554109,
            "error": 0.19912440425637368,
            "error_low": -0.2271280143592855,
            "error_up": 0.17112079415346187,
            "error_source": "minos (custom)"
        },
        "a2_bin1": {
            "value": 0.2158860945752336,
            "error": 0.19028682495389942,
            "error_low": -0.17044429993806715,
            "error_up": 0.21012934996973173,
            "error_source": "minos (custom)"
        },
        "rr3_bin1": {
            "value": -1.4831813853760307,
            "error": 0.5177949519939129,
            "error_low": -0.7033725620702044,
            "error_up": 0.3322173419176214,
            "error_source": "minos (custom)"
        },
        "a3_bin1": {
            "value": -2.0458346105293392,
            "error": 0.7885223626413078,
            "error_low": -1.1232284304492683,
            "error_up": 0.4538162948333473,
            "error_source": "minos (custom)"
        }
    },
    "covariance": [
        [
            0.00020289112584769933,
            4.2484240250641594e-06,
            0.00013286526368792,
            -3.533633582780057e-05,
            3.371428289832047e-05,
            1.4996056508759464e-05,
            -2.2660010151919832e-05,
            -5.340707111750013e-05
        ],
        [
            4.2484240250641594e-06,
            0.002707704042059,
            0.0004056467482850081,
            -0.0002976340131119248,
            0.0007891935011071211,
            -7.955586430916091e-05,
            -0.0007587970327743065,
            -0.0003944496607869026
        ],
        [
            0.00013286526368792,
            0.0004056467482850081,
            0.2581053239928224,
            0.06915001208460485,
            0.0006852035357422142,
            -0.0003676878238813516,
            0.002626901593949424,
            0.0019716178742298926
        ],
        [
            -3.533633582780057e-05,
            -0.0002976340131119248,
            0.06915001208460485,
            0.2210382193939461,
            -0.0006630555799221946,
            -0.0006342971359349332,
            -0.00013489227361665734,
            0.0031102246798695122
        ],
        [
            3.371428289832047e-05,
            0.0007891935011071211,
            0.0006852035357422142,
            -0.0006630555799221946,
            0.03731622809446859,
            -0.010533422422927013,
            -0.00020072970742445308,
            -0.0010897265255263799
        ],
        [
            1.4996056508759464e-05,
            -7.955586430916091e-05,
            -0.0003676878238813516,
            -0.0006342971359349332,
            -0.010533422422927013,
            0.03267567822030899,
            0.001840106340370079,
            0.0013621986819402263
        ],
        [
            -2.2660010151919832e-05,
            -0.0007587970327743065,
            0.002626901593949424,
            -0.00013489227361665734,
            -0.00020072970742445308,
            0.001840106340370079,
            0.18978921451776906,
            0.13295842560857904
        ],
        [
            -5.340707111750013e-05,
            -0.0003944496607869026,
            0.0019716178742298926,
            0.0031102246798695122,
            -0.0010897265255263799,
            0.0013621986819402263,
            0.13295842560857904,
            0.3218915619425692
        ]
    ]
}