{
    "bin_index": "bin3",
    "valid": true,
    "converged": true,
    "fmin": 9701.943310530023,
    "status": 0,
    "parameters": {
        "rFL_bin3": {
            "value": 0.3115371133349754,
            "error": 0.019027328382751944,
            "error_low": -0.018982197628773005,
            "error_up": 0.019072459136730887,
            "error_source": "minos (custom)"
        },
        "rS3_bin3": {
            "value": -0.1257210594980261,
            "error": 0.048177179302610104,
            "error_low": -0.04835525672102598,
            "error_up": 0.047999101884194234,
            "error_source": "minos (custom)"
        },
        "u1_bin3": {
            "value": 0.041688290171838435,
            "error": 0.027169602580862484,
            "error_low": -0.020754431051439003,
            "error_up": 0.033584774110285966,
            "error_source": "minos (custom)"
        },
        "v1_bin3": {
            "value": -0.015051769741876851,
            "error": 0.05479840944781689,
            "error_low": -0.054828369392092374,
            "error_up": 0.05476844950354139,
            "error_source": "minos (custom)"
        },
        "u2_bin3": {
            "value": -9.11591963494204,
            "error": 10.22043131059004,
            "error_low": -0.8840803650579598,
            "error_up": 19.55678225612212,
            "error_source": "minos (custom)"
        },
        "v2_bin3": {
            "value": 0.049515819344891285,
            "error": 1.4920132975102685,
            "error_low": -0.2503885524298707,
            "error_up": 2.733638042590666,
            "error_source": "minos (custom)"
        },
        "u3_bin3": {
            "value": -0.013354742378193018,
            "error": 0.023071737067703657,
            "error_low": -0.02852520231488603,
            "error_up": 0.017618271820521284,
            "error_source": "minos (custom)"
        },
        "v3_bin3": {
            "value": 0.029551936285077667,
            "error": 0.06732385671718477,
            "error_low": -0.06719333410810965,
            "error_up": 0.0674543793262599,
            "error_source": "minos (custom)"
        }
    },
    "covariance": [
        [
            0.00016588596242080898,
            2.6411312429986477e-06,
            1.8436518863851522e-06,
            5.408578357558016e-07,
            0.15493159948764393,
            -0.001380351398670696,
            2.3416952511984194e-06,
            5.630379923385329e-06
        ],
        [
            2.6411312429986477e-06,
            0.0010614638046950076,
            1.1534866960000932e-06,
            -5.065985797384332e-06,
            0.15637465835060424,
            -0.0013956748725781239,
            7.070790389151597e-06,
            -3.5580776888244924e-06
        ],
        [
            1.8436518863851522e-06,
            1.1534866960000932e-06,
            0.0005013030244350252,
            3.925547984562914e-06,
            -0.12010145779914166,
            0.001069288344491065,
            -3.590943258563226e-05,
            5.943486499357443e-06
        ],
        [
            5.408578357558016e-07,
            -5.065985797384332e-06,
            3.925547984562914e-06,
            0.0013631585008762408,
            0.11619154097072204,
            -0.001034297416780032,
            -6.192211727618897e-06,
            -7.167368531155115e-05
        ],
        [
            0.15493159948764393,
            0.15637465835060424,
            -0.12010145779914166,
            0.11619154097072204,
            105502.538019989,
            -946.5419228391941,
            -0.0033126417684514278,
            0.08362180766132968
        ],
        [
            -0.001380351398670696,
            -0.0013956748725781239,
            0.001069288344491065,
            -0.001034297416780032,
            -946.5419228391941,
            8.516908519068215,
            2.8754267462328302e-05,
            -0.0007446414145502522
        ],
        [
            2.3416952511984194e-06,
            7.070790389151597e-06,
            -3.590943258563226e-05,
            -6.192211727618897e-06,
            -0.0033126417684514278,
            2.8754267462328302e-05,
            0.00036124427774299775,
            2.6467432355468485e-06
        ],
        [
            5.630379923385329e-06,
            -3.5580776888244924e-06,
            5.943486499357443e-06,
            -7.167368531155115e-05,
            0.08362180766132968,
            -0.0007446414145502522,
            2.6467432355468485e-06,
            0.0020528887735123597
        ]
    ]
}