{
    "bin_index": "bin3",
    "valid": true,
    "converged": true,
    "fmin": 9490.158264689831,
    "status": 0,
    "parameters": {
        "FL_bin3": {
            "value": 0.6945584804927439,
            "error": 0.007080435613670706,
            "error_low": -0.007029871265594872,
            "error_up": 0.007130999961746541,
            "error_source": "minos (custom)"
        },
        "S3_bin3": {
            "value": -0.02712346997622651,
            "error": 0.009750534800903243,
            "error_low": -0.0096154246308843,
            "error_up": 0.009885644970922185,
            "error_source": "minos (custom)"
        },
        "S9_bin3": {
            "value": 0.02867618189164971,
            "error": 0.009725084178885929,
            "error_low": -0.009795695117133935,
            "error_up": 0.009654473240637921,
            "error_source": "minos (custom)"
        },
        "AFB_bin3": {
            "value": -0.006847245306985543,
            "error": 0.006455808431695261,
            "error_low": -0.006499376846277065,
            "error_up": 0.006412240017113456,
            "error_source": "minos (custom)"
        },
        "S4_bin3": {
            "value": -0.2197062758572544,
            "error": 0.010768398970270668,
            "error_low": -0.010825812339344808,
            "error_up": 0.010710985601196528,
            "error_source": "minos (custom)"
        },
        "S7_bin3": {
            "value": 0.006955216349178646,
            "error": 0.01168608873064234,
            "error_low": -0.011533490364328262,
            "error_up": 0.011838687096956419,
            "error_source": "minos (custom)"
        },
        "S5_bin3": {
            "value": 0.002399053068438417,
            "error": 0.011191199797171775,
            "error_low": -0.01115652090424803,
            "error_up": 0.011225878690095522,
            "error_source": "minos (custom)"
        },
        "S8_bin3": {
            "value": 0.018262766326575298,
            "error": 0.011683561268328979,
            "error_low": -0.011735403491501858,
            "error_up": 0.0116317190451561,
            "error_source": "minos (custom)"
        }
    },
    "covariance": [
        [
            5.026139289724118e-05,
            2.507768812571385e-06,
            -3.1401029669974924e-06,
            6.06950043741829e-07,
            6.47467515101541e-06,
            4.311969593520148e-07,
            1.262593109812378e-06,
            -1.4697493970435149e-06
        ],
        [
            2.507768812571385e-06,
            9.533958472910886e-05,
            2.5557132155399802e-06,
            -6.831682954839357e-07,
            -8.399069617117586e-06,
            -2.3116861065027416e-06,
            -2.744570994300929e-08,
            1.1284994933003118e-07
        ],
        [
            -3.1401029669974924e-06,
            2.5557132155399802e-06,
            9.484914892246952e-05,
            2.5598294311680926e-07,
            2.1629044711543073e-06,
            -2.181856304641281e-06,
            -1.969492162697497e-06,
            -1.0923829175515006e-05
        ],
        [
            6.06950043741829e-07,
            -6.831682954839357e-07,
            2.5598294311680926e-07,
            4.1785639442690455e-05,
            -5.625044969161494e-07,
            1.6174891115809413e-06,
            -1.2219119289738631e-05,
            -4.0009201279197e-07
        ],
        [
            6.47467515101541e-06,
            -8.399069617117586e-06,
            2.1629044711543073e-06,
            -5.625044969161494e-07,
            0.00011629220781307673,
            -2.5712928145191374e-06,
            -4.505423102460735e-07,
            1.848234527340052e-06
        ],
        [
            4.311969593520148e-07,
            -2.3116861065027416e-06,
            -2.181856304641281e-06,
            1.6174891115809413e-06,
            -2.5712928145191374e-06,
            0.00013691160003440135,
            3.1038698976270225e-06,
            -3.7072729867255795e-06
        ],
        [
            1.262593109812378e-06,
            -2.744570994300929e-08,
            -1.969492162697497e-06,
            -1.2219119289738631e-05,
            -4.505423102460735e-07,
            3.1038698976270225e-06,
            0.00012552654785990118,
            -2.64629241951441e-06
        ],
        [
            -1.4697493970435149e-06,
            1.1284994933003118e-07,
            -1.0923829175515006e-05,
            -4.0009201279197e-07,
            1.848234527340052e-06,
            -3.7072729867255795e-06,
            -2.64629241951441e-06,
            0.00013687719401096122
        ]
    ]
}