{
    "bin_index": "bin3",
    "valid": true,
    "converged": true,
    "fmin": 6427.992090922429,
    "status": 0,
    "parameters": {
        "rFL_bin3": {
            "value": 0.4188339688835167,
            "error": 0.005308324853236816,
            "error_low": -0.005303244517475408,
            "error_up": 0.0053134051889982235,
            "error_source": "minos (custom)"
        },
        "rS3_bin3": {
            "value": -0.08468044197043038,
            "error": 0.020414894708760428,
            "error_low": -0.020437751034005774,
            "error_up": 0.02039203838351508,
            "error_source": "minos (custom)"
        },
        "rS9_bin3": {
            "value": -0.02918542806442233,
            "error": 0.02021558448058855,
            "error_low": -0.020226615372811795,
            "error_up": 0.0202045535883653,
            "error_source": "minos (custom)"
        },
        "rAFB_bin3": {
            "value": 0.0024854334791084612,
            "error": 0.009082250282536694,
            "error_low": -0.00908217184267437,
            "error_up": 0.009082328722399018,
            "error_source": "minos (custom)"
        },
        "rS4_bin3": {
            "value": -1.3964720321727075,
            "error": 0.07995039905156387,
            "error_low": -0.08602911308783241,
            "error_up": 0.07387168501529534,
            "error_source": "minos (custom)"
        },
        "rS7_bin3": {
            "value": 0.036167453227649624,
            "error": 0.0167770204050932,
            "error_low": -0.016558357061726668,
            "error_up": 0.016995683748459726,
            "error_source": "minos (custom)"
        },
        "rS5_bin3": {
            "value": -0.0023739300541650425,
            "error": 0.008114908748829863,
            "error_low": -0.008115558357219997,
            "error_up": 0.008114259140439728,
            "error_source": "minos (custom)"
        },
        "rS8_bin3": {
            "value": -0.01560574612399062,
            "error": 0.01686084622622555,
            "error_low": -0.016867155347605235,
            "error_up": 0.01685453710484587,
            "error_source": "minos (custom)"
        }
    },
    "covariance": [
        [
            2.825857412430963e-05,
            -1.1694775499551507e-06,
            -4.556508167838993e-07,
            -2.575464163947384e-08,
            -1.0577490150421162e-05,
            9.792920293520714e-07,
            -5.025947571655264e-08,
            1.3279383076790872e-07
        ],
        [
            -1.1694775499551507e-06,
            0.00041860139737562915,
            4.318181339454979e-06,
            -2.4709272742609383e-08,
            -0.0009080661946632355,
            3.557513570651469e-05,
            8.545498515359626e-07,
            3.455608098445977e-06
        ],
        [
            -4.556508167838993e-07,
            4.318181339454979e-06,
            0.0004097434222239646,
            7.624823962145111e-07,
            -1.6469010329508697e-05,
            1.3679204928091933e-06,
            1.4753043620554701e-08,
            -3.0089772631414742e-05
        ],
        [
            -2.575464163947384e-08,
            -2.4709272742609383e-08,
            7.624823962145111e-07,
            8.271983800484852e-05,
            -2.2984633109761184e-06,
            -6.453529238253171e-07,
            -1.2351684088764242e-05,
            4.4081278028828884e-07
        ],
        [
            -1.0577490150421162e-05,
            -0.0009080661946632355,
            -1.6469010329508697e-05,
            -2.2984633109761184e-06,
            0.00632556905593173,
            -0.00021943115680312432,
            -3.1251656175348325e-06,
            -1.675223921135345e-05
        ],
        [
            9.792920293520714e-07,
            3.557513570651469e-05,
            1.3679204928091933e-06,
            -6.453529238253171e-07,
            -0.00021943115680312432,
            0.00028091204408023645,
            -6.072208731197383e-07,
            -3.885134884158225e-07
        ],
        [
            -5.025947571655264e-08,
            8.545498515359626e-07,
            1.4753043620554701e-08,
            -1.2351684088764242e-05,
            -3.1251656175348325e-06,
            -6.072208731197383e-07,
            6.603230451926994e-05,
            1.3241714994323863e-07
        ],
        [
            1.3279383076790872e-07,
            3.455608098445977e-06,
            -3.0089772631414742e-05,
            4.4081278028828884e-07,
            -1.675223921135345e-05,
            -3.885134884158225e-07,
            1.3241714994323863e-07,
            0.00028500432720660697
        ]
    ]
}