{
    "bin_index": "bin3",
    "valid": true,
    "converged": true,
    "fmin": 6427.99209092243,
    "status": 0,
    "parameters": {
        "rFL_bin3": {
            "value": 0.41883396888327173,
            "error": 0.005308324853239312,
            "error_low": -0.005303244517227303,
            "error_up": 0.005313405189251322,
            "error_source": "minos (custom)"
        },
        "rS3_bin3": {
            "value": -0.0846804419844497,
            "error": 0.02041489470879646,
            "error_low": -0.020437751020030114,
            "error_up": 0.020392038397562803,
            "error_source": "minos (custom)"
        },
        "rS9_bin3": {
            "value": -0.029185428064782283,
            "error": 0.020215584480596634,
            "error_low": -0.020226615372434902,
            "error_up": 0.02020455358875837,
            "error_source": "minos (custom)"
        },
        "rAFB_bin3": {
            "value": 0.00248543347837554,
            "error": 0.009082250282548887,
            "error_low": -0.009082171841951337,
            "error_up": 0.009082328723146437,
            "error_source": "minos (custom)"
        },
        "rS4_bin3": {
            "value": -1.3964720320801922,
            "error": 0.0799503990520712,
            "error_low": -0.0860291131804179,
            "error_up": 0.0738716849237245,
            "error_source": "minos (custom)"
        },
        "rS7_bin3": {
            "value": 0.03616745321285458,
            "error": 0.016777020405107597,
            "error_low": -0.01655835704695372,
            "error_up": 0.016995683763261476,
            "error_source": "minos (custom)"
        },
        "rS5_bin3": {
            "value": -0.002373930053503888,
            "error": 0.008114908748839163,
            "error_low": -0.008115558357886996,
            "error_up": 0.00811425913979133,
            "error_source": "minos (custom)"
        },
        "rS8_bin3": {
            "value": -0.01560574612354251,
            "error": 0.016860846226242072,
            "error_low": -0.016867155348066796,
            "error_up": 0.016854537104417346,
            "error_source": "minos (custom)"
        }
    },
    "covariance": [
        [
            2.8258574112614395e-05,
            -1.169477576806838e-06,
            -4.556508180203456e-07,
            -2.5754644718620582e-08,
            -1.0577490317374407e-05,
            9.79292081968619e-07,
            -5.025945003552445e-08,
            1.3279385927754118e-07
        ],
        [
            -1.169477576806838e-06,
            0.00041860139775441084,
            4.318181444079013e-06,
            -2.4709181192412866e-08,
            -0.0009080661966408657,
            3.557513595583959e-05,
            8.545499842542331e-07,
            3.4556080849263988e-06
        ],
        [
            -4.556508180203456e-07,
            4.318181444079013e-06,
            0.0004097434223300313,
            7.624822814989241e-07,
            -1.6469010942754103e-05,
            1.3679207224813426e-06,
            1.475306602428771e-08,
            -3.0089772783189067e-05
        ],
        [
            -2.5754644718620582e-08,
            -2.4709181192412866e-08,
            7.624822814989241e-07,
            8.271983803399607e-05,
            -2.2984640504406616e-06,
            -6.453528059565117e-07,
            -1.2351684097718991e-05,
            4.4081284520962635e-07
        ],
        [
            -1.0577490317374407e-05,
            -0.0009080661966408657,
            -1.6469010942754103e-05,
            -2.2984640504406616e-06,
            0.006325569065609194,
            -0.00021943115738273845,
            -3.1251659804080026e-06,
            -1.6752239728713417e-05
        ],
        [
            9.79292081968619e-07,
            3.557513595583959e-05,
            1.3679207224813426e-06,
            -6.453528059565117e-07,
            -0.00021943115738273845,
            0.00028091204412032764,
            -6.072208692513669e-07,
            -3.8851356463473747e-07
        ],
        [
            -5.025945003552445e-08,
            8.545499842542331e-07,
            1.475306602428771e-08,
            -1.2351684097718991e-05,
            -3.1251659804080026e-06,
            -6.072208692513669e-07,
            6.60323045149653e-05,
            1.324171021886558e-07
        ],
        [
            1.3279385927754118e-07,
            3.4556080849263988e-06,
            -3.0089772783189067e-05,
            4.4081284520962635e-07,
            -1.6752239728713417e-05,
            -3.8851356463473747e-07,
            1.324171021886558e-07,
            0.00028500432742853367
        ]
    ]
}