{
    "bin_index": "bin2",
    "valid": true,
    "converged": true,
    "fmin": 69692.48083569901,
    "status": "Optimization terminated successfully",
    "parameters": {
        "FL": {
            "value": 0.7678452193615654,
            "error": 0.004064833387073358,
            "error_low": -0.004064833387073358,
            "error_up": 0.004064833387073358,
            "error_source": "hessian"
        },
        "S3": {
            "value": -0.007607585199356644,
            "error": 0.005556492922517367,
            "error_low": -0.005556492922517367,
            "error_up": 0.005556492922517367,
            "error_source": "hessian"
        },
        "S9": {
            "value": 0.0031168970847441843,
            "error": 0.00545775473237387,
            "error_low": -0.00545775473237387,
            "error_up": 0.00545775473237387,
            "error_source": "hessian"
        },
        "AFB": {
            "value": -0.0026100337552788797,
            "error": 0.003625559762967942,
            "error_low": -0.003625559762967942,
            "error_up": 0.003625559762967942,
            "error_source": "hessian"
        },
        "S4": {
            "value": -0.10191327995408123,
            "error": 0.006891112458162092,
            "error_low": -0.006891112458162092,
            "error_up": 0.006891112458162092,
            "error_source": "hessian"
        },
        "S7": {
            "value": 0.0016834739303052358,
            "error": 0.0070507913826693405,
            "error_low": -0.0070507913826693405,
            "error_up": 0.0070507913826693405,
            "error_source": "hessian"
        },
        "S5": {
            "value": 0.008982436944695164,
            "error": 0.00695257418023153,
            "error_low": -0.00695257418023153,
            "error_up": 0.00695257418023153,
            "error_source": "hessian"
        },
        "S8": {
            "value": 0.0029436075602740173,
            "error": 0.007009813574207704,
            "error_low": -0.007009813574207704,
            "error_up": 0.007009813574207704,
            "error_source": "hessian"
        }
    },
    "covariance": [
        [
            1.652287046466627e-05,
            1.7025919282147648e-07,
            3.745958364499825e-08,
            1.207128819895453e-07,
            1.3722828864900796e-06,
            -1.1024650854918233e-07,
            -4.7010051294450596e-07,
            1.6916433480493227e-07
        ],
        [
            1.7025919282147648e-07,
            3.087461359798559e-05,
            -5.731644676064413e-07,
            -1.4079302346313833e-07,
            -1.577389762890278e-06,
            2.575684846540316e-07,
            5.583702340089856e-07,
            2.414982643070726e-08
        ],
        [
            3.745958364499825e-08,
            -5.731644676064414e-07,
            2.9787086718749377e-05,
            2.24807366381865e-07,
            -2.5914698436628744e-07,
            3.018948034202423e-07,
            5.360859291627753e-08,
            -1.766969239228524e-06
        ],
        [
            1.2071288198954528e-07,
            -1.4079302346313833e-07,
            2.2480736638186502e-07,
            1.3144683594852158e-05,
            5.70094963484147e-07,
            -8.311464142309916e-08,
            -1.9683748169678433e-06,
            3.2244698828629027e-07
        ],
        [
            1.3722828864900796e-06,
            -1.577389762890278e-06,
            -2.591469843662874e-07,
            5.700949634841471e-07,
            4.748743091103679e-05,
            1.1681917963120605e-07,
            -1.6881865879453787e-07,
            6.2802537670408e-07
        ],
        [
            -1.1024650854918229e-07,
            2.5756848465403157e-07,
            3.018948034202423e-07,
            -8.311464142309916e-08,
            1.1681917963120605e-07,
            4.9713659121924226e-05,
            4.331441930258764e-07,
            3.533825299425041e-08
        ],
        [
            -4.701005129445059e-07,
            5.583702340089857e-07,
            5.360859291627752e-08,
            -1.9683748169678433e-06,
            -1.6881865879453784e-07,
            4.331441930258764e-07,
            4.833828773162213e-05,
            8.763605424734568e-08
        ],
        [
            1.6916433480493225e-07,
            2.414982643070727e-08,
            -1.7669692392285237e-06,
            3.2244698828629016e-07,
            6.280253767040799e-07,
            3.533825299425042e-08,
            8.763605424734569e-08,
            4.913748634514658e-05
        ]
    ]
}