{
  "nx": 4,
  "ny": 4,
  "coef": [
    0.03627660947568246,
    0.04658047078780338,
    0.018466207169416122,
    0.054623602935324284,
    0.031550460561210754,
    0.04851846828111206,
    0.03763419541533869,
    0.0604929252321088,
    0.015794379178994112,
    0.06199859269718729,
    0.02932202594007165,
    0.07549917425254732,
    0.005366283742111958,
    0.10372325518262007,
    0.013242196238733637,
    0.060408720443569826,
    0.016236465909414043,
    0.06673238270183757,
    0.006466895976263566,
    0.05967594344239128,
    0.03052628221921775,
    0.029033595256651383,
    0.05364426099478393,
    0.02973272814799535,
    0.04174462301865759
  ],
  "x_range": [
    -1.0,
    1.0
  ],
  "y_range": [
    -1.0,
    1.0
  ]
}