{
  "nx": 4,
  "ny": 4,
  "coef": [
    0.041416287825487876,
    0.036328457567044455,
    0.034827992129251424,
    0.03760888418914241,
    0.04038210414123684,
    0.0330132498829757,
    0.06659424544666372,
    0.027223059569665434,
    0.040000209734488486,
    0.050975514547635895,
    0.04280614276615463,
    0.05263823949519934,
    0.019710073226668054,
    0.10328257222539915,
    0.01532961253486974,
    0.05653117798658452,
    0.023468384541137408,
    0.06648938273824348,
    0.000559174671280302,
    0.06222870834122482,
    0.0292281985935524,
    0.033050713328477435,
    0.044862033208813094,
    0.03761995451850947,
    0.03738392792994855
  ],
  "x_range": [
    -1.0,
    1.0
  ],
  "y_range": [
    -1.0,
    1.0
  ]
}