{
  "n": 4,
  "coef": [
    0.042013729463533864,
    0.041596155052719644,
    0.038536673901413444,
    0.04511876862302033,
    0.04106579834219061
  ],
  "range": [
    -3.141592653589793,
    3.141592653589793
  ]
}