{
  "n": 4,
  "coef": [
    0.041832071986186825,
    0.04126130810635165,
    0.0401472768237509,
    0.043214341563008754,
    0.04203256891451631
  ],
  "range": [
    -3.141592653589793,
    3.141592653589793
  ]
}