{
  "n": 4,
  "coef": [
    0.04211501530711516,
    0.04137689849583529,
    0.03887749056272834,
    0.04492016652407147,
    0.041114718296002675
  ],
  "range": [
    -3.141592653589793,
    3.141592653589793
  ]
}