{
  "nx": 4,
  "ny": 4,
  "coef": [
    0.040640101022828654,
    0.037055557713221096,
    0.034508528263044416,
    0.03708023397168816,
    0.040473531683193405,
    0.034201745872650756,
    0.06623727939377977,
    0.02640134378066111,
    0.04131103716227945,
    0.05191215560788342,
    0.04173918714963652,
    0.05283584776353495,
    0.02068435618921111,
    0.10305387379734955,
    0.01358419449606475,
    0.05696493559929039,
    0.02264152256886851,
    0.06771199626757383,
    -0.0007501809889933927,
    0.06417157019098185,
    0.028694406826425694,
    0.03438311432466416,
    0.042406126757235915,
    0.0396868630917269,
    0.0363232656624748
  ],
  "x_range": [
    -1.0,
    1.0
  ],
  "y_range": [
    -1.0,
    1.0
  ]
}