{
  "n": 4,
  "coef": [
    0.13009927073971284,
    0.11401799300969229,
    0.1488223068700587,
    0.11227264858911346,
    0.1284406157457001
  ],
  "range": [
    -3.141592653589793,
    3.141592653589793
  ]
}