{
  "nx": 4,
  "ny": 4,
  "coef": [
    0.2895643490361677,
    0.13423969804033348,
    0.10877683079341927,
    0.2068028299981425,
    0.012507074674827607,
    -0.02603860571457438,
    0.2675105817117979,
    0.08731975224543631,
    0.0332457517992797,
    0.05368384047834865,
    0.3800078486146272,
    -0.08692515996444654,
    0.2829667060571559,
    0.25537678361625116,
    -0.02971960057817733,
    -0.05140409394758687,
    0.28419456568760776,
    0.017091232505193274,
    0.0497938263075013,
    0.044800385311478834,
    0.29490527525674703,
    0.13833178008416197,
    0.10144557383692714,
    0.23561446292881028,
    0.00704672314812991
  ],
  "x_range": [
    -1.0,
    1.0
  ],
  "y_range": [
    -1.0,
    1.0
  ]
}