{
  "n": 4,
  "coef": [
    0.16647330262466684,
    0.15001876235055145,
    0.18649639618271424,
    0.1453193030424688,
    0.16498083079165582
  ],
  "range": [
    -3.141592653589793,
    3.141592653589793
  ]
}