{
  "n": 4,
  "coef": [
    0.12803196741778816,
    0.11825987754887585,
    0.14132423548967207,
    0.11718225710064346,
    0.1275753164432731
  ],
  "range": [
    -3.141592653589793,
    3.141592653589793
  ]
}