{
  "nx": 4,
  "ny": 4,
  "coef": [
    0.29732774792564154,
    0.11765582867508406,
    0.12695566287857624,
    0.18591245202592874,
    0.020109715292804777,
    -0.04022095390502602,
    0.3042725972820053,
    0.04513003786835446,
    0.07337899207029171,
    0.03722359198430287,
    0.40128858017439795,
    -0.16467493874416111,
    0.36225949195440743,
    0.2084844792277281,
    -0.01752530756548764,
    -0.06971653011461897,
    0.33434162313821925,
    -0.02765725701222688,
    0.07094807169032519,
    0.04018079717989822,
    0.30426313209463723,
    0.11787062233226517,
    0.12622069519715207,
    0.2161950504343429,
    0.016679964923333686
  ],
  "x_range": [
    -1.0,
    1.0
  ],
  "y_range": [
    -1.0,
    1.0
  ]
}