{
  "nx": 4,
  "ny": 4,
  "coef": [
    0.3935356792755499,
    0.12479584228300915,
    0.18237079403135642,
    0.24358810974606135,
    0.02602949427908819,
    -0.11142989998409907,
    0.48491935161508126,
    -0.02613101989631885,
    0.10878657289113401,
    0.04485391576537344,
    0.5828155858330663,
    -0.30181392268663126,
    0.5714046924997,
    0.22113753312037066,
    -0.012057658102966957,
    -0.11249971455652998,
    0.4573249667781877,
    -0.07678367306516973,
    0.10601301699769701,
    0.04985012981137157,
    0.39265585902819927,
    0.14243988948346747,
    0.18162784452939257,
    0.27393824127612554,
    0.02143008089606944
  ],
  "x_range": [
    -1.0,
    1.0
  ],
  "y_range": [
    -1.0,
    1.0
  ]
}