{
    "bin_index": "bin2",
    "valid": true,
    "converged": true,
    "fmin": 8334.454230222847,
    "status": 0,
    "parameters": {
        "FL_bin2": {
            "value": 0.7563505570531387,
            "error": 0.004113484326923312,
            "error_low": -0.004112797892266152,
            "error_up": 0.004114170761580473,
            "error_source": "minos (custom)"
        },
        "S3_bin2": {
            "value": -0.01436579364962451,
            "error": 0.005513101996382448,
            "error_low": -0.005502681206799518,
            "error_up": 0.005523522785965378,
            "error_source": "minos (custom)"
        },
        "S9_bin2": {
            "value": 0.0034721595892050323,
            "error": 0.00559561761751259,
            "error_low": -0.005602122612825389,
            "error_up": 0.005589112622199791,
            "error_source": "minos (custom)"
        },
        "AFB_bin2": {
            "value": -0.0010541981863513967,
            "error": 0.0036918719421035143,
            "error_low": -0.003692564147546795,
            "error_up": 0.003691179736660234,
            "error_source": "minos (custom)"
        },
        "S4_bin2": {
            "value": -0.0992876266118272,
            "error": 0.006908724256431257,
            "error_low": -0.006888736563852571,
            "error_up": 0.006928711949009943,
            "error_source": "minos (custom)"
        },
        "S7_bin2": {
            "value": 0.023878796243535883,
            "error": 0.007085303378806987,
            "error_low": -0.007084950161705594,
            "error_up": 0.007085656595908381,
            "error_source": "minos (custom)"
        },
        "S5_bin2": {
            "value": 0.011033265677408517,
            "error": 0.006946139980966612,
            "error_low": -0.0069620553686946494,
            "error_up": 0.006930224593238576,
            "error_source": "minos (custom)"
        },
        "S8_bin2": {
            "value": 0.0031196029647241833,
            "error": 0.007063971126327221,
            "error_low": -0.006981107413644234,
            "error_up": 0.007146834839010208,
            "error_source": "minos (custom)"
        }
    },
    "covariance": [
        [
            1.696742493511395e-05,
            4.654407738454227e-07,
            -1.6717794474074545e-07,
            1.710755707979281e-08,
            1.4305670084084817e-06,
            -2.098086955291499e-07,
            -1.3864189931648495e-07,
            -2.1787872891547404e-07
        ],
        [
            4.654407738454227e-07,
            3.0483220792861837e-05,
            -1.1738955978997738e-08,
            -2.644789795823506e-07,
            -1.637493981048901e-06,
            2.185567902686427e-07,
            3.694944106321568e-07,
            -1.457545265413895e-08
        ],
        [
            -1.6717794474074545e-07,
            -1.1738955978997738e-08,
            3.140272558319025e-05,
            1.7941019058899526e-07,
            3.9551654794370863e-07,
            5.485880788663239e-07,
            9.732580930787946e-07,
            -1.5136954323165014e-06
        ],
        [
            1.710755707979281e-08,
            -2.644789795823506e-07,
            1.7941019058899526e-07,
            1.366727670336561e-05,
            1.4677262817930222e-07,
            1.795945015762099e-07,
            -1.9757613436364693e-06,
            8.028331676281089e-07
        ],
        [
            1.4305670084084817e-06,
            -1.637493981048901e-06,
            3.9551654794370863e-07,
            1.4677262817930222e-07,
            4.786292459397393e-05,
            8.140606451957344e-07,
            6.275498563249793e-08,
            1.593942124301701e-07
        ],
        [
            -2.098086955291499e-07,
            2.185567902686427e-07,
            5.485880788663239e-07,
            1.795945015762099e-07,
            8.140606451957344e-07,
            5.03394560936996e-05,
            1.4782860517417302e-07,
            -2.995658881764384e-07
        ],
        [
            -1.3864189931648495e-07,
            3.694944106321568e-07,
            9.732580930787946e-07,
            -1.9757613436364693e-06,
            6.275498563249793e-08,
            1.4782860517417302e-07,
            4.837969046216599e-05,
            6.728457110220076e-07
        ],
        [
            -2.1787872891547404e-07,
            -1.457545265413895e-08,
            -1.5136954323165014e-06,
            8.028331676281089e-07,
            1.593942124301701e-07,
            -2.995658881764384e-07,
            6.728457110220076e-07,
            5.00389377628124e-05
        ]
    ]
}