{
    "bin_index": "bin2",
    "valid": true,
    "converged": true,
    "fmin": 9660.969493027034,
    "status": 0,
    "parameters": {
        "FL_bin2": {
            "value": 0.7805533354602825,
            "error": 0.009843384953012287,
            "error_low": -0.00991830470220162,
            "error_up": 0.009768465203822956,
            "error_source": "minos (custom)"
        },
        "S3_bin2": {
            "value": -0.015462529016879516,
            "error": 0.012968327429360764,
            "error_low": -0.012951786820828903,
            "error_up": 0.012984868037892623,
            "error_source": "minos (custom)"
        },
        "S9_bin2": {
            "value": 0.004737727680045439,
            "error": 0.013441494517254798,
            "error_low": -0.013443931046370096,
            "error_up": 0.0134390579881395,
            "error_source": "minos (custom)"
        },
        "AFB_bin2": {
            "value": -0.010499499620442951,
            "error": 0.00869971019520706,
            "error_low": -0.008712848443601148,
            "error_up": 0.008686571946812972,
            "error_source": "minos (custom)"
        },
        "S4_bin2": {
            "value": -0.1217013242286758,
            "error": 0.016436480135705478,
            "error_low": -0.016352058037610855,
            "error_up": 0.016520902233800098,
            "error_source": "minos (custom)"
        },
        "S7_bin2": {
            "value": 0.012596178053389967,
            "error": 0.016955714080779276,
            "error_low": -0.016909931179422022,
            "error_up": 0.017001496982136526,
            "error_source": "minos (custom)"
        },
        "S5_bin2": {
            "value": -0.02299310100015879,
            "error": 0.01685054310925005,
            "error_low": -0.016845193852024067,
            "error_up": 0.016855892366476034,
            "error_source": "minos (custom)"
        },
        "S8_bin2": {
            "value": -0.008485746459003076,
            "error": 0.016701271191309063,
            "error_low": -0.016648975301043242,
            "error_up": 0.016753567081574886,
            "error_source": "minos (custom)"
        }
    },
    "covariance": [
        [
            9.718540871378815e-05,
            6.372881670983256e-06,
            -1.5020001965902583e-06,
            3.3851199502843974e-06,
            1.0434446043391662e-05,
            -3.533428191402507e-07,
            1.8080147079443363e-06,
            -3.992559561375706e-06
        ],
        [
            6.372881670983256e-06,
            0.00016886225211020287,
            1.8362994509098091e-06,
            2.052186591940701e-06,
            -8.442470245204524e-06,
            -6.941183469585114e-06,
            -8.06573543957029e-06,
            -1.1083307003379177e-06
        ],
        [
            -1.5020001965902583e-06,
            1.8362994509098091e-06,
            0.00018140685831534738,
            -3.664834493501998e-07,
            -1.1177020483800882e-08,
            -2.1181464726943346e-06,
            -7.1095903770222615e-06,
            -1.568341312338964e-05
        ],
        [
            3.3851199502843974e-06,
            2.052186591940701e-06,
            -3.664834493501998e-07,
            7.588288888567666e-05,
            -3.866066225581919e-06,
            1.4629483658132594e-06,
            -1.4746551296284203e-05,
            2.650026273939756e-06
        ],
        [
            1.0434446043391662e-05,
            -8.442470245204524e-06,
            -1.1177020483800882e-08,
            -3.866066225581919e-06,
            0.00027106948225748295,
            2.076381339508924e-06,
            -7.460848557227348e-06,
            3.629428614058157e-06
        ],
        [
            -3.533428191402507e-07,
            -6.941183469585114e-06,
            -2.1181464726943346e-06,
            1.4629483658132594e-06,
            2.076381339508924e-06,
            0.0002883502499672481,
            1.2000847904139366e-06,
            -7.218594307490245e-06
        ],
        [
            1.8080147079443363e-06,
            -8.06573543957029e-06,
            -7.1095903770222615e-06,
            -1.4746551296284203e-05,
            -7.460848557227348e-06,
            1.2000847904139366e-06,
            0.0002848014572092253,
            1.8525332456559106e-06
        ],
        [
            -3.992559561375706e-06,
            -1.1083307003379177e-06,
            -1.568341312338964e-05,
            2.650026273939756e-06,
            3.629428614058157e-06,
            -7.218594307490245e-06,
            1.8525332456559106e-06,
            0.00027983894575990607
        ]
    ]
}