{
    "bin_index": "bin4",
    "valid": true,
    "converged": true,
    "fmin": 9999.999999923115,
    "status": 0,
    "parameters": {
        "rFL_bin4": {
            "value": 0.23481393705084105,
            "error": 0.011868623927081417,
            "error_low": -0.011855568342390387,
            "error_up": 0.011881679511772448,
            "error_source": "minos (custom)"
        },
        "rS3_bin4": {
            "value": -0.16723373218429893,
            "error": 0.041607526406095816,
            "error_low": -0.04183094070090908,
            "error_up": 0.04138411211128255,
            "error_source": "minos (custom)"
        },
        "u1_bin4": {
            "value": -0.00018318661218645095,
            "error": 0.018879153988600753,
            "error_low": -0.01888092196075053,
            "error_up": 0.018877386016450975,
            "error_source": "minos (custom)"
        },
        "v1_bin4": {
            "value": -0.011937503101160776,
            "error": 0.04094909606572655,
            "error_low": -0.040963425326535345,
            "error_up": 0.04093476680491775,
            "error_source": "minos (custom)"
        },
        "u2_bin4": {
            "value": -1.6443740211168496,
            "error": 0.2944708041898223,
            "error_low": -0.3736246029280062,
            "error_up": 0.2153170054516384,
            "error_source": "minos (custom)"
        },
        "v2_bin4": {
            "value": 0.04410731889135405,
            "error": 0.03076431583989861,
            "error_low": -0.0299186704937996,
            "error_up": 0.03160996118599762,
            "error_source": "minos (custom)"
        },
        "u3_bin4": {
            "value": -0.008896811863936887,
            "error": 0.01916785255744173,
            "error_low": -0.019171549697017214,
            "error_up": 0.01916415541786625,
            "error_source": "minos (custom)"
        },
        "v3_bin4": {
            "value": -0.009732371582250657,
            "error": 0.04033499083629738,
            "error_low": -0.04035455692826726,
            "error_up": 0.0403154247443275,
            "error_source": "minos (custom)"
        }
    },
    "covariance": [
        [
            0.00014126039161529386,
            -7.0113719355768115e-06,
            -1.7248718636001956e-07,
            2.7747926646339383e-06,
            -9.169606089401711e-06,
            3.953198474258572e-07,
            -2.6083204148363216e-06,
            -1.0517426772512822e-06
        ],
        [
            -7.0113719355768115e-06,
            0.0017347279890650238,
            4.283207465518047e-06,
            2.7558952459130394e-05,
            -0.005884926310491966,
            0.00012958638478445064,
            5.153743901355305e-06,
            9.51049751022138e-06
        ],
        [
            -1.7248718636001956e-07,
            4.283207465518047e-06,
            0.0003573795436460731,
            6.3057674774876575e-06,
            1.7901225776108347e-05,
            -7.662687267263342e-07,
            -6.685479620734656e-05,
            2.7313082273681687e-06
        ],
        [
            2.7747926646339383e-06,
            2.7558952459130394e-05,
            6.3057674774876575e-06,
            0.0016800562158619673,
            -8.079799871201975e-05,
            1.2118221091682768e-05,
            3.889425134025499e-06,
            -0.00016357220647161735
        ],
        [
            -9.169606089401711e-06,
            -0.005884926310491966,
            1.7901225776108347e-05,
            -8.079799871201975e-05,
            0.07099385842353904,
            -0.001494203394453107,
            6.056979221069011e-06,
            2.2729042618599766e-05
        ],
        [
            3.953198474258572e-07,
            0.00012958638478445064,
            -7.662687267263342e-07,
            1.2118221091682768e-05,
            -0.001494203394453107,
            0.0009267587703456274,
            3.1400660623353053e-06,
            -1.3237945624813578e-05
        ],
        [
            -2.6083204148363216e-06,
            5.153743901355305e-06,
            -6.685479620734656e-05,
            3.889425134025499e-06,
            6.056979221069011e-06,
            3.1400660623353053e-06,
            0.00036825919425170035,
            5.3647439731818815e-06
        ],
        [
            -1.0517426772512822e-06,
            9.51049751022138e-06,
            2.7313082273681687e-06,
            -0.00016357220647161735,
            2.2729042618599766e-05,
            -1.3237945624813578e-05,
            5.3647439731818815e-06,
            0.0016287434734541444
        ]
    ]
}