{
    "bin_index": "bin4",
    "valid": true,
    "converged": true,
    "fmin": 9999.999999923115,
    "status": 0,
    "parameters": {
        "FL": {
            "value": 0.6152956754007776,
            "error": 0.005626665916470561,
            "error_low": -0.005626665916470561,
            "error_up": 0.005626665916470561,
            "error_source": "delta_method"
        },
        "AFB": {
            "value": -5.2121456561953064e-05,
            "error": 0.005378825276108966,
            "error_low": -0.005378825276108966,
            "error_up": 0.005378825276108966,
            "error_source": "delta_method"
        },
        "S3": {
            "value": -0.031871207183193105,
            "error": 0.007798872778354589,
            "error_low": -0.007798872778354589,
            "error_up": 0.007798872778354589,
            "error_source": "delta_method"
        },
        "S4": {
            "value": -0.24368886810122758,
            "error": 0.008292532776147873,
            "error_low": -0.008292532776147873,
            "error_up": 0.008292532776147873,
            "error_source": "delta_method"
        },
        "S5": {
            "value": -0.003953465166887788,
            "error": 0.008526821102246859,
            "error_low": -0.008526821102246859,
            "error_up": 0.008526821102246859,
            "error_source": "delta_method"
        },
        "S7": {
            "value": 0.013073014384298854,
            "error": 0.008864989580015276,
            "error_low": -0.008864989580015276,
            "error_up": 0.008864989580015276,
            "error_source": "delta_method"
        },
        "S8": {
            "value": -0.0021623808972290924,
            "error": 0.008966127285127351,
            "error_low": -0.008966127285127351,
            "error_up": 0.008966127285127351,
            "error_source": "delta_method"
        },
        "S9": {
            "value": -0.0022643577931049674,
            "error": 0.007774160751612661,
            "error_low": -0.007774160751612661,
            "error_up": 0.007774160751612661,
            "error_source": "delta_method"
        }
    },
    "covariance": [
        [
            3.16593693355715e-05,
            -1.8916343914284318e-08,
            2.0019092276541466e-06,
            3.262719118404444e-06,
            -4.800577119701075e-07,
            -1.540751021014208e-07,
            -7.307604074971444e-08,
            4.3674193963900904e-07
        ],
        [
            -1.891634391428432e-08,
            2.8931761350908694e-05,
            2.2352531418511888e-07,
            3.0695110185546246e-07,
            -8.455244465644118e-06,
            -4.052006572474572e-08,
            1.713445517797751e-07,
            3.3955701002505604e-07
        ],
        [
            2.001909227654147e-06,
            2.2352531418511888e-07,
            6.082241661296022e-05,
            -6.880312342690335e-06,
            -3.603850456936292e-07,
            -1.1964033065363667e-06,
            -2.0449207227097775e-08,
            8.885958250172331e-07
        ],
        [
            3.2627191184044436e-06,
            3.0695110185546246e-07,
            -6.880312342690333e-06,
            6.876609984348676e-05,
            3.642960722566753e-07,
            6.808813372184533e-07,
            4.285643962165161e-07,
            4.262748652869062e-08
        ],
        [
            -4.800577119701075e-07,
            -8.455244465644122e-06,
            -3.603850456936291e-07,
            3.642960722566753e-07,
            7.270667810972235e-05,
            4.3484136053621405e-07,
            5.148023646789546e-07,
            3.1484721493537017e-07
        ],
        [
            -1.5407510210142077e-07,
            -4.052006572474572e-08,
            -1.196403306536367e-06,
            6.808813372184527e-07,
            4.348413605362141e-07,
            7.858804025377942e-05,
            -8.439860372154962e-07,
            5.603772463774526e-07
        ],
        [
            -7.307604074971446e-08,
            1.713445517797751e-07,
            -2.0449207227097795e-08,
            4.285643962165161e-07,
            5.148023646789547e-07,
            -8.439860372154961e-07,
            8.039143849310516e-05,
            -6.899381046454736e-06
        ],
        [
            4.3674193963900914e-07,
            3.3955701002505604e-07,
            8.885958250172333e-07,
            4.262748652869073e-08,
            3.1484721493537017e-07,
            5.603772463774526e-07,
            -6.899381046454735e-06,
            6.043757539191473e-05
        ]
    ]
}