{
    "bin_index": "bin7",
    "valid": true,
    "converged": true,
    "fmin": 8991.555099692197,
    "status": 0,
    "parameters": {
        "FL_bin7": {
            "value": 0.4447304646263006,
            "error": 0.004151262045404958,
            "error_low": -0.0041506728049080744,
            "error_up": 0.004151851285901841,
            "error_source": "minos (custom)"
        },
        "S3_bin7": {
            "value": -0.06117947651138983,
            "error": 0.006193665206997337,
            "error_low": -0.006191636545212011,
            "error_up": 0.006195693868782662,
            "error_source": "minos (custom)"
        },
        "S9_bin7": {
            "value": -0.004379578978795869,
            "error": 0.006207324357339339,
            "error_low": -0.0062020606298340405,
            "error_up": 0.006212588084844636,
            "error_source": "minos (custom)"
        },
        "AFB_bin7": {
            "value": -0.0005280541509180218,
            "error": 0.00443333687038993,
            "error_low": -0.004440101942456373,
            "error_up": 0.004426571798323488,
            "error_source": "minos (custom)"
        },
        "S4_bin7": {
            "value": -0.2749357572152851,
            "error": 0.005921121470392018,
            "error_low": -0.005900167494333154,
            "error_up": 0.005942075446450882,
            "error_source": "minos (custom)"
        },
        "S7_bin7": {
            "value": -0.00631574228448313,
            "error": 0.0063439560514237875,
            "error_low": -0.0063481806539356185,
            "error_up": 0.006339731448911957,
            "error_source": "minos (custom)"
        },
        "S5_bin7": {
            "value": 0.012610268463308413,
            "error": 0.00591515979019157,
            "error_low": -0.005892389048315267,
            "error_up": 0.0059379305320678725,
            "error_source": "minos (custom)"
        },
        "S8_bin7": {
            "value": -0.0034937438029549466,
            "error": 0.006606521369161237,
            "error_low": -0.006607114767524293,
            "error_up": 0.006605927970798182,
            "error_source": "minos (custom)"
        }
    },
    "covariance": [
        [
            1.728228545459574e-05,
            1.0996979841843749e-06,
            1.0016822742984355e-07,
            1.3688496768972704e-08,
            -4.7819314220944455e-08,
            -6.656985974239627e-08,
            7.81646408603144e-08,
            3.6126317179367625e-08
        ],
        [
            1.0996979841843749e-06,
            3.847249956520065e-05,
            2.568003103523322e-07,
            -9.520327528341529e-08,
            -4.684845346754036e-06,
            4.0099935520891887e-07,
            4.086310883516964e-07,
            1.6959489123432477e-08
        ],
        [
            1.0016822742984355e-07,
            2.568003103523322e-07,
            3.8642874702526644e-05,
            1.6339965262101526e-07,
            -1.67137400310822e-07,
            2.707175872973766e-07,
            1.4357577185771884e-08,
            -4.0547715533729776e-06
        ],
        [
            1.3688496768972704e-08,
            -9.520327528341529e-08,
            1.6339965262101526e-07,
            1.9710439490797446e-05,
            2.8309909366605804e-07,
            -9.264073946599673e-08,
            -4.978830222685161e-06,
            9.480206166880267e-08
        ],
        [
            -4.7819314220944455e-08,
            -4.684845346754036e-06,
            -1.67137400310822e-07,
            2.8309909366605804e-07,
            3.516453671227037e-05,
            1.3982953107378083e-07,
            4.5736906765162237e-07,
            -1.7017823903056862e-07
        ],
        [
            -6.656985974239627e-08,
            4.0099935520891887e-07,
            2.707175872973766e-07,
            -9.264073946599673e-08,
            1.3982953107378083e-07,
            4.036086979594354e-05,
            -9.701256022139882e-08,
            4.511464994183218e-07
        ],
        [
            7.81646408603144e-08,
            4.086310883516964e-07,
            1.4357577185771884e-08,
            -4.978830222685161e-06,
            4.5736906765162237e-07,
            -9.701256022139882e-08,
            3.508948904553084e-05,
            1.7043507524171659e-07
        ],
        [
            3.6126317179367625e-08,
            1.6959489123432477e-08,
            -4.0547715533729776e-06,
            9.480206166880267e-08,
            -1.7017823903056862e-07,
            4.511464994183218e-07,
            1.7043507524171659e-07,
            4.377253466264777e-05
        ]
    ]
}