{
    "bin_index": "bin1",
    "valid": true,
    "converged": true,
    "fmin": 9934.350751934027,
    "status": 0,
    "parameters": {
        "rFL_bin1": {
            "value": 0.33367416214036777,
            "error": 0.031420523535453715,
            "error_low": -0.031195610191662348,
            "error_up": 0.03164543687924508,
            "error_source": "minos (custom)"
        },
        "rS3_bin1": {
            "value": 0.10552431695332797,
            "error": 0.07803149164233933,
            "error_low": -0.07741886743351444,
            "error_up": 0.07864411585116422,
            "error_source": "minos (custom)"
        },
        "u1_bin1": {
            "value": -0.037867285350422344,
            "error": 0.07191879505582366,
            "error_low": -0.07153848607138599,
            "error_up": 0.07229910404026132,
            "error_source": "minos (custom)"
        },
        "v1_bin1": {
            "value": -0.05249666949694533,
            "error": 0.07732568517261823,
            "error_low": -0.07735290885385325,
            "error_up": 0.07729846149138322,
            "error_source": "minos (custom)"
        },
        "u2_bin1": {
            "value": -0.4283388775668958,
            "error": 0.1582207678033807,
            "error_low": -0.17230068851152955,
            "error_up": 0.14414084709523187,
            "error_source": "minos (custom)"
        },
        "v2_bin1": {
            "value": 0.08809004844882866,
            "error": 0.046359242144832113,
            "error_low": -0.04602239138869343,
            "error_up": 0.0466960929009708,
            "error_source": "minos (custom)"
        },
        "u3_bin1": {
            "value": -0.004010917172634985,
            "error": 0.039710195702807254,
            "error_low": -0.039787753894390814,
            "error_up": 0.039632637511223694,
            "error_source": "minos (custom)"
        },
        "v3_bin1": {
            "value": 0.034687503226111686,
            "error": 0.11643083855114154,
            "error_low": -0.11413123987702467,
            "error_up": 0.11873043722525842,
            "error_source": "minos (custom)"
        }
    },
    "covariance": [
        [
            0.000988985814252071,
            0.00012739162831226834,
            -8.972926254870255e-05,
            -3.3936760577435785e-05,
            3.0273304801488346e-05,
            1.976255935906088e-05,
            3.887099795399184e-06,
            -6.777827797386949e-06
        ],
        [
            0.00012739162831226834,
            0.0060782105283675005,
            -0.00015423481406488026,
            -0.00028188091513120273,
            -0.0019758023415695908,
            0.0001622702275127621,
            5.572543385397854e-05,
            4.554432737116496e-05
        ],
        [
            -8.972926254870255e-05,
            -0.00015423481406488026,
            0.005170607495797287,
            9.894342955649895e-05,
            -4.779967207111765e-05,
            3.5654523657607934e-06,
            -0.00019176841963817575,
            0.000473963671698948
        ],
        [
            -3.3936760577435785e-05,
            -0.00028188091513120273,
            9.894342955649895e-05,
            0.005973003129483383,
            0.0002513998689577344,
            -8.912420343072025e-05,
            -3.2822198419177036e-05,
            -0.00043801259235027587
        ],
        [
            3.0273304801488346e-05,
            -0.0019758023415695908,
            -4.779967207111765e-05,
            0.0002513998689577344,
            0.024195036201980546,
            -0.0004931516614171392,
            -0.0003189751923892728,
            -0.00030960039195951746
        ],
        [
            1.976255935906088e-05,
            0.0001622702275127621,
            3.5654523657607934e-06,
            -8.912420343072025e-05,
            -0.0004931516614171392,
            0.0021405911727165527,
            -9.455623611426224e-06,
            -1.2774653760430535e-05
        ],
        [
            3.887099795399184e-06,
            5.572543385397854e-05,
            -0.00019176841963817575,
            -3.2822198419177036e-05,
            -0.0003189751923892728,
            -9.455623611426224e-06,
            0.0015781437791419059,
            9.36661697156526e-05
        ],
        [
            -6.777827797386949e-06,
            4.554432737116496e-05,
            0.000473963671698948,
            -0.00043801259235027587,
            -0.00030960039195951746,
            -1.2774653760430535e-05,
            9.36661697156526e-05,
            0.01344341048461208
        ]
    ]
}