{
    "bin_index": "bin10",
    "valid": true,
    "converged": true,
    "fmin": 9999.999999990963,
    "status": 0,
    "parameters": {
        "FL": {
            "value": 0.34295267674541846,
            "error": 0.004872479080606187,
            "error_low": -0.004872479080606187,
            "error_up": 0.004872479080606187,
            "error_source": "delta_method"
        },
        "AFB": {
            "value": 0.005003736871246525,
            "error": 0.005662509674846947,
            "error_low": -0.005662509674846947,
            "error_up": 0.005662509674846947,
            "error_source": "delta_method"
        },
        "S3": {
            "value": -0.22119571844472596,
            "error": 0.007331043323815598,
            "error_low": -0.007331043323815598,
            "error_up": 0.007331043323815598,
            "error_source": "delta_method"
        },
        "S4": {
            "value": -0.3008368790102913,
            "error": 0.006562956030696391,
            "error_low": -0.006562956030696391,
            "error_up": 0.006562956030696391,
            "error_source": "delta_method"
        },
        "S5": {
            "value": -0.007269838248198787,
            "error": 0.0065155712490803696,
            "error_low": -0.0065155712490803696,
            "error_up": 0.0065155712490803696,
            "error_source": "delta_method"
        },
        "S7": {
            "value": 0.0015275770069874887,
            "error": 0.007880323147676229,
            "error_low": -0.007880323147676229,
            "error_up": 0.007880323147676229,
            "error_source": "delta_method"
        },
        "S8": {
            "value": -0.000923514970072737,
            "error": 0.008312450375851788,
            "error_low": -0.008312450375851788,
            "error_up": 0.008312450375851788,
            "error_source": "delta_method"
        },
        "S9": {
            "value": -0.003637303761995106,
            "error": 0.007731090744393855,
            "error_low": -0.007731090744393855,
            "error_up": 0.007731090744393855,
            "error_source": "delta_method"
        }
    },
    "covariance": [
        [
            2.3741052390944917e-05,
            -1.243736832360664e-07,
            4.689383081737209e-06,
            -1.9267133309122032e-06,
            -4.2445298999896245e-07,
            4.022905900469808e-08,
            1.3629867443208276e-07,
            -2.475925220738345e-08
        ],
        [
            -1.2437368323606635e-07,
            3.206401581773528e-05,
            3.950593439141485e-08,
            -2.8522295689320826e-08,
            -9.33801392482381e-06,
            -9.540229543227172e-08,
            -1.582373832196402e-07,
            3.9074494809561654e-08
        ],
        [
            4.6893830817372095e-06,
            3.950593439141481e-08,
            5.374419621566126e-05,
            -9.823384828476154e-06,
            -1.0462300849420841e-07,
            3.122874227497316e-07,
            -7.26526610953736e-08,
            -9.457477371254051e-07
        ],
        [
            -1.926713330912203e-06,
            -2.8522295689320766e-08,
            -9.823384828476152e-06,
            4.3072391860854126e-05,
            -5.029614978436345e-07,
            -6.401752240853658e-07,
            1.0261889280915441e-07,
            -4.090286606506272e-07
        ],
        [
            -4.244529899989625e-07,
            -9.338013924823811e-06,
            -1.0462300849420799e-07,
            -5.029614978436343e-07,
            4.245266870184273e-05,
            -4.0825697614022627e-07,
            -5.348250213772206e-07,
            2.541680904458869e-07
        ],
        [
            4.022905900469816e-08,
            -9.540229543227172e-08,
            3.1228742274973186e-07,
            -6.401752240853641e-07,
            -4.0825697614022627e-07,
            6.209949291180178e-05,
            -1.9640372116337197e-07,
            -7.132778643172022e-08
        ],
        [
            1.3629867443208276e-07,
            -1.5823738321964017e-07,
            -7.26526610953736e-08,
            1.0261889280915441e-07,
            -5.348250213772205e-07,
            -1.96403721163372e-07,
            6.909683125099854e-05,
            -7.80893494742839e-06
        ],
        [
            -2.475925220738344e-08,
            3.907449480956166e-08,
            -9.457477371254051e-07,
            -4.090286606506272e-07,
            2.5416809044588694e-07,
            -7.132778643172023e-08,
            -7.808934947428388e-06,
            5.976976409805234e-05
        ]
    ]
}