{
    "bin_index": "bin10",
    "valid": true,
    "converged": true,
    "fmin": 9999.999999990963,
    "status": 0,
    "parameters": {
        "rFL_bin10": {
            "value": -0.325081788111154,
            "error": 0.010796299773184997,
            "error_low": -0.01081711727275261,
            "error_up": 0.010775482273617385,
            "error_source": "minos (custom)"
        },
        "rS3_bin10": {
            "value": -0.8167594465754027,
            "error": 0.04061557950671727,
            "error_low": -0.04149331568160308,
            "error_up": 0.03973784333183146,
            "error_source": "minos (custom)"
        },
        "rS9_bin10": {
            "value": -0.014975630260467113,
            "error": 0.03180311856299611,
            "error_low": -0.03181414188056052,
            "error_up": 0.031792095245431716,
            "error_source": "minos (custom)"
        },
        "rAFB_bin10": {
            "value": 0.013735747115195101,
            "error": 0.015533438938408948,
            "error_low": -0.01552248073310597,
            "error_up": 0.015544397143711928,
            "error_source": "minos (custom)"
        },
        "rS4_bin10": {
            "value": -2.2937211681711296,
            "error": 0.4956050779674229,
            "error_low": -0.5968923662283901,
            "error_up": 0.39431778970645565,
            "error_source": "minos (custom)"
        },
        "rS7_bin10": {
            "value": 0.012454940998369904,
            "error": 0.08816670767062643,
            "error_low": -0.11119225742717595,
            "error_up": 0.06514115791407689,
            "error_source": "minos (custom)"
        },
        "rS5_bin10": {
            "value": -0.026800334186212776,
            "error": 0.024025503774453304,
            "error_low": -0.024060064517403893,
            "error_up": 0.02399094303150271,
            "error_source": "minos (custom)"
        },
        "rS8_bin10": {
            "value": -0.00681001546862346,
            "error": 0.06132407539659511,
            "error_low": -0.06136065202003207,
            "error_up": 0.061287498773158144,
            "error_source": "minos (custom)"
        }
    },
    "covariance": [
        [
            0.00011689024815261886,
            -4.081028069043725e-05,
            -1.8386454900776065e-06,
            7.215927269678934e-07,
            0.0007163591230190754,
            -8.555787174241131e-06,
            -3.404771908621575e-06,
            2.2471087569749756e-06
        ],
        [
            -4.081028069043725e-05,
            0.0016518453008401383,
            -4.416325862914221e-06,
            -1.441831799690803e-05,
            -0.0111115973712767,
            0.00015270425839954317,
            3.7498529931813105e-05,
            4.464114709681207e-06
        ],
        [
            -1.8386454900776065e-06,
            -4.416325862914221e-06,
            0.0010132569427125117,
            2.7716373600983784e-07,
            -0.00017243295021559854,
            -1.6293995134392024e-07,
            3.789300371387244e-06,
            -0.0002372267747823879
        ],
        [
            7.215927269678934e-07,
            -1.441831799690803e-05,
            2.7716373600983784e-07,
            0.00024180253008967742,
            9.233472692256934e-05,
            -3.4130332777040746e-06,
            -9.491445348692862e-05,
            -3.18670549909783e-06
        ],
        [
            0.0007163591230190754,
            -0.0111115973712767,
            -0.00017243295021559854,
            9.233472692256934e-05,
            0.3511688368309532,
            -0.004786432847898537,
            -0.0004246177270166384,
            3.664633863554849e-05
        ],
        [
            -8.555787174241131e-06,
            0.00015270425839954317,
            -1.6293995134392024e-07,
            -3.4130332777040746e-06,
            -0.004786432847898537,
            0.004193681201264438,
            -6.695777338142576e-06,
            -1.2180348966202432e-05
        ],
        [
            -3.404771908621575e-06,
            3.7498529931813105e-05,
            3.789300371387244e-06,
            -9.491445348692862e-05,
            -0.0004246177270166384,
            -6.695777338142576e-06,
            0.0005783006568274348,
            -1.4324812393836798e-05
        ],
        [
            2.2471087569749756e-06,
            4.464114709681207e-06,
            -0.0002372267747823879,
            -3.18670549909783e-06,
            3.664633863554849e-05,
            -1.2180348966202432e-05,
            -1.4324812393836798e-05,
            0.0037574527998944307
        ]
    ]
}