{
    "bin_index": "bin3",
    "valid": true,
    "converged": true,
    "fmin": 9999.99999995046,
    "status": 0,
    "parameters": {
        "rFL_bin3": {
            "value": 0.4112188590236556,
            "error": 0.009677558484391042,
            "error_low": -0.009661465984801098,
            "error_up": 0.009693650983980987,
            "error_source": "minos (custom)"
        },
        "rS3_bin3": {
            "value": -0.08136948425374158,
            "error": 0.03712012690313405,
            "error_low": -0.03721242124462907,
            "error_up": 0.03702783256163903,
            "error_source": "minos (custom)"
        },
        "rr1_bin3": {
            "value": -1.908892557552555,
            "error": 0.738419773837677,
            "error_low": -1.0229712110822677,
            "error_up": 0.4538683365930861,
            "error_source": "minos (custom)"
        },
        "a1_bin3": {
            "value": -2.623659911697331,
            "error": 1.2903435733104718,
            "error_low": -1.6668759941774218,
            "error_up": 0.9138111524435217,
            "error_source": "minos (custom)"
        },
        "rr2_bin3": {
            "value": 0.9608958532303689,
            "error": 0.14319037446049754,
            "error_low": -0.12669092858605258,
            "error_up": 0.15968982033494253,
            "error_source": "minos (custom)"
        },
        "a2_bin3": {
            "value": 3.101382670730146,
            "error": 0.016123988974102187,
            "error_low": -0.016156290132058996,
            "error_up": 0.01609168781614538,
            "error_source": "minos (custom)"
        },
        "rr3_bin3": {
            "value": -1.88752125053216,
            "error": 1.6648172562017363,
            "error_low": -2.9004776725278516,
            "error_up": 0.42915683987562075,
            "error_source": "minos (custom)"
        },
        "a3_bin3": {
            "value": -1.034002506164768,
            "error": 1.5393864022710348,
            "error_low": -0.9126256726567537,
            "error_up": 2.166147131885316,
            "error_source": "minos (custom)"
        }
    },
    "covariance": [
        [
            9.392002211133956e-05,
            -5.458919861628951e-06,
            3.2989175573863234e-05,
            7.452821354105551e-05,
            2.6434310445397065e-05,
            -6.879828175422437e-07,
            -1.6511227509730278e-05,
            3.781937911884252e-05
        ],
        [
            -5.458919861628951e-06,
            0.0013807717533919055,
            -2.1346163404635514e-05,
            0.0007401774112786182,
            0.0028699767371296913,
            8.396690360703761e-06,
            -0.0004987703180350773,
            1.5228692810674016e-05
        ],
        [
            3.2989175573863234e-05,
            -2.1346163404635514e-05,
            0.3076200297299936,
            0.5197842532780788,
            4.431923867470213e-05,
            -2.2707886879312206e-05,
            -0.015284189497898016,
            0.056624022639817716
        ],
        [
            7.452821354105551e-05,
            0.0007401774112786182,
            0.5197842532780788,
            2.34251421534675,
            0.00043426719118745216,
            7.510479787526236e-05,
            -0.10460596455408723,
            0.05657506276574323
        ],
        [
            2.6434310445397065e-05,
            0.0028699767371296913,
            4.431923867470213e-05,
            0.00043426719118745216,
            0.01974082934183272,
            0.00013401135281921857,
            -0.0024952723833571093,
            0.0006475480937865174
        ],
        [
            -6.879828175422437e-07,
            8.396690360703761e-06,
            -2.2707886879312206e-05,
            7.510479787526236e-05,
            0.00013401135281921857,
            0.00026051740364705896,
            -6.406054632553083e-05,
            0.00016298018536134814
        ],
        [
            -1.6511227509730278e-05,
            -0.0004987703180350773,
            -0.015284189497898016,
            -0.10460596455408723,
            -0.0024952723833571093,
            -6.406054632553083e-05,
            0.38876524727188055,
            -0.323005358587183
        ],
        [
            3.781937911884252e-05,
            1.5228692810674016e-05,
            0.056624022639817716,
            0.05657506276574323,
            0.0006475480937865174,
            0.00016298018536134814,
            -0.323005358587183,
            0.8132538992559938
        ]
    ]
}