{
    "bin_index": "bin3",
    "valid": true,
    "converged": true,
    "fmin": 9999.99999995046,
    "status": 0,
    "parameters": {
        "FL": {
            "value": 0.6947535548347112,
            "error": 0.004110460520103443,
            "error_low": -0.004110460520103443,
            "error_up": 0.004110460520103443,
            "error_source": "delta_method"
        },
        "AFB": {
            "value": -0.00426318230891434,
            "error": 0.0037640032777164624,
            "error_low": -0.0037640032777164624,
            "error_up": 0.0037640032777164624,
            "error_source": "delta_method"
        },
        "S3": {
            "value": -0.01239153687768016,
            "error": 0.0056338434220825585,
            "error_low": -0.0056338434220825585,
            "error_up": 0.0056338434220825585,
            "error_source": "delta_method"
        },
        "S4": {
            "value": -0.20868702085243834,
            "error": 0.006312462142778752,
            "error_low": -0.006312462142778752,
            "error_up": 0.006312462142778752,
            "error_source": "delta_method"
        },
        "S5": {
            "value": 0.005061409070713666,
            "error": 0.006520255471985592,
            "error_low": -0.006520255471985592,
            "error_up": 0.006520255471985592,
            "error_source": "delta_method"
        },
        "S7": {
            "value": 0.01679165385974954,
            "error": 0.006723860284684494,
            "error_low": -0.006723860284684494,
            "error_up": 0.006723860284684494,
            "error_source": "delta_method"
        },
        "S8": {
            "value": -0.0042527148718632495,
            "error": 0.006757820516958575,
            "error_low": -0.006757820516958575,
            "error_up": 0.006757820516958575,
            "error_source": "delta_method"
        },
        "S9": {
            "value": -0.001619498009005117,
            "error": 0.0056014003051965055,
            "error_low": -0.0056014003051965055,
            "error_up": 0.0056014003051965055,
            "error_source": "delta_method"
        }
    },
    "covariance": [
        [
            1.6895885687329064e-05,
            1.96829022506758e-07,
            3.3484371530477725e-07,
            2.4210976522475733e-06,
            -1.7736826299631764e-08,
            -7.282168383067119e-08,
            1.7013230509090572e-07,
            -4.4240542244383106e-08
        ],
        [
            1.9682902250675797e-07,
            1.4167720674660272e-05,
            2.3024624437533575e-07,
            1.8327447002940625e-07,
            -4.096243278584359e-06,
            -1.6730094361518621e-07,
            2.0221703127250585e-07,
            2.8368632728504563e-07
        ],
        [
            3.348437153047772e-07,
            2.3024624437533573e-07,
            3.174019170454292e-05,
            -3.0943802701184353e-06,
            -1.5498057470379686e-07,
            -2.7827524314631534e-07,
            1.5886379840323363e-07,
            -3.3988088873821255e-07
        ],
        [
            2.4210976522475737e-06,
            1.8327447002940627e-07,
            -3.094380270118435e-06,
            3.984717830401491e-05,
            4.991356593208986e-07,
            3.800730693973059e-07,
            -7.226422844074389e-07,
            -1.3086345793895176e-07
        ],
        [
            -1.7736826299631754e-08,
            -4.096243278584359e-06,
            -1.5498057470379684e-07,
            4.991356593208985e-07,
            4.251373141995805e-05,
            -3.6482543735371485e-07,
            2.841174144204894e-07,
            5.225103768049587e-07
        ],
        [
            -7.282168383067121e-08,
            -1.6730094361518621e-07,
            -2.7827524314631555e-07,
            3.800730693973057e-07,
            -3.64825437353715e-07,
            4.521029712795745e-05,
            -3.2840617894668295e-07,
            7.078740624832448e-08
        ],
        [
            1.701323050909057e-07,
            2.0221703127250574e-07,
            1.5886379840323355e-07,
            -7.22642284407439e-07,
            2.841174144204979e-07,
            -3.2840617894668285e-07,
            4.566813813942626e-05,
            -3.7309185933649773e-06
        ],
        [
            -4.424054224438311e-08,
            2.8368632728504394e-07,
            -3.398808887382126e-07,
            -1.308634579389518e-07,
            5.225103768049596e-07,
            7.078740624832448e-08,
            -3.7309185933649777e-06,
            3.13756853790555e-05
        ]
    ]
}