{
    "bin_index": "bin3",
    "valid": true,
    "converged": true,
    "fmin": 9999.999999972319,
    "status": 0,
    "parameters": {
        "rFL_bin3": {
            "value": 0.4215532301262712,
            "error": 0.009733519577515153,
            "error_low": -0.009716527294098592,
            "error_up": 0.009750511860931716,
            "error_source": "minos (custom)"
        },
        "rS3_bin3": {
            "value": -0.06951198087541749,
            "error": 0.037037627020304706,
            "error_low": -0.037109422169012085,
            "error_up": 0.03696583187159733,
            "error_source": "minos (custom)"
        },
        "rS9_bin3": {
            "value": 0.049075309700591735,
            "error": 0.03703850175523981,
            "error_low": -0.03697930331159285,
            "error_up": 0.03709770019888677,
            "error_source": "minos (custom)"
        },
        "rAFB_bin3": {
            "value": -0.011292298050881007,
            "error": 0.01675127281350479,
            "error_low": -0.016752296479667705,
            "error_up": 0.016750249147341873,
            "error_source": "minos (custom)"
        },
        "rS4_bin3": {
            "value": -1.3248379100861472,
            "error": 0.1329157657085312,
            "error_low": -0.1493221413148332,
            "error_up": 0.11650939010222917,
            "error_source": "minos (custom)"
        },
        "rS7_bin3": {
            "value": 0.03941918023293341,
            "error": 0.029259379313653737,
            "error_low": -0.02863450126861384,
            "error_up": 0.029884257358693638,
            "error_source": "minos (custom)"
        },
        "rS5_bin3": {
            "value": -0.021477980619755182,
            "error": 0.014934741774456556,
            "error_low": -0.014939406286760925,
            "error_up": 0.014930077262152185,
            "error_source": "minos (custom)"
        },
        "rS8_bin3": {
            "value": 0.009105394472322434,
            "error": 0.03057589538458582,
            "error_low": -0.030558914021885583,
            "error_up": 0.030592876747286054,
            "error_source": "minos (custom)"
        }
    },
    "covariance": [
        [
            9.500943698759491e-05,
            -2.224141332853763e-06,
            6.414108388533726e-06,
            5.339390830798529e-07,
            -3.209297755592058e-05,
            3.488567064178834e-06,
            -4.276114310877954e-07,
            8.103145490853747e-07
        ],
        [
            -2.224141332853763e-06,
            0.0013748365654948202,
            2.937635384295203e-06,
            4.407521360656805e-06,
            -0.0025883140107443555,
            0.00010640858868331428,
            4.413362149407221e-06,
            -1.4620896275435399e-05
        ],
        [
            6.414108388533726e-06,
            2.937635384295203e-06,
            0.001374729998242387,
            -3.3135918063991804e-06,
            -4.388150643584285e-07,
            1.2325863678915528e-06,
            2.356635104905743e-06,
            -0.00010371006435481653
        ],
        [
            5.339390830798529e-07,
            4.407521360656805e-06,
            -3.3135918063991804e-06,
            0.0002813733574680349,
            -2.3658996088164174e-05,
            1.0679339139346558e-06,
            -3.9993234349106264e-05,
            -3.0265464475449347e-07
        ],
        [
            -3.209297755592058e-05,
            -0.0025883140107443555,
            -4.388150643584285e-07,
            -2.3658996088164174e-05,
            0.016978614214753437,
            -0.000609206393401244,
            -9.88559694096402e-06,
            2.570297617473831e-05
        ],
        [
            3.488567064178834e-06,
            0.00010640858868331428,
            1.2325863678915528e-06,
            1.0679339139346558e-06,
            -0.000609206393401244,
            0.0008440744406513279,
            5.024206470930298e-06,
            -4.276372387565262e-06
        ],
        [
            -4.276114310877954e-07,
            4.413362149407221e-06,
            2.356635104905743e-06,
            -3.9993234349106264e-05,
            -9.88559694096402e-06,
            5.024206470930298e-06,
            0.00022360346688728944,
            8.975392072762135e-07
        ],
        [
            8.103145490853747e-07,
            -1.4620896275435399e-05,
            -0.00010371006435481653,
            -3.0265464475449347e-07,
            2.570297617473831e-05,
            -4.276372387565262e-06,
            8.975392072762135e-07,
            0.0009365714301998116
        ]
    ]
}