{
    "bin_index": "bin3",
    "valid": true,
    "converged": true,
    "fmin": 9999.999999972319,
    "status": 0,
    "parameters": {
        "FL": {
            "value": 0.6991190687943571,
            "error": 0.004100711161585603,
            "error_low": -0.004100711161585603,
            "error_up": 0.004100711161585603,
            "error_source": "delta_method"
        },
        "AFB": {
            "value": -0.0025389178169420183,
            "error": 0.003771335012314165,
            "error_low": -0.003771335012314165,
            "error_up": 0.003771335012314165,
            "error_source": "delta_method"
        },
        "S3": {
            "value": -0.01044060414334748,
            "error": 0.005552231617043178,
            "error_low": -0.005552231617043178,
            "error_up": 0.005552231617043178,
            "error_source": "delta_method"
        },
        "S4": {
            "value": -0.20583715699694308,
            "error": 0.006479249338718768,
            "error_low": -0.006479249338718768,
            "error_up": 0.006479249338718768,
            "error_source": "delta_method"
        },
        "S5": {
            "value": -0.009501256606814232,
            "error": 0.006614105228082542,
            "error_low": -0.006614105228082542,
            "error_up": 0.006614105228082542,
            "error_source": "delta_method"
        },
        "S7": {
            "value": 0.009279587365292694,
            "error": 0.00674236512900193,
            "error_low": -0.00674236512900193,
            "error_up": 0.00674236512900193,
            "error_source": "delta_method"
        },
        "S8": {
            "value": 0.0020137751596162766,
            "error": 0.0067675619210866966,
            "error_low": -0.0067675619210866966,
            "error_up": 0.0067675619210866966,
            "error_source": "delta_method"
        },
        "S9": {
            "value": 0.00735920449014262,
            "error": 0.0055503059613855,
            "error_low": -0.0055503059613855,
            "error_up": 0.0055503059613855,
            "error_source": "delta_method"
        }
    },
    "covariance": [
        [
            1.6815832030752748e-05,
            1.928981806175442e-07,
            4.4342171715260184e-07,
            2.3972790553176008e-06,
            7.64364584716387e-08,
            9.27188690131707e-08,
            4.232032166386167e-08,
            -7.772588653644037e-09
        ],
        [
            1.928981806175442e-07,
            1.4222967775106684e-05,
            1.1764923328038156e-07,
            -1.8248917399541936e-07,
            -3.979131633875984e-06,
            1.0019197067052179e-08,
            -1.665567659012709e-08,
            -8.691562964631241e-08
        ],
        [
            4.4342171715260184e-07,
            1.1764923328038156e-07,
            3.08272759292939e-05,
            -2.8923527171553373e-06,
            -7.521076547249153e-07,
            -2.591083389927757e-07,
            -2.6069433800864387e-07,
            1.7412996023251557e-07
        ],
        [
            2.3972790553176008e-06,
            -1.824891739954193e-07,
            -2.8923527171553365e-06,
            4.198067199328759e-05,
            3.829166498057706e-08,
            1.3010552066996954e-07,
            1.1449693491397371e-08,
            4.821413457180265e-08
        ],
        [
            7.643645847163868e-08,
            -3.979131633875984e-06,
            -7.521076547249153e-07,
            3.829166498057707e-08,
            4.374638796814881e-05,
            4.893023990222122e-07,
            1.0358619421805431e-07,
            1.5298811181797133e-07
        ],
        [
            9.271886901317073e-08,
            1.0019197067052179e-08,
            -2.5910833899277587e-07,
            1.3010552066996986e-07,
            4.893023990222123e-07,
            4.5459487532781215e-05,
            -1.6533391398064098e-07,
            3.4257325397649e-08
        ],
        [
            4.2320321663861666e-08,
            -1.665567659012709e-08,
            -2.6069433800864397e-07,
            1.1449693491397335e-08,
            1.0358619421805431e-07,
            -1.6533391398064098e-07,
            4.5799894355742656e-05,
            -3.436049177262466e-06
        ],
        [
            -7.77258865364393e-09,
            -8.691562964631241e-08,
            1.7412996023251555e-07,
            4.8214134571802635e-08,
            1.5298811181797135e-07,
            3.4257325397649e-08,
            -3.4360491772624665e-06,
            3.080589626499142e-05
        ]
    ]
}