{
    "bin_index": "bin2",
    "valid": true,
    "converged": true,
    "fmin": 5831.510350524309,
    "status": 0,
    "parameters": {
        "rFL_bin2": {
            "value": 0.5907450139874109,
            "error": 0.006227745157973406,
            "error_low": -0.006215031028652431,
            "error_up": 0.00624045928729438,
            "error_source": "minos (custom)"
        },
        "rS3_bin2": {
            "value": 0.006734544815736526,
            "error": 0.025779991869686186,
            "error_low": -0.02559730755912346,
            "error_up": 0.025962676180248917,
            "error_source": "minos (custom)"
        },
        "rS9_bin2": {
            "value": -0.036899533114830914,
            "error": 0.02564123175694788,
            "error_low": -0.025388138952845862,
            "error_up": 0.025894324561049894,
            "error_source": "minos (custom)"
        },
        "rAFB_bin2": {
            "value": -0.0006711437822271773,
            "error": 0.011367141549611371,
            "error_low": -0.011367759716136796,
            "error_up": 0.011366523383085945,
            "error_source": "minos (custom)"
        },
        "rS4_bin2": {
            "value": -0.6004266702455064,
            "error": 0.027523597705036047,
            "error_low": -0.02803747979065032,
            "error_up": 0.02700971561942177,
            "error_source": "minos (custom)"
        },
        "rS7_bin2": {
            "value": 0.023515625029442613,
            "error": 0.010826556730428268,
            "error_low": -0.010783470375982596,
            "error_up": 0.010869643084873938,
            "error_source": "minos (custom)"
        },
        "rS5_bin2": {
            "value": 0.013233935048731358,
            "error": 0.009016056658320882,
            "error_low": -0.009010249414291238,
            "error_up": 0.009021863902350527,
            "error_source": "minos (custom)"
        },
        "rS8_bin2": {
            "value": -0.015449346239472408,
            "error": 0.018066518550378628,
            "error_low": -0.018095385106798555,
            "error_up": 0.0180376519939587,
            "error_source": "minos (custom)"
        }
    },
    "covariance": [
        [
            3.888733185096124e-05,
            -7.38388746803674e-08,
            -2.0410214950488172e-06,
            1.582551313233223e-07,
            -5.445018573388125e-06,
            -1.2247014249592328e-07,
            2.640399143124019e-07,
            6.494622614544161e-08
        ],
        [
            -7.38388746803674e-08,
            0.0006660975151294315,
            -7.5152409092590164e-06,
            1.7326897516450316e-06,
            -0.00028357274153007254,
            8.741319550045683e-06,
            -3.834745510103682e-06,
            6.5729847799254355e-06
        ],
        [
            -2.0410214950488172e-06,
            -7.5152409092590164e-06,
            0.0006590066656380393,
            5.454520489816571e-07,
            2.081299290492257e-06,
            9.954774457261157e-07,
            8.813032364817404e-07,
            -2.3843607225066658e-05
        ],
        [
            1.582551313233223e-07,
            1.7326897516450316e-06,
            5.454520489816571e-07,
            0.00012954947773008302,
            1.680886879854888e-07,
            -4.3750008268876397e-07,
            -9.35798676267379e-06,
            3.819649476427403e-06
        ],
        [
            -5.445018573388125e-06,
            -0.00028357274153007254,
            2.081299290492257e-06,
            1.680886879854888e-07,
            0.0007583311315018372,
            -1.0565037625796182e-05,
            3.7456104083835397e-06,
            -6.676052359447729e-06
        ],
        [
            -1.2247014249592328e-07,
            8.741319550045683e-06,
            9.954774457261157e-07,
            -4.3750008268876397e-07,
            -1.0565037625796182e-05,
            0.00011745220541246117,
            -9.431406265139094e-07,
            2.0456616991276129e-07
        ],
        [
            2.640399143124019e-07,
            -3.834745510103682e-06,
            8.813032364817404e-07,
            -9.35798676267379e-06,
            3.7456104083835397e-06,
            -9.431406265139094e-07,
            8.15039292038017e-05,
            3.692006122011976e-07
        ],
        [
            6.494622614544161e-08,
            6.5729847799254355e-06,
            -2.3843607225066658e-05,
            3.819649476427403e-06,
            -6.676052359447729e-06,
            2.0456616991276129e-07,
            3.692006122011976e-07,
            0.0003271949902518445
        ]
    ]
}