{
    "bin_index": "bin2",
    "valid": true,
    "converged": true,
    "fmin": 5831.5103505242405,
    "status": 0,
    "parameters": {
        "rFL_bin2": {
            "value": 0.5907450139888575,
            "error": 0.006227745157549704,
            "error_low": -0.006215031029676914,
            "error_up": 0.006240459285422495,
            "error_source": "minos (custom)"
        },
        "rS3_bin2": {
            "value": 0.006734544820499586,
            "error": 0.025779991867932894,
            "error_low": -0.025597307562130103,
            "error_up": 0.025962676173735686,
            "error_source": "minos (custom)"
        },
        "rS9_bin2": {
            "value": -0.03689953295578197,
            "error": 0.025641231755195323,
            "error_low": -0.02538813911011288,
            "error_up": 0.025894324400277766,
            "error_source": "minos (custom)"
        },
        "rAFB_bin2": {
            "value": -0.0006711437764243473,
            "error": 0.011367141548836859,
            "error_low": -0.011367759721158097,
            "error_up": 0.01136652337651562,
            "error_source": "minos (custom)"
        },
        "rS4_bin2": {
            "value": -0.6004266702839816,
            "error": 0.027523597703128865,
            "error_low": -0.02803747975017144,
            "error_up": 0.02700971565608629,
            "error_source": "minos (custom)"
        },
        "rS7_bin2": {
            "value": 0.023515625054895548,
            "error": 0.010826556729626314,
            "error_low": -0.010783470400708412,
            "error_up": 0.010869643058544215,
            "error_source": "minos (custom)"
        },
        "rS5_bin2": {
            "value": 0.013233935047497319,
            "error": 0.009016056657706608,
            "error_low": -0.009010249412445466,
            "error_up": 0.009021863902967749,
            "error_source": "minos (custom)"
        },
        "rS8_bin2": {
            "value": -0.015449346255402787,
            "error": 0.01806651854911246,
            "error_low": -0.018095385089620844,
            "error_up": 0.01803765200860408,
            "error_source": "minos (custom)"
        }
    },
    "covariance": [
        [
            3.88873324792252e-05,
            -7.38443606303345e-08,
            -2.041026715871899e-06,
            1.5825475706900738e-07,
            -5.445016367414593e-06,
            -1.2247182859927962e-07,
            2.6403818982193755e-07,
            6.494532572551333e-08
        ],
        [
            -7.38443606303345e-08,
            0.000666097549361507,
            -7.515252146927938e-06,
            1.7326882692872372e-06,
            -0.00028357278303726567,
            8.741314008485488e-06,
            -3.834748353245659e-06,
            6.572968071734781e-06
        ],
        [
            -2.041026715871899e-06,
            -7.515252146927938e-06,
            0.0006590066771699957,
            5.454502581133959e-07,
            2.081304513024017e-06,
            9.954709475855683e-07,
            8.812998911122406e-07,
            -2.384361185623412e-05
        ],
        [
            1.5825475706900738e-07,
            1.7326882692872372e-06,
            5.454502581133959e-07,
            0.0001295494803991549,
            1.6808762664625698e-07,
            -4.3750207506732356e-07,
            -9.357989653672689e-06,
            3.819646404361004e-06
        ],
        [
            -5.445016367414593e-06,
            -0.00028357278303726567,
            2.081304513024017e-06,
            1.6808762664625698e-07,
            0.0007583311728203158,
            -1.0565037797556241e-05,
            3.7456085936414935e-06,
            -6.676034252972861e-06
        ],
        [
            -1.2247182859927962e-07,
            8.741314008485488e-06,
            9.954709475855683e-07,
            -4.3750207506732356e-07,
            -1.0565037797556241e-05,
            0.000117452207281328,
            -9.431413022115177e-07,
            2.045627789960313e-07
        ],
        [
            2.6403818982193755e-07,
            -3.834748353245659e-06,
            8.812998911122406e-07,
            -9.357989653672689e-06,
            3.7456085936414935e-06,
            -9.431413022115177e-07,
            8.15039308196478e-05,
            3.6919971641835833e-07
        ],
        [
            6.494532572551333e-08,
            6.572968071734781e-06,
            -2.384361185623412e-05,
            3.819646404361004e-06,
            -6.676034252972861e-06,
            2.045627789960313e-07,
            3.6919971641835833e-07,
            0.0003271949950983806
        ]
    ]
}