{
    "bin_index": "bin2",
    "valid": true,
    "converged": true,
    "fmin": 9380.032392272858,
    "status": 0,
    "parameters": {
        "FL_bin2": {
            "value": 0.7722793869225276,
            "error": 0.007071066004090604,
            "error_low": -0.0071021586852912,
            "error_up": 0.007039973322890008,
            "error_source": "minos (custom)"
        },
        "S3_bin2": {
            "value": -0.013867039951509307,
            "error": 0.009323668060887474,
            "error_low": -0.009324715661149036,
            "error_up": 0.009322620460625913,
            "error_source": "minos (custom)"
        },
        "S9_bin2": {
            "value": -0.009132617726312414,
            "error": 0.00943544694137842,
            "error_low": -0.00940816176851639,
            "error_up": 0.009462732114240452,
            "error_source": "minos (custom)"
        },
        "AFB_bin2": {
            "value": -0.008773779588772743,
            "error": 0.006311118948348106,
            "error_low": -0.006321904356418896,
            "error_up": 0.006300333540277317,
            "error_source": "minos (custom)"
        },
        "S4_bin2": {
            "value": -0.10246928848813068,
            "error": 0.011804644363711755,
            "error_low": -0.011780574375184686,
            "error_up": 0.011828714352238822,
            "error_source": "minos (custom)"
        },
        "S7_bin2": {
            "value": 0.014471995255920167,
            "error": 0.012156417536961964,
            "error_low": -0.012148999952339304,
            "error_up": 0.012163835121584624,
            "error_source": "minos (custom)"
        },
        "S5_bin2": {
            "value": -0.009408063614221628,
            "error": 0.01199926655983375,
            "error_low": -0.011988041601523464,
            "error_up": 0.012010491518144034,
            "error_source": "minos (custom)"
        },
        "S8_bin2": {
            "value": 0.010007073015895509,
            "error": 0.012113713040954955,
            "error_low": -0.012094586051607837,
            "error_up": 0.012132840030302072,
            "error_source": "minos (custom)"
        }
    },
    "covariance": [
        [
            5.014813331233109e-05,
            2.3932750512523017e-06,
            1.2699658631194222e-06,
            1.280824780200218e-06,
            4.93489574354076e-06,
            -4.603014686995404e-07,
            8.954313996606913e-07,
            -2.7243628919071984e-06
        ],
        [
            2.3932750512523017e-06,
            8.723002183824164e-05,
            1.0149424192479927e-06,
            -7.800378185566133e-07,
            -5.103972935838503e-06,
            -2.2557438770596333e-06,
            -7.700559658609339e-07,
            -3.369443869523733e-07
        ],
        [
            1.2699658631194222e-06,
            1.0149424192479927e-06,
            8.933664876432095e-05,
            -4.821507250451754e-08,
            2.4423463209348654e-06,
            -7.648678944683834e-07,
            -1.6300531275660765e-06,
            -6.0943757960099115e-06
        ],
        [
            1.280824780200218e-06,
            -7.800378185566133e-07,
            -4.821507250451754e-08,
            3.994064750188579e-05,
            -2.105859435933493e-06,
            1.7950590069671036e-06,
            -6.665774297852947e-06,
            1.9647004224325124e-06
        ],
        [
            4.93489574354076e-06,
            -5.103972935838503e-06,
            2.4423463209348654e-06,
            -2.105859435933493e-06,
            0.0001397830582961909,
            1.1643126990521368e-06,
            -4.299931540487991e-06,
            9.157827396689308e-07
        ],
        [
            -4.603014686995404e-07,
            -2.2557438770596333e-06,
            -7.648678944683834e-07,
            1.7950590069671036e-06,
            1.1643126990521368e-06,
            0.00014821046745630583,
            -4.183050432460824e-07,
            -2.3964710260993608e-06
        ],
        [
            8.954313996606913e-07,
            -7.700559658609339e-07,
            -1.6300531275660765e-06,
            -6.665774297852947e-06,
            -4.299931540487991e-06,
            -4.183050432460824e-07,
            0.00014440769388785276,
            9.150158087462384e-07
        ],
        [
            -2.7243628919071984e-06,
            -3.369443869523733e-07,
            -6.0943757960099115e-06,
            1.9647004224325124e-06,
            9.157827396689308e-07,
            -2.3964710260993608e-06,
            9.150158087462384e-07,
            0.0001471924735414037
        ]
    ]
}