{
    "bin_index": "bin7",
    "valid": true,
    "converged": true,
    "fmin": 5756.659052692264,
    "status": 0,
    "parameters": {
        "rFL_bin7": {
            "value": -0.12723752443978345,
            "error": 0.004622734918851009,
            "error_low": -0.00465963999047285,
            "error_up": 0.004585829847229169,
            "error_source": "minos (custom)"
        },
        "rS3_bin7": {
            "value": -0.2266679267763676,
            "error": 0.011136445714081534,
            "error_low": -0.011081994894892429,
            "error_up": 0.011190896533270638,
            "error_source": "minos (custom)"
        },
        "rS9_bin7": {
            "value": -0.012910072517084568,
            "error": 0.0125780216723053,
            "error_low": -0.012565173128030516,
            "error_up": 0.012590870216580083,
            "error_source": "minos (custom)"
        },
        "rAFB_bin7": {
            "value": 0.0012795465269448037,
            "error": 0.005942517921361435,
            "error_low": -0.0059434834676788196,
            "error_up": 0.005941552375044051,
            "error_source": "minos (custom)"
        },
        "rS4_bin7": {
            "value": -6.106035477769052,
            "error": 19.06244110214377,
            "error_low": -19.06244110214377,
            "error_up": 19.06244110214377,
            "error_source": "minos (custom)"
        },
        "rS7_bin7": {
            "value": -0.05832896680060766,
            "error": 1.438884025347454,
            "error_low": -1.438884025347454,
            "error_up": 1.438884025347454,
            "error_source": "minos (custom)"
        },
        "rS5_bin7": {
            "value": -0.0026130194538434314,
            "error": 0.007447747814113307,
            "error_low": -0.007452219595525008,
            "error_up": 0.007443276032701607,
            "error_source": "minos (custom)"
        },
        "rS8_bin7": {
            "value": 0.018051476486708216,
            "error": 0.016715866992173267,
            "error_low": -0.016706506913182484,
            "error_up": 0.01672522707116405,
            "error_source": "minos (custom)"
        }
    },
    "covariance": [
        [
            1.9396934562315392e-05,
            -1.2669614002088477e-06,
            -2.5630059382449877e-07,
            -2.2249992359493536e-09,
            0.06901905932880821,
            0.004808771823892918,
            4.3518768608176015e-08,
            1.2261600180601181e-08
        ],
        [
            -1.2669614002088477e-06,
            0.00013755277974643367,
            5.270210812797351e-07,
            1.5754635899684738e-07,
            -1.5884501190512064,
            -0.11059263710867472,
            -4.331937365977581e-07,
            -1.1295192390059474e-06
        ],
        [
            -2.5630059382449877e-07,
            5.270210812797351e-07,
            0.00014304817504071603,
            -1.8088464104884168e-08,
            -0.014360267269529135,
            -0.0009761945813380824,
            -4.784549396033051e-08,
            -1.7601007907659634e-05
        ],
        [
            -2.2249992359493536e-09,
            1.5754635899684738e-07,
            -1.8088464104884168e-08,
            3.1775344407186696e-05,
            -0.011511166489919044,
            -0.0007823732935269837,
            -6.8885948667733345e-06,
            -7.56633213916132e-08
        ],
        [
            0.06901905932880821,
            -1.5884501190512064,
            -0.014360267269529135,
            -0.011511166489919044,
            100294.2468882491,
            6981.959275404072,
            0.013079195504692692,
            0.02979383339261885
        ],
        [
            0.004808771823892918,
            -0.11059263710867472,
            -0.0009761945813380824,
            -0.0007823732935269837,
            6981.959275404072,
            487.9032227228036,
            0.0008914595925944968,
            0.0020903761656258955
        ],
        [
            4.3518768608176015e-08,
            -4.331937365977581e-07,
            -4.784549396033051e-08,
            -6.8885948667733345e-06,
            0.013079195504692692,
            0.0008914595925944968,
            4.990578737906992e-05,
            -2.6137927854785234e-07
        ],
        [
            1.2261600180601181e-08,
            -1.1295192390059474e-06,
            -1.7601007907659634e-05,
            -7.56633213916132e-08,
            0.02979383339261885,
            0.0020903761656258955,
            -2.6137927854785234e-07,
            0.0002526237326803327
        ]
    ]
}