{
    "bin_index": "bin7",
    "valid": true,
    "converged": true,
    "fmin": 9645.145702781365,
    "status": 0,
    "parameters": {
        "FL_bin7": {
            "value": 0.44303982012631726,
            "error": 0.007141305251939074,
            "error_low": -0.007191064275442458,
            "error_up": 0.007091546228435689,
            "error_source": "minos (custom)"
        },
        "S3_bin7": {
            "value": -0.07161331161564523,
            "error": 0.010860916371751218,
            "error_low": -0.010911486755436716,
            "error_up": 0.01081034598806572,
            "error_source": "minos (custom)"
        },
        "S9_bin7": {
            "value": -0.006736899363923659,
            "error": 0.010672659264619747,
            "error_low": -0.010560709373573314,
            "error_up": 0.010784609155666182,
            "error_source": "minos (custom)"
        },
        "AFB_bin7": {
            "value": -0.007139059812526117,
            "error": 0.007632471392144123,
            "error_low": -0.007561439450654965,
            "error_up": 0.007703503333633279,
            "error_source": "minos (custom)"
        },
        "S4_bin7": {
            "value": -0.27900324538675486,
            "error": 0.01019236436315338,
            "error_low": -0.010050461500992588,
            "error_up": 0.010334267225314171,
            "error_source": "minos (custom)"
        },
        "S7_bin7": {
            "value": 0.003647347403378821,
            "error": 0.01099442462836275,
            "error_low": -0.01096046630847609,
            "error_up": 0.011028382948249408,
            "error_source": "minos (custom)"
        },
        "S5_bin7": {
            "value": 0.015960039591931787,
            "error": 0.010192287390854404,
            "error_low": -0.010246347777700454,
            "error_up": 0.010138227004008354,
            "error_source": "minos (custom)"
        },
        "S8_bin7": {
            "value": 0.0016739750513730136,
            "error": 0.011503409256679534,
            "error_low": -0.011361002212952935,
            "error_up": 0.011645816300406134,
            "error_source": "minos (custom)"
        }
    },
    "covariance": [
        [
            5.112039771344811e-05,
            3.84463593635162e-06,
            1.2069862216562468e-06,
            8.423809694091212e-07,
            -4.6664212261596593e-07,
            -2.754171014137302e-07,
            1.968149607520973e-07,
            -7.22311877580479e-07
        ],
        [
            3.84463593635162e-06,
            0.00011824427993971525,
            9.88422530069829e-07,
            -4.2648736565770703e-07,
            -1.448892474157284e-05,
            1.1434263135351431e-06,
            2.208698436643108e-06,
            -1.1913830197425998e-06
        ],
        [
            1.2069862216562468e-06,
            9.88422530069829e-07,
            0.00011418092239103184,
            1.403303813234465e-06,
            -1.0133222393154437e-06,
            1.092781660230519e-06,
            2.014101729665895e-06,
            -1.3688068206129792e-05
        ],
        [
            8.423809694091212e-07,
            -4.2648736565770703e-07,
            1.403303813234465e-06,
            5.83827750737039e-05,
            7.582573311641858e-07,
            2.6570641804150116e-07,
            -1.5061669975535684e-05,
            -2.2600292571700485e-08
        ],
        [
            -4.6664212261596593e-07,
            -1.448892474157284e-05,
            -1.0133222393154437e-06,
            7.582573311641858e-07,
            0.00010414722432909915,
            6.434016641241559e-07,
            3.25793365352047e-06,
            3.0876548658747413e-06
        ],
        [
            -2.754171014137302e-07,
            1.1434263135351431e-06,
            1.092781660230519e-06,
            2.6570641804150116e-07,
            6.434016641241559e-07,
            0.00012115859540151368,
            1.0038218378858706e-06,
            9.328067984007049e-07
        ],
        [
            1.968149607520973e-07,
            2.208698436643108e-06,
            2.014101729665895e-06,
            -1.5061669975535684e-05,
            3.25793365352047e-06,
            1.0038218378858706e-06,
            0.00010413097688068055,
            5.729369695803268e-07
        ],
        [
            -7.22311877580479e-07,
            -1.1913830197425998e-06,
            -1.3688068206129792e-05,
            -2.2600292571700485e-08,
            3.0876548658747413e-06,
            9.328067984007049e-07,
            5.729369695803268e-07,
            0.00013264735049622856
        ]
    ]
}