{
    "bin_index": "bin7",
    "valid": true,
    "converged": true,
    "fmin": 5756.659052691325,
    "status": 0,
    "parameters": {
        "rFL_bin7": {
            "value": -0.12723752445341796,
            "error": 0.004622734900349739,
            "error_low": -0.004659639972295576,
            "error_up": 0.004585829828403903,
            "error_source": "minos (custom)"
        },
        "rS3_bin7": {
            "value": -0.22666792717514778,
            "error": 0.01113644572524756,
            "error_low": -0.011081994481502242,
            "error_up": 0.011190896968992878,
            "error_source": "minos (custom)"
        },
        "rS9_bin7": {
            "value": -0.012910072624011738,
            "error": 0.012578021668512941,
            "error_low": -0.012565173028206153,
            "error_up": 0.012590870308819729,
            "error_source": "minos (custom)"
        },
        "rAFB_bin7": {
            "value": 0.0012795466555813797,
            "error": 0.005942517920301796,
            "error_low": -0.005943483601747582,
            "error_up": 0.00594155223885601,
            "error_source": "minos (custom)"
        },
        "rS4_bin7": {
            "value": -6.106035490740004,
            "error": 19.062414581390687,
            "error_low": -19.062414581390687,
            "error_up": 19.062414581390687,
            "error_source": "minos (custom)"
        },
        "rS7_bin7": {
            "value": -0.058329036727448366,
            "error": 1.4388838428914754,
            "error_low": -1.4388838428914754,
            "error_up": 1.4388838428914754,
            "error_source": "minos (custom)"
        },
        "rS5_bin7": {
            "value": -0.0026130193186856003,
            "error": 0.007447747814111415,
            "error_low": -0.007452219724041349,
            "error_up": 0.00744327590418148,
            "error_source": "minos (custom)"
        },
        "rS8_bin7": {
            "value": 0.018051476443425963,
            "error": 0.01671586698858884,
            "error_low": -0.016706506872565408,
            "error_up": 0.016725227104612272,
            "error_source": "minos (custom)"
        }
    },
    "covariance": [
        [
            1.939692975934473e-05,
            -1.26696151951386e-06,
            -2.563010046405288e-07,
            -2.22547343699019e-09,
            0.06901908686211278,
            0.0048087777598483025,
            4.352009135530454e-08,
            1.2261782695745555e-08
        ],
        [
            -1.26696151951386e-06,
            0.00013755270093185112,
            5.27006143911414e-07,
            1.5754460886374147e-07,
            -1.5884465796530833,
            -0.11059248238235443,
            -4.3319960378259225e-07,
            -1.1295176140461736e-06
        ],
        [
            -2.563010046405288e-07,
            5.27006143911414e-07,
            0.00014304816655803196,
            -1.808918503428568e-08,
            -0.014359218999414032,
            -0.0009761221875202381,
            -4.784467359055368e-08,
            -1.760100981460869e-05
        ],
        [
            -2.22547343699019e-09,
            1.5754460886374147e-07,
            -1.808918503428568e-08,
            3.177534180493144e-05,
            -0.011511096033779268,
            -0.0007823690232324817,
            -6.888593930606855e-06,
            -7.566321712179304e-08
        ],
        [
            0.06901908686211278,
            -1.5884465796530833,
            -0.014359218999414032,
            -0.011511096033779268,
            100294.0801472834,
            6981.953440259146,
            0.013079616947843648,
            0.029793817630189498
        ],
        [
            0.0048087777598483025,
            -0.11059248238235443,
            -0.0009761221875202381,
            -0.0007823690232324817,
            6981.953440259146,
            487.90321828528045,
            0.0008914897891953647,
            0.002090376919525084
        ],
        [
            4.352009135530454e-08,
            -4.3319960378259225e-07,
            -4.784467359055368e-08,
            -6.888593930606855e-06,
            0.013079616947843648,
            0.0008914897891953647,
            4.9905784256750366e-05,
            -2.6137921698363214e-07
        ],
        [
            1.2261782695745555e-08,
            -1.1295176140461736e-06,
            -1.760100981460869e-05,
            -7.566321712179304e-08,
            0.029793817630189498,
            0.002090376919525084,
            -2.6137921698363214e-07,
            0.00025262371846303375
        ]
    ]
}