{
  "n": 4,
  "coef": [
    0.02475779978523264,
    0.023285815736309664,
    0.029050398186501996,
    0.023547420913596108,
    0.026222569670474902
  ],
  "range": [
    -3.141592653589793,
    3.141592653589793
  ]
}