{
  "nx": 4,
  "ny": 4,
  "coef": [
    -0.0046624758086310164,
    0.018035612825034165,
    -0.012971223245803371,
    0.03509603700461163,
    -0.007043022928120043,
    0.05748778603002585,
    0.03587461026712188,
    0.04594076845939882,
    -0.045989210428094826,
    0.061517481654291696,
    -0.002518487160476876,
    0.05161692517180256,
    0.039455466336285085,
    0.12512814105071746,
    0.006420179742753024,
    0.07374667379725382,
    0.023307664258627046,
    -0.0010669737785964943,
    0.008260182200933056,
    0.054483368248515386,
    -0.011421477577971453,
    0.007045312874900383,
    0.018305749453615378,
    0.004490552560972791,
    -1.676447657318445e-05
  ],
  "x_range": [
    -1.0,
    1.0
  ],
  "y_range": [
    -1.0,
    1.0
  ]
}