{
  "n": 4,
  "coef": [
    0.024587785325081418,
    0.024247293514609216,
    0.027359064322218747,
    0.024954507148329613,
    0.026355077686131788
  ],
  "range": [
    -3.141592653589793,
    3.141592653589793
  ]
}