{
  "n": 4,
  "coef": [
    0.024740941964336485,
    0.023442080982670276,
    0.028819504444180008,
    0.023718170236742123,
    0.026290054656057302
  ],
  "range": [
    -3.141592653589793,
    3.141592653589793
  ]
}