{
  "nx": 4,
  "ny": 4,
  "coef": [
    -0.002599413381295183,
    0.017951821300940803,
    -0.012847281564441093,
    0.028576292901332682,
    -0.0044783056165056,
    0.053796282754980225,
    0.030590521958381012,
    0.03412192837647165,
    -0.01381016974064168,
    0.05181725334968451,
    0.002824211300937924,
    0.05476899773988358,
    0.05078091734495933,
    0.10110779842892623,
    0.009095448703515195,
    0.07000498108298531,
    0.015657274231909473,
    -3.12940963089895e-05,
    0.01892577918504003,
    0.053850842035679886,
    -0.011621587492393996,
    0.009471585929539526,
    0.018994981414224666,
    0.00045777281037243675,
    0.001611819071154836
  ],
  "x_range": [
    -1.0,
    1.0
  ],
  "y_range": [
    -1.0,
    1.0
  ]
}