{
  "nx": 4,
  "ny": 4,
  "coef": [
    -0.0023103068346638006,
    0.017076995065225864,
    -0.011623352695197738,
    0.027842799585777317,
    -0.0043961167678165675,
    0.0528777280095777,
    0.034977301309099575,
    0.02756153590786301,
    -0.010240351857784089,
    0.05105652407388267,
    0.0036616163168986136,
    0.05147356840788755,
    0.057092946388077326,
    0.09734441502023292,
    0.010279490328686507,
    0.06990280529640604,
    0.015937874817271713,
    -0.0005540276107742602,
    0.020123096894910566,
    0.05298802748380088,
    -0.011700321894294787,
    0.009778440760219931,
    0.018531735445766966,
    0.0006586702567826787,
    0.0017428793635226232
  ],
  "x_range": [
    -1.0,
    1.0
  ],
  "y_range": [
    -1.0,
    1.0
  ]
}