{
  "n": 4,
  "coef": [
    0.12992681565321296,
    0.12550753855224414,
    0.13383126511725812,
    0.1191856036152185,
    0.12914564044060053
  ],
  "range": [
    -3.141592653589793,
    3.141592653589793
  ]
}