{
  "n": 4,
  "coef": [
    0.1688148469975698,
    0.1587391147563475,
    0.1747854121369641,
    0.1549726829847964,
    0.1657220469607708
  ],
  "range": [
    -3.141592653589793,
    3.141592653589793
  ]
}