{
  "nx": 4,
  "ny": 4,
  "coef": [
    0.3445291245352761,
    0.08448227290712061,
    0.2856241693738101,
    0.40918430882684437,
    -0.026288533675534843,
    -0.021878014655420042,
    0.2190968095557581,
    -0.12480493244199704,
    0.0038029168456111895,
    0.060544105796781454,
    0.1841556023600936,
    -0.018780624928764467,
    0.5235347572756937,
    0.33791406920413386,
    -0.07346504332363092,
    0.09844227339218849,
    -0.08549008887814169,
    0.3190995986795711,
    -0.15044520752709858,
    0.08200301085136524,
    0.2085859828071394,
    0.4258137902390054,
    -0.12673754697746037,
    0.5785085734488776,
    -0.07292598067108201
  ],
  "x_range": [
    -1.0,
    1.0
  ],
  "y_range": [
    -1.0,
    1.0
  ]
}