{
  "n": 4,
  "coef": [
    0.13114086736239897,
    0.12408319304900314,
    0.13187518880817997,
    0.12218723987770977,
    0.12790500572597824
  ],
  "range": [
    -3.141592653589793,
    3.141592653589793
  ]
}