{
  "nx": 4,
  "ny": 4,
  "coef": [
    0.4461658489879418,
    0.04036900186261103,
    0.4156928373916943,
    0.4875908221710942,
    -0.03725332363426951,
    -0.05450847523176958,
    0.4696096018198194,
    -0.26446513874129374,
    0.1301980565442165,
    0.0658148008073808,
    0.27777612956671516,
    -0.22691731710089147,
    0.8360581000663856,
    0.2119085399833636,
    -0.040153808952429176,
    0.09243561312180396,
    0.05415357808195663,
    0.21597988717548072,
    0.021705444604516802,
    0.03409754046256417,
    0.30325278745763123,
    0.39713227000009743,
    0.011144425607155839,
    0.6093345421620167,
    -0.03942559357367461
  ],
  "x_range": [
    -1.0,
    1.0
  ],
  "y_range": [
    -1.0,
    1.0
  ]
}