{
  "nx": 4,
  "ny": 4,
  "coef": [
    0.3332313100500542,
    0.1174164152993287,
    0.2072050734594261,
    0.4602446146767501,
    -0.0363800147591433,
    -0.0009830122902195935,
    0.14431979679086943,
    0.04607482426981753,
    -0.08524084820365857,
    0.08313939146628663,
    0.1719761623094592,
    0.06526104575642482,
    0.3558960123703841,
    0.39732861566241945,
    -0.0832456484271538,
    0.08921979747111214,
    -0.08558748346675459,
    0.31953196029432285,
    -0.11997972535324605,
    0.06907054485837559,
    0.22771202567027193,
    0.35251864017147294,
    -0.03410552838515925,
    0.5184943640751456,
    -0.058901018195493815
  ],
  "x_range": [
    -1.0,
    1.0
  ],
  "y_range": [
    -1.0,
    1.0
  ]
}