{
    "bin_index": "bin3",
    "valid": true,
    "converged": true,
    "fmin": 78264.30006520335,
    "status": "Optimization terminated successfully",
    "parameters": {
        "FL": {
            "value": 0.6947536162550648,
            "error": 0.004110459974055351,
            "error_low": -0.004110459974055351,
            "error_up": 0.004110459974055351,
            "error_source": "hessian"
        },
        "S3": {
            "value": -0.01239179307439914,
            "error": 0.005634217931907138,
            "error_low": -0.005634217931907138,
            "error_up": 0.005634217931907138,
            "error_source": "hessian"
        },
        "S9": {
            "value": -0.0016192080213283213,
            "error": 0.005598096723046222,
            "error_low": -0.005598096723046222,
            "error_up": 0.005598096723046222,
            "error_source": "hessian"
        },
        "AFB": {
            "value": -0.004263777845404339,
            "error": 0.0037644342502690742,
            "error_low": -0.0037644342502690742,
            "error_up": 0.0037644342502690742,
            "error_source": "hessian"
        },
        "S4": {
            "value": -0.20868765497271508,
            "error": 0.00631270368381089,
            "error_low": -0.00631270368381089,
            "error_up": 0.00631270368381089,
            "error_source": "hessian"
        },
        "S7": {
            "value": 0.01679136657514484,
            "error": 0.006723829209724668,
            "error_low": -0.006723829209724668,
            "error_up": 0.006723829209724668,
            "error_source": "hessian"
        },
        "S5": {
            "value": 0.0050600986124322,
            "error": 0.006521505682469301,
            "error_low": -0.006521505682469301,
            "error_up": 0.006521505682469301,
            "error_source": "hessian"
        },
        "S8": {
            "value": -0.004252395796689063,
            "error": 0.006751985601633514,
            "error_low": -0.006751985601633514,
            "error_up": 0.006751985601633514,
            "error_source": "hessian"
        }
    },
    "covariance": [
        [
            1.689588119831111e-05,
            3.3458447791185845e-07,
            -4.398909834362171e-08,
            1.96946282972561e-07,
            2.421185569682393e-06,
            -7.2146944777794e-08,
            -1.7807192355654348e-08,
            1.698971144814034e-07
        ],
        [
            3.345844779118584e-07,
            3.174441170422394e-05,
            -3.3939887403801963e-07,
            2.3031189464686203e-07,
            -3.098799692038121e-06,
            -2.817588061680166e-07,
            -1.5525656730726103e-07,
            1.5758921529109257e-07
        ],
        [
            -4.39890983436217e-08,
            -3.3939887403801963e-07,
            3.133868692058085e-05,
            2.744923009954818e-07,
            -1.3090426856942564e-07,
            7.063256782035477e-08,
            5.251349187775506e-07,
            -3.7194325862580797e-06
        ],
        [
            1.9694628297256094e-07,
            2.30311894646862e-07,
            2.744923009954818e-07,
            1.4170965224598888e-05,
            1.8324204659522252e-07,
            -1.6716719140733532e-07,
            -4.097872437609623e-06,
            2.0376313453032302e-07
        ],
        [
            2.4211855696823933e-06,
            -3.098799692038121e-06,
            -1.3090426856942567e-07,
            1.8324204659522255e-07,
            3.9850227799599584e-05,
            3.969017722639311e-07,
            4.993399724979162e-07,
            -7.213786741945044e-07
        ],
        [
            -7.214694477779403e-08,
            -2.817588061680166e-07,
            7.063256782035476e-08,
            -1.6716719140733527e-07,
            3.969017722639311e-07,
            4.5209879241546656e-05,
            -3.645694225822267e-07,
            -3.2816605697487853e-07
        ],
        [
            -1.780719235565435e-08,
            -1.5525656730726103e-07,
            5.251349187775507e-07,
            -4.097872437609624e-06,
            4.993399724979162e-07,
            -3.6456942258222674e-07,
            4.253003636647938e-05,
            2.642221767709005e-07
        ],
        [
            1.6989711448140347e-07,
            1.5758921529109257e-07,
            -3.7194325862580793e-06,
            2.0376313453032307e-07,
            -7.213786741945043e-07,
            -3.281660569748785e-07,
            2.6422217677090043e-07,
            4.558930956466629e-05
        ]
    ]
}