{
  "n": 4,
  "coef": [
    0.043000691461837735,
    0.046798618726627786,
    0.04025663175175355,
    0.04606609737595341,
    0.04436457463666064
  ],
  "range": [
    -3.141592653589793,
    3.141592653589793
  ]
}