{
  "nx": 4,
  "ny": 4,
  "coef": [
    0.04358773408149827,
    0.05460981493116859,
    0.032225585074562295,
    0.04091792179492282,
    0.04594430519866825,
    0.05867408570541891,
    -0.004276200793671632,
    0.09125898599814794,
    0.031625410849121086,
    0.05071497772303569,
    0.029954478928646812,
    0.08933624523838883,
    -0.011842367567687083,
    0.07881586840060688,
    0.02641063076095154,
    0.06393270850262088,
    0.01171722436656501,
    0.09888820843091066,
    -0.017776422693880845,
    0.06624141161824346,
    0.028991637350167288,
    0.06003308576017989,
    0.01644532891827217,
    0.06780759748972622,
    0.03433701104682209
  ],
  "x_range": [
    -1.0,
    1.0
  ],
  "y_range": [
    -1.0,
    1.0
  ]
}