{
  "n": 4,
  "coef": [
    0.1274488097133388,
    0.10011962270129247,
    0.14331153725818208,
    0.10246549493527317,
    0.12140863970456463
  ],
  "range": [
    -3.141592653589793,
    3.141592653589793
  ]
}