{
  "nx": 4,
  "ny": 4,
  "coef": [
    0.2609823367186135,
    -0.017207119524617627,
    0.22081506441010748,
    0.11043172700727905,
    0.06855871839509728,
    0.006912918215279019,
    0.5111409863952475,
    -0.30024068370479573,
    0.26460118457976395,
    -0.04315996272627469,
    0.3744169194018167,
    -0.40782226365312657,
    0.8401126750722233,
    -0.2306689476205793,
    0.18064480149409046,
    -0.05331600967520774,
    0.5158612352954286,
    -0.2817678109128679,
    0.271053770204953,
    -0.051195533979140666,
    0.2880060791226256,
    0.020272506431133184,
    0.18055922524928164,
    0.12406732652816906,
    0.06526127911863377
  ],
  "x_range": [
    -1.0,
    1.0
  ],
  "y_range": [
    -1.0,
    1.0
  ]
}