{
  "nx": 4,
  "ny": 4,
  "coef": [
    0.017922682312214822,
    0.026502025475147434,
    -0.009103333195470546,
    0.04364488295558954,
    0.007678988129859595,
    0.03352016061851233,
    0.016561091173134534,
    0.08739177748759436,
    0.004126455561246549,
    0.057037312780628686,
    0.037592622392039914,
    0.05000864606846526,
    0.00022947001463723317,
    0.0437207413164006,
    0.010794471627208835,
    0.038904404434462095,
    0.014880461044688823,
    0.07001958606905628,
    0.02858737176351098,
    0.04991834275382383,
    0.016416602559433256,
    0.029931218875790144,
    -0.003062125372756647,
    0.034306194246710615,
    0.011800457546834158
  ],
  "x_range": [
    -1.0,
    1.0
  ],
  "y_range": [
    -1.0,
    1.0
  ]
}