{
  "n": 4,
  "coef": [
    0.03057891731816201,
    0.026984294270263116,
    0.030722713106568964,
    0.02850755286361149,
    0.030401456289817625
  ],
  "range": [
    -3.141592653589793,
    3.141592653589793
  ]
}