{
  "nx": 4,
  "ny": 4,
  "coef": [
    0.2927227926964388,
    0.24407203854723367,
    0.12710150081946628,
    0.2836494224325104,
    -0.010151083586374829,
    -0.012251922932957121,
    0.012652308926817546,
    0.016538694351256468,
    0.1451795780230354,
    0.00735989991343212,
    0.27227977536507764,
    0.17933120180030793,
    0.30975629712425584,
    0.27421655048409127,
    -0.00987449950684329,
    0.010430042211324276,
    -0.028816939321330653,
    0.13862795270651815,
    0.05939187384001612,
    0.0012810967152139903,
    0.26969870470886326,
    0.3136525159731939,
    0.03194770950878136,
    0.35078023812844683,
    -0.013353924962514545
  ],
  "x_range": [
    -1.0,
    1.0
  ],
  "y_range": [
    -1.0,
    1.0
  ]
}