{
  "n": 4,
  "coef": [
    0.12776641143397682,
    0.13068648958871015,
    0.14159438751338566,
    0.12182477738626833,
    0.13046629606475774
  ],
  "range": [
    -3.141592653589793,
    3.141592653589793
  ]
}