{
  "nx": 4,
  "ny": 4,
  "coef": [
    0.0022659900883162656,
    0.012169276045925038,
    -0.026988789638175435,
    0.016587778623358633,
    -0.0006037821772657652,
    0.011405399469209467,
    -0.007635346515679881,
    0.07802073974869346,
    -0.013738368091431911,
    0.01687177412959115,
    0.08586568805991472,
    0.08398986510229925,
    0.004486355556634716,
    0.08916439443778348,
    0.07630238605227678,
    0.0038481915102995972,
    0.009236505555388463,
    0.044845574428436334,
    0.013931527202671691,
    0.011268397738081677,
    0.005185125777610314,
    0.0019438058527739262,
    -0.007761807452964009,
    0.004836645349947273,
    0.0009259405374433694
  ],
  "x_range": [
    -1.0,
    1.0
  ],
  "y_range": [
    -1.0,
    1.0
  ]
}