{
  "n": 4,
  "coef": [
    0.025552075563499376,
    0.020509460810189523,
    0.026748318838155042,
    0.021699778871508164,
    0.024828618636550486
  ],
  "range": [
    -3.141592653589793,
    3.141592653589793
  ]
}