{
  "nx": 4,
  "ny": 4,
  "coef": [
    0.0020320757872555923,
    0.012493591140696985,
    -0.027295839910763446,
    0.01668112154090107,
    -0.0005977052312656994,
    0.012242288316655981,
    -0.008899626035876072,
    0.07973724101809485,
    -0.014234613583489448,
    0.017021237063683727,
    0.08501206870855364,
    0.08714742160466141,
    -0.001929900991690531,
    0.09172338482537774,
    0.0759932716644498,
    0.00383064937152247,
    0.008075735702509816,
    0.0478156635210526,
    0.012842356008340952,
    0.011270587142847831,
    0.005305375346398803,
    0.0019501753137750933,
    -0.008058542713252294,
    0.005057273127062028,
    0.0008965594040486257
  ],
  "x_range": [
    -1.0,
    1.0
  ],
  "y_range": [
    -1.0,
    1.0
  ]
}