{
  "n": 4,
  "coef": [
    0.025496498611025778,
    0.02060536961095677,
    0.026526118882809473,
    0.021939123013691497,
    0.024766949390312203
  ],
  "range": [
    -3.141592653589793,
    3.141592653589793
  ]
}