{
  "nx": 4,
  "ny": 4,
  "coef": [
    0.0032868916772195085,
    0.0021489199623546235,
    -0.002216622159738312,
    0.00018271372875288484,
    0.0033079003462096654,
    0.007043084043532288,
    0.021358815758514775,
    0.018407746953286508,
    0.02490864779842819,
    0.007593198949478744,
    0.08787279414245237,
    0.06465373383327712,
    0.04269580421260716,
    0.06622056797644515,
    0.08335926769204949,
    0.004800142809786487,
    0.011431294213092602,
    0.04089309161581123,
    0.014957600384163496,
    0.008510328512420595,
    0.005210469926021793,
    0.0015347710447881013,
    -0.006404965003514256,
    0.004223352124002169,
    0.0026576297526822515
  ],
  "x_range": [
    -1.0,
    1.0
  ],
  "y_range": [
    -1.0,
    1.0
  ]
}