{
  "n": 4,
  "coef": [
    0.025551458890420313,
    0.020136093245583835,
    0.027905236671183855,
    0.020652431774573324,
    0.025126965065514418
  ],
  "range": [
    -3.141592653589793,
    3.141592653589793
  ]
}