{
  "n": 4,
  "coef": [
    0.16225031163894324,
    0.1423207157497925,
    0.1803847362481861,
    0.1503616722139326,
    0.15771183897782318
  ],
  "range": [
    -3.141592653589793,
    3.141592653589793
  ]
}