{
  "n": 4,
  "coef": [
    0.12464478046222849,
    0.1215105027552255,
    0.12387943532311713,
    0.12745387319178378,
    0.12053402713097822
  ],
  "range": [
    -3.141592653589793,
    3.141592653589793
  ]
}