{
  "nx": 4,
  "ny": 4,
  "coef": [
    0.24409255704118255,
    0.6026237031970191,
    -0.14344982132788553,
    0.7470848053849299,
    -0.019407243421499423,
    0.1968183760054404,
    -0.41827064622871485,
    1.0768717003539072,
    -0.4290629587550455,
    0.059870558894420764,
    0.15157943502484375,
    0.30109515095698064,
    -0.10888656882172293,
    0.7216053623305354,
    -0.04178028798988642,
    0.08251329880693878,
    -0.18929551287683943,
    1.0498165473582177,
    -0.5063493048328667,
    0.019401172680978886,
    0.37389389773056914,
    0.28235859008611636,
    -0.11252793007732058,
    0.860896812713178,
    0.013771092597108809
  ],
  "x_range": [
    -1.0,
    1.0
  ],
  "y_range": [
    -1.0,
    1.0
  ]
}