{
  "nx": 4,
  "ny": 4,
  "coef": [
    0.20185571406622851,
    0.38814228016598734,
    0.008342749925554806,
    0.5439555745766076,
    -0.014498288597759652,
    0.11677360338025501,
    -0.12249738256686914,
    0.5817971378415697,
    -0.27342211357508966,
    0.03854707814503825,
    0.15749290408655656,
    0.007045180958927272,
    0.20941418254535157,
    0.5171557184623616,
    -0.021403812760508234,
    0.050514941141433206,
    0.021023472934708454,
    0.5772213460736028,
    -0.36984926805861473,
    0.0072551828952021925,
    0.2778258328611826,
    0.15090888910727257,
    0.021105887237765856,
    0.6494976021436303,
    0.015500844561763913
  ],
  "x_range": [
    -1.0,
    1.0
  ],
  "y_range": [
    -1.0,
    1.0
  ]
}