{
  "nx": 4,
  "ny": 4,
  "coef": [
    0.2250641396311198,
    0.3427107837236013,
    0.044003707418081066,
    0.4925664760840544,
    -0.012880523549652283,
    0.09147227321559707,
    -0.12962412716320082,
    0.5970688064874603,
    -0.21625114923480998,
    0.034938761285844874,
    0.17155834817432522,
    0.0974856424651224,
    0.09126415307378657,
    0.5249108047267764,
    -0.025121045939411984,
    0.058534417508808514,
    -0.12618367106256986,
    0.7841927063531852,
    -0.4613360270451256,
    0.017611598798525762,
    0.2605499159044718,
    0.2784504023999513,
    -0.1519139493874399,
    0.7383344144106401,
    0.015077079248483413
  ],
  "x_range": [
    -1.0,
    1.0
  ],
  "y_range": [
    -1.0,
    1.0
  ]
}