{
  "n": 4,
  "coef": [
    0.12357181970955446,
    0.12394495893423796,
    0.12469120603434852,
    0.12588631663470612,
    0.12152529500049469
  ],
  "range": [
    -3.141592653589793,
    3.141592653589793
  ]
}