{
    "bin_index": "bin10",
    "valid": true,
    "converged": true,
    "fmin": 9412.301359770776,
    "status": 0,
    "parameters": {
        "rFL_bin10": {
            "value": -0.3892270280645868,
            "error": 0.017143598538571676,
            "error_low": -0.017280943844258285,
            "error_up": 0.017006253232885064,
            "error_source": "minos (custom)"
        },
        "rS3_bin10": {
            "value": -0.5186559229325284,
            "error": 0.04482488976468056,
            "error_low": -0.04518081624293769,
            "error_up": 0.044468963286423434,
            "error_source": "minos (custom)"
        },
        "rS9_bin10": {
            "value": -0.04756826329166886,
            "error": 0.03935654925217408,
            "error_low": -0.0401241368511276,
            "error_up": 0.03858896165322056,
            "error_source": "minos (custom)"
        },
        "rAFB_bin10": {
            "value": 0.034867943394481536,
            "error": 0.01914874262871649,
            "error_low": -0.01931336009574788,
            "error_up": 0.018984125161685097,
            "error_source": "minos (custom)"
        },
        "rS4_bin10": {
            "value": -1.1173543619146757,
            "error": 0.11725051592545813,
            "error_low": -0.12743957704383793,
            "error_up": 0.10706145480707834,
            "error_source": "minos (custom)"
        },
        "rS7_bin10": {
            "value": 0.01948895518081571,
            "error": 0.03580948896441291,
            "error_low": -0.03646464876485316,
            "error_up": 0.03515432916397267,
            "error_source": "minos (custom)"
        },
        "rS5_bin10": {
            "value": 0.039792881839386514,
            "error": 0.031537223941965134,
            "error_low": -0.031389488382540257,
            "error_up": 0.03168495950139001,
            "error_source": "minos (custom)"
        },
        "rS8_bin10": {
            "value": -0.026411303624576516,
            "error": 0.0733940631696233,
            "error_low": -0.07264629836803259,
            "error_up": 0.07414182797121399,
            "error_source": "minos (custom)"
        }
    },
    "covariance": [
        [
            0.0002943170604434635,
            -5.968702195786936e-05,
            1.4348593130376298e-06,
            -1.5762977262586522e-06,
            0.00020202326022207486,
            -1.7002849824833318e-05,
            2.4508886658784587e-06,
            -1.1837005313157289e-05
        ],
        [
            -5.968702195786936e-05,
            0.002012299921000765,
            5.703690422894084e-05,
            -3.346510064883609e-05,
            -0.0018272031373224448,
            2.593406591398821e-05,
            -2.7427858344755905e-05,
            5.3552313255110116e-05
        ],
        [
            1.4348593130376298e-06,
            5.703690422894084e-05,
            0.0015498490993811186,
            -4.3908761421834265e-06,
            -3.1563153216884203e-05,
            1.609109412448641e-05,
            2.923642151873636e-06,
            -0.00023518969784203615
        ],
        [
            -1.5762977262586522e-06,
            -3.346510064883609e-05,
            -4.3908761421834265e-06,
            0.0003671679587158283,
            5.4855418762505435e-05,
            -1.0621830870278849e-06,
            -9.831250312819663e-05,
            1.7477835887887613e-05
        ],
        [
            0.00020202326022207486,
            -0.0018272031373224448,
            -3.1563153216884203e-05,
            5.4855418762505435e-05,
            0.013467261163859537,
            -0.0002110293143780214,
            8.337882326823473e-05,
            2.0572038057141408e-05
        ],
        [
            -1.7002849824833318e-05,
            2.593406591398821e-05,
            1.609109412448641e-05,
            -1.0621830870278849e-06,
            -0.0002110293143780214,
            0.0012740126162740565,
            8.945579533344372e-06,
            4.807277236214489e-05
        ],
        [
            2.4508886658784587e-06,
            -2.7427858344755905e-05,
            2.923642151873636e-06,
            -9.831250312819663e-05,
            8.337882326823473e-05,
            8.945579533344372e-06,
            0.0009952868505253348,
            3.1953596053510446e-06
        ],
        [
            -1.1837005313157289e-05,
            5.3552313255110116e-05,
            -0.00023518969784203615,
            1.7477835887887613e-05,
            2.0572038057141408e-05,
            4.807277236214489e-05,
            3.1953596053510446e-06,
            0.005373091097125383
        ]
    ]
}