{
    "bin_index": "bin10",
    "valid": true,
    "converged": true,
    "fmin": 9369.252221190927,
    "status": 0,
    "parameters": {
        "rFL_bin10": {
            "value": -0.3982949517117135,
            "error": 0.017129438117846642,
            "error_low": -0.017216364008247744,
            "error_up": 0.01704251222744554,
            "error_source": "minos (custom)"
        },
        "rS3_bin10": {
            "value": -0.6174955846461685,
            "error": 0.04771723728017417,
            "error_low": -0.048452569484395226,
            "error_up": 0.046981905075953116,
            "error_source": "minos (custom)"
        },
        "rS9_bin10": {
            "value": -0.06379605506809878,
            "error": 0.04091216387097394,
            "error_low": -0.041202015829276795,
            "error_up": 0.040622311912671086,
            "error_source": "minos (custom)"
        },
        "rAFB_bin10": {
            "value": 0.030667271825923267,
            "error": 0.02002027440270645,
            "error_low": -0.020114353416269663,
            "error_up": 0.019926195389143232,
            "error_source": "minos (custom)"
        },
        "rS4_bin10": {
            "value": -1.0441400374152374,
            "error": 0.10013127691533283,
            "error_low": -0.1076632018343357,
            "error_up": 0.09259935199632996,
            "error_source": "minos (custom)"
        },
        "rS7_bin10": {
            "value": 0.01240313924718179,
            "error": 0.03322996208717399,
            "error_low": -0.03329661379988259,
            "error_up": 0.0331633103744654,
            "error_source": "minos (custom)"
        },
        "rS5_bin10": {
            "value": 0.037192958054893366,
            "error": 0.03326769916264847,
            "error_low": -0.03323913669734598,
            "error_up": 0.033296261627950956,
            "error_source": "minos (custom)"
        },
        "rS8_bin10": {
            "value": -0.026610640004226804,
            "error": 0.0798700796207745,
            "error_low": -0.0795020250128948,
            "error_up": 0.0802381342286542,
            "error_source": "minos (custom)"
        }
    },
    "covariance": [
        [
            0.0002941705448254502,
            -6.326527293992234e-05,
            4.261985955554533e-07,
            -1.019939957359525e-06,
            0.000168410990158929,
            -1.4514056175118168e-05,
            1.8315704171476344e-06,
            -1.3140869187282727e-05
        ],
        [
            -6.326527293992234e-05,
            0.002280314924694768,
            8.05640209551759e-05,
            -3.8445526862038564e-05,
            -0.001611666522502343,
            1.10144013411735e-05,
            -3.2700502691216766e-05,
            6.38613161518398e-05
        ],
        [
            4.261985955554533e-07,
            8.05640209551759e-05,
            0.0016762736875108332,
            -5.303447949375429e-06,
            -4.28984692982831e-05,
            1.2556618513580635e-05,
            -6.867151028615555e-07,
            -0.0002644043982202905
        ],
        [
            -1.019939957359525e-06,
            -3.8445526862038564e-05,
            -5.303447949375429e-06,
            0.00040168273324976765,
            4.067654256163557e-05,
            -3.5557265819899674e-07,
            -0.00011023397091249499,
            1.5747555408207683e-05
        ],
        [
            0.000168410990158929,
            -0.001611666522502343,
            -4.28984692982831e-05,
            4.067654256163557e-05,
            0.009877981117146809,
            -9.151752491572807e-05,
            4.740134352621591e-05,
            -1.3924661410689929e-06
        ],
        [
            -1.4514056175118168e-05,
            1.10144013411735e-05,
            1.2556618513580635e-05,
            -3.5557265819899674e-07,
            -9.151752491572807e-05,
            0.0011000922273598148,
            4.3028102371739605e-06,
            3.3746444709788503e-05
        ],
        [
            1.8315704171476344e-06,
            -3.2700502691216766e-05,
            -6.867151028615555e-07,
            -0.00011023397091249499,
            4.740134352621591e-05,
            4.3028102371739605e-06,
            0.0011085380245715243,
            1.9196945530940254e-06
        ],
        [
            -1.3140869187282727e-05,
            6.38613161518398e-05,
            -0.0002644043982202905,
            1.5747555408207683e-05,
            -1.3924661410689929e-06,
            3.3746444709788503e-05,
            1.9196945530940254e-06,
            0.006362744452533905
        ]
    ]
}