{
    "bin_index": "bin9",
    "valid": true,
    "converged": true,
    "fmin": 9999.999999868203,
    "status": 0,
    "parameters": {
        "rFL_bin9": {
            "value": -0.29105479144391644,
            "error": 0.008394297480280082,
            "error_low": -0.008405809650886062,
            "error_up": 0.008382785309674103,
            "error_source": "minos (custom)"
        },
        "rS3_bin9": {
            "value": -0.4939256817674993,
            "error": 0.02317684330408433,
            "error_low": -0.023366484586706534,
            "error_up": 0.022987202021462125,
            "error_source": "minos (custom)"
        },
        "rS9_bin9": {
            "value": 0.006413946839461303,
            "error": 0.02135517842000697,
            "error_low": -0.021347696593650496,
            "error_up": 0.02136266024636344,
            "error_source": "minos (custom)"
        },
        "rAFB_bin9": {
            "value": -0.02963073559054878,
            "error": 0.010439164061066722,
            "error_low": -0.010444108658641553,
            "error_up": 0.01043421946349189,
            "error_source": "minos (custom)"
        },
        "rS4_bin9": {
            "value": -2.0034243014930477,
            "error": 0.34100394702996023,
            "error_low": -0.44599510422190397,
            "error_up": 0.23601278983801652,
            "error_source": "minos (custom)"
        },
        "rS7_bin9": {
            "value": 0.03188257907915725,
            "error": 0.04325214396002062,
            "error_low": -0.0398247613780201,
            "error_up": 0.046679526542021135,
            "error_source": "minos (custom)"
        },
        "rS5_bin9": {
            "value": 0.01722279391252454,
            "error": 0.015186037912070535,
            "error_low": -0.01517979897781579,
            "error_up": 0.01519227684632528,
            "error_source": "minos (custom)"
        },
        "rS8_bin9": {
            "value": 0.07390362378831904,
            "error": 0.03673606338688962,
            "error_low": -0.03661721883657237,
            "error_up": 0.03685490793720687,
            "error_source": "minos (custom)"
        }
    },
    "covariance": [
        [
            7.066429200777338e-05,
            -1.317819758587406e-05,
            1.4069457531351605e-06,
            -7.062782356185941e-07,
            0.0002239493332798345,
            -6.406341373204703e-06,
            3.2758896702079704e-07,
            -4.6217739067020956e-07
        ],
        [
            -1.317819758587406e-05,
            0.0005386106079627918,
            -8.830214889123558e-06,
            6.754586570681078e-06,
            -0.0030075837028473323,
            9.875593565223425e-05,
            -5.782222599937532e-06,
            -2.8353995095891925e-05
        ],
        [
            1.4069457531351605e-06,
            -8.830214889123558e-06,
            0.0004572045341591651,
            2.4246195915238086e-06,
            0.00012928096587313582,
            -3.5781184935099284e-06,
            1.4966869934502414e-06,
            -8.675890738499724e-05
        ],
        [
            -7.062782356185941e-07,
            6.754586570681078e-06,
            2.4246195915238086e-06,
            0.00010927268479303764,
            -4.167485637294217e-05,
            4.971128424035847e-06,
            -3.264543439176449e-05,
            2.5901710101379896e-06
        ],
        [
            0.0002239493332798345,
            -0.0030075837028473323,
            0.00012928096587313582,
            -4.167485637294217e-05,
            0.0893168653165334,
            -0.0025931363551142694,
            2.682639701714456e-05,
            0.0003594820423806606
        ],
        [
            -6.406341373204703e-06,
            9.875593565223425e-05,
            -3.5781184935099284e-06,
            4.971128424035847e-06,
            -0.0025931363551142694,
            0.0016599172453077133,
            8.122271835054884e-06,
            -3.824611631652984e-05
        ],
        [
            3.2758896702079704e-07,
            -5.782222599937532e-06,
            1.4966869934502414e-06,
            -3.264543439176449e-05,
            2.682639701714456e-05,
            8.122271835054884e-06,
            0.00023121550791369732,
            9.456077933078386e-06
        ],
        [
            -4.6217739067020956e-07,
            -2.8353995095891925e-05,
            -8.675890738499724e-05,
            2.5901710101379896e-06,
            0.0003594820423806606,
            -3.824611631652984e-05,
            9.456077933078386e-06,
            0.001351780909010256
        ]
    ]
}