{
    "bin_index": "bin9",
    "valid": true,
    "converged": true,
    "fmin": 9999.999999868203,
    "status": 0,
    "parameters": {
        "FL": {
            "value": 0.35844732326362183,
            "error": 0.0038662298059102354,
            "error_low": -0.0038662298059102354,
            "error_up": 0.0038662298059102354,
            "error_source": "delta_method"
        },
        "AFB": {
            "value": -0.01267499259914945,
            "error": 0.004467458148517659,
            "error_low": -0.004467458148517659,
            "error_up": 0.004467458148517659,
            "error_source": "delta_method"
        },
        "S3": {
            "value": -0.14669956346379234,
            "error": 0.005894211203727389,
            "error_low": -0.005894211203727389,
            "error_up": 0.005894211203727389,
            "error_source": "delta_method"
        },
        "S4": {
            "value": -0.27910997810419513,
            "error": 0.005529664853969021,
            "error_low": -0.005529664853969021,
            "error_up": 0.005529664853969021,
            "error_source": "delta_method"
        },
        "S5": {
            "value": 0.006083573390767187,
            "error": 0.005369380449753521,
            "error_low": -0.005369380449753521,
            "error_up": 0.005369380449753521,
            "error_source": "delta_method"
        },
        "S7": {
            "value": 0.004888080955468484,
            "error": 0.006099362050595137,
            "error_low": -0.006099362050595137,
            "error_up": 0.006099362050595137,
            "error_source": "delta_method"
        },
        "S8": {
            "value": 0.013028060073120944,
            "error": 0.0064541734165867734,
            "error_low": -0.0064541734165867734,
            "error_up": 0.0064541734165867734,
            "error_source": "delta_method"
        },
        "S9": {
            "value": 0.0018296559432545777,
            "error": 0.00609901577338006,
            "error_low": -0.00609901577338006,
            "error_up": 0.00609901577338006,
            "error_source": "delta_method"
        }
    },
    "covariance": [
        [
            1.4947732912108695e-05,
            1.9163239788000496e-07,
            1.8804051461128962e-06,
            -9.346166023650494e-07,
            8.231655784425271e-08,
            8.706903404196486e-08,
            2.496395745346233e-08,
            1.3688407407191294e-07
        ],
        [
            1.9163239788000502e-07,
            1.995818230875683e-05,
            -4.6212708996210006e-08,
            -2.602334478491771e-08,
            -4.916743023726782e-06,
            2.378242018455523e-07,
            2.226798436701688e-07,
            3.236900571207947e-07
        ],
        [
            1.880405146112896e-06,
            -4.621270899620997e-08,
            3.474172571414548e-05,
            -5.101922764179645e-06,
            1.0072770202190221e-07,
            7.62028517269966e-08,
            2.7409944804064674e-08,
            -4.88982802612079e-07
        ],
        [
            -9.346166023650494e-07,
            -2.6023344784917703e-08,
            -5.101922764179646e-06,
            3.057719339722023e-05,
            -6.023851734440433e-08,
            5.704650489244536e-07,
            7.215545561262893e-07,
            5.132624961892296e-07
        ],
        [
            8.231655784425271e-08,
            -4.916743023726783e-06,
            1.0072770202190219e-07,
            -6.02385173444043e-08,
            2.8830246414195326e-05,
            4.883113196212367e-07,
            5.497564217069967e-07,
            1.4033690048267416e-07
        ],
        [
            8.706903404196493e-08,
            2.3782420184555227e-07,
            7.62028517269975e-08,
            5.704650489244536e-07,
            4.883113196212367e-07,
            3.720221742424011e-05,
            -7.226302531765602e-07,
            2.1276251696999826e-08
        ],
        [
            2.4963957453462315e-08,
            2.2267984367016886e-07,
            2.740994480406462e-08,
            7.215545561262893e-07,
            5.497564217069968e-07,
            -7.226302531765602e-07,
            4.1656354491375384e-05,
            -4.3694310225414685e-06
        ],
        [
            1.3688407407191294e-07,
            3.236900571207947e-07,
            -4.88982802612079e-07,
            5.132624961892298e-07,
            1.4033690048267416e-07,
            2.127625169699985e-08,
            -4.369431022541469e-06,
            3.719799340393877e-05
        ]
    ]
}