{
    "bin_index": "bin3",
    "valid": true,
    "converged": true,
    "fmin": 8531.623426655693,
    "status": 0,
    "parameters": {
        "FL_bin3": {
            "value": 0.6947641338951375,
            "error": 0.004105004230267858,
            "error_low": -0.004124246833428218,
            "error_up": 0.004085761627107499,
            "error_source": "minos (custom)"
        },
        "S3_bin3": {
            "value": -0.012349446638937259,
            "error": 0.0056264422675549606,
            "error_low": -0.005665643890983954,
            "error_up": 0.005587240644125967,
            "error_source": "minos (custom)"
        },
        "S9_bin3": {
            "value": -0.0015690269933798628,
            "error": 0.0055903774470602696,
            "error_low": -0.005641090815429184,
            "error_up": 0.005539664078691356,
            "error_source": "minos (custom)"
        },
        "AFB_bin3": {
            "value": -0.004246911586386097,
            "error": 0.0037595426301770484,
            "error_low": -0.0037759913091229575,
            "error_up": 0.0037430939512311393,
            "error_source": "minos (custom)"
        },
        "S4_bin3": {
            "value": -0.2086582533995356,
            "error": 0.00630415500869819,
            "error_low": -0.006311025660274134,
            "error_up": 0.006297284357122248,
            "error_source": "minos (custom)"
        },
        "S7_bin3": {
            "value": 0.016793646258235012,
            "error": 0.006714892575570723,
            "error_low": -0.006717361775830416,
            "error_up": 0.00671242337531103,
            "error_source": "minos (custom)"
        },
        "S5_bin3": {
            "value": 0.005037568020251568,
            "error": 0.0065128920331249795,
            "error_low": -0.006489121445494583,
            "error_up": 0.006536662620755375,
            "error_source": "minos (custom)"
        },
        "S8_bin3": {
            "value": -0.00422944591742183,
            "error": 0.00674297242254533,
            "error_low": -0.006766192471200424,
            "error_up": 0.006719752373890236,
            "error_source": "minos (custom)"
        }
    },
    "covariance": [
        [
            1.6895668353882184e-05,
            3.296021771506971e-07,
            -4.969908287971324e-08,
            1.9364165943351995e-07,
            2.420426280733601e-06,
            -7.258208756426835e-08,
            -1.740544857470217e-08,
            1.6879449338575652e-07
        ],
        [
            3.296021771506971e-07,
            3.174403364900777e-05,
            -3.38456476656092e-07,
            2.302157000434714e-07,
            -3.095172551923512e-06,
            -2.840157727694384e-07,
            -1.5409094786434606e-07,
            1.553414886807479e-07
        ],
        [
            -4.969908287971324e-08,
            -3.38456476656092e-07,
            3.133814133674332e-05,
            2.746103022328363e-07,
            -1.2938350697448472e-07,
            6.954105585645349e-08,
            5.252674992183997e-07,
            -3.718350601166838e-06
        ],
        [
            1.9364165943351995e-07,
            2.302157000434714e-07,
            2.746103022328363e-07,
            1.4170690641312962e-05,
            1.836763450188388e-07,
            -1.6605222287147347e-07,
            -4.096424583570217e-06,
            2.0397819910316717e-07
        ],
        [
            2.420426280733601e-06,
            -3.095172551923512e-06,
            -1.2938350697448472e-07,
            1.836763450188388e-07,
            3.9852309942989145e-05,
            3.9795922120787817e-07,
            5.028106765925883e-07,
            -7.159163374401699e-07
        ],
        [
            -7.258208756426835e-08,
            -2.840157727694384e-07,
            6.954105585645349e-08,
            -1.6605222287147347e-07,
            3.9795922120787817e-07,
            4.5208018483633e-05,
            -3.609816532229472e-07,
            -3.269266561288717e-07
        ],
        [
            -1.740544857470217e-08,
            -1.5409094786434606e-07,
            5.252674992183997e-07,
            -4.096424583570217e-06,
            5.028106765925883e-07,
            -3.609816532229472e-07,
            4.25346087196248e-05,
            2.6428567635415245e-07
        ],
        [
            1.6879449338575652e-07,
            1.553414886807479e-07,
            -3.718350601166838e-06,
            2.0397819910316717e-07,
            -7.159163374401699e-07,
            -3.269266561288717e-07,
            2.6428567635415245e-07,
            4.5588174803549895e-05
        ]
    ]
}