{
    "bin_index": "bin3",
    "valid": true,
    "converged": true,
    "fmin": 9742.986263648678,
    "status": 0,
    "parameters": {
        "FL_bin3": {
            "value": 0.6925393263692627,
            "error": 0.009957400258533164,
            "error_low": -0.009974357044617398,
            "error_up": 0.009940443472448929,
            "error_source": "minos (custom)"
        },
        "S3_bin3": {
            "value": -0.024020758452793774,
            "error": 0.013855691886481922,
            "error_low": -0.013745860697918643,
            "error_up": 0.0139655230750452,
            "error_source": "minos (custom)"
        },
        "S9_bin3": {
            "value": 0.007783551184298138,
            "error": 0.013690559531051116,
            "error_low": -0.013766768578626472,
            "error_up": 0.01361435048347576,
            "error_source": "minos (custom)"
        },
        "AFB_bin3": {
            "value": 0.0028714325486985043,
            "error": 0.009119260277080977,
            "error_low": -0.009160120555380964,
            "error_up": 0.00907839999878099,
            "error_source": "minos (custom)"
        },
        "S4_bin3": {
            "value": -0.22149632550120135,
            "error": 0.014942567358609469,
            "error_low": -0.014868514873686484,
            "error_up": 0.015016619843532452,
            "error_source": "minos (custom)"
        },
        "S7_bin3": {
            "value": 0.015488689675818141,
            "error": 0.01663208399001736,
            "error_low": -0.016515905989400868,
            "error_up": 0.01674826199063385,
            "error_source": "minos (custom)"
        },
        "S5_bin3": {
            "value": -0.010481805681660407,
            "error": 0.01593481574601602,
            "error_low": -0.015846476114805823,
            "error_up": 0.01602315537722622,
            "error_source": "minos (custom)"
        },
        "S8_bin3": {
            "value": 0.03545525241560193,
            "error": 0.016552250931980206,
            "error_low": -0.016600099425545644,
            "error_up": 0.016504402438414768,
            "error_source": "minos (custom)"
        }
    },
    "covariance": [
        [
            9.94461077062139e-05,
            4.792871138287488e-06,
            -1.6205988290707316e-06,
            -8.495045622562368e-07,
            1.3503594593197204e-05,
            -1.1755446886241963e-06,
            3.96772176856022e-06,
            -3.825687099139962e-06
        ],
        [
            4.792871138287488e-06,
            0.00019266207155761437,
            7.723800165418042e-06,
            1.9065703846194113e-06,
            -1.4683548694498784e-05,
            -3.1333307188065947e-06,
            7.9494065668752e-08,
            -4.862543148985867e-06
        ],
        [
            -1.6205988290707316e-06,
            7.723800165418042e-06,
            0.00018810774477808853,
            3.4035184133041423e-06,
            4.5661417548474775e-06,
            -6.357118888924115e-06,
            1.862182552562935e-06,
            -2.15922646982561e-05
        ],
        [
            -8.495045622562368e-07,
            1.9065703846194113e-06,
            3.4035184133041423e-06,
            8.339016279377831e-05,
            -3.6557953773157504e-06,
            4.682662029796004e-06,
            -2.5244768396904252e-05,
            3.809049734005166e-07
        ],
        [
            1.3503594593197204e-05,
            -1.4683548694498784e-05,
            4.5661417548474775e-06,
            -3.6557953773157504e-06,
            0.0002240880973674815,
            -5.3878451633750255e-06,
            3.69517551652387e-06,
            -5.484008063243258e-07
        ],
        [
            -1.1755446886241963e-06,
            -3.1333307188065947e-06,
            -6.357118888924115e-06,
            4.682662029796004e-06,
            -5.3878451633750255e-06,
            0.00027746144709940335,
            2.2084531845709893e-06,
            -8.197426262384812e-06
        ],
        [
            3.96772176856022e-06,
            7.9494065668752e-08,
            1.862182552562935e-06,
            -2.5244768396904252e-05,
            3.69517551652387e-06,
            2.2084531845709893e-06,
            0.0002546192155015305,
            -6.370344191254072e-06
        ],
        [
            -3.825687099139962e-06,
            -4.862543148985867e-06,
            -2.15922646982561e-05,
            3.809049734005166e-07,
            -5.484008063243258e-07,
            -8.197426262384812e-06,
            -6.370344191254072e-06,
            0.00027487679085592937
        ]
    ]
}