{
    "bin_index": "bin7",
    "valid": true,
    "converged": true,
    "fmin": 91007.36524119785,
    "status": "Optimization terminated successfully",
    "parameters": {
        "FL": {
            "value": 0.4313631369223443,
            "error": 0.004136755780436172,
            "error_low": -0.004136755780436172,
            "error_up": 0.004136755780436172,
            "error_source": "hessian"
        },
        "S3": {
            "value": -0.07257448052419387,
            "error": 0.006228076291125688,
            "error_low": -0.006228076291125688,
            "error_up": 0.006228076291125688,
            "error_source": "hessian"
        },
        "S9": {
            "value": -0.011812602711538455,
            "error": 0.006235825998577638,
            "error_low": -0.006235825998577638,
            "error_up": 0.006235825998577638,
            "error_source": "hessian"
        },
        "AFB": {
            "value": 0.001515060489991183,
            "error": 0.004472886836397157,
            "error_low": -0.004472886836397157,
            "error_up": 0.004472886836397157,
            "error_source": "hessian"
        },
        "S4": {
            "value": -0.2655287118882826,
            "error": 0.005979918256678731,
            "error_low": -0.005979918256678731,
            "error_up": 0.005979918256678731,
            "error_source": "hessian"
        },
        "S7": {
            "value": 0.004428864512499395,
            "error": 0.006370529557177026,
            "error_low": -0.006370529557177026,
            "error_up": 0.006370529557177026,
            "error_source": "hessian"
        },
        "S5": {
            "value": 0.00856973565089066,
            "error": 0.005940907900814525,
            "error_low": -0.005940907900814525,
            "error_up": 0.005940907900814525,
            "error_source": "hessian"
        },
        "S8": {
            "value": 0.0090142392003851,
            "error": 0.006643616764592377,
            "error_low": -0.006643616764592377,
            "error_up": 0.006643616764592377,
            "error_source": "hessian"
        }
    },
    "covariance": [
        [
            1.7112748386972082e-05,
            1.2355722293192927e-06,
            2.599849868568661e-07,
            -3.4831368836355714e-08,
            -4.951642443436242e-08,
            -2.7999949274975333e-08,
            4.687871207215835e-08,
            1.5381024172658407e-07
        ],
        [
            1.2355722293192925e-06,
            3.8788934288081906e-05,
            -6.195348210361182e-07,
            7.793444562573488e-08,
            -4.241329671641889e-06,
            -1.0409629216809473e-07,
            3.7944008569597056e-07,
            1.6612367311626942e-07
        ],
        [
            2.5998498685686606e-07,
            -6.195348210361181e-07,
            3.888552588453679e-05,
            -9.689057910543067e-08,
            2.3421476681780063e-07,
            4.551813062001486e-07,
            -2.0622734945272948e-07,
            -4.365541144584541e-06
        ],
        [
            -3.483136883635571e-08,
            7.793444562573488e-08,
            -9.689057910543064e-08,
            2.0006716651214966e-05,
            1.1324651427348038e-07,
            8.524361940434552e-08,
            -4.844919934702637e-06,
            4.05386835331547e-07
        ],
        [
            -4.951642443436241e-08,
            -4.2413296716418885e-06,
            2.3421476681780058e-07,
            1.1324651427348036e-07,
            3.575942235655959e-05,
            -7.997065072827808e-08,
            7.356395448660635e-07,
            3.298243508769957e-07
        ],
        [
            -2.7999949274975323e-08,
            -1.0409629216809466e-07,
            4.5518130620014844e-07,
            8.52436194043455e-08,
            -7.997065072827805e-08,
            4.0583646838866114e-05,
            3.2114519906540257e-08,
            -2.91122410317202e-07
        ],
        [
            4.6878712072158346e-08,
            3.794400856959705e-07,
            -2.0622734945272946e-07,
            -4.844919934702637e-06,
            7.356395448660634e-07,
            3.2114519906540257e-08,
            3.529438668596045e-05,
            -1.5984998601198112e-07
        ],
        [
            1.5381024172658407e-07,
            1.6612367311626942e-07,
            -4.365541144584541e-06,
            4.053868353315471e-07,
            3.2982435087699565e-07,
            -2.9112241031720196e-07,
            -1.5984998601198112e-07,
            4.413764371477288e-05
        ]
    ]
}