{
    "bin_index": "bin10",
    "valid": true,
    "converged": true,
    "fmin": 9999.999999984739,
    "status": 0,
    "parameters": {
        "FL": {
            "value": 0.34208931986917773,
            "error": 0.004885390124248675,
            "error_low": -0.004885390124248675,
            "error_up": 0.004885390124248675,
            "error_source": "delta_method"
        },
        "AFB": {
            "value": -0.00685514315760312,
            "error": 0.005659743603077124,
            "error_low": -0.005659743603077124,
            "error_up": 0.005659743603077124,
            "error_source": "delta_method"
        },
        "S3": {
            "value": -0.22100203899038864,
            "error": 0.007261952345207632,
            "error_low": -0.007261952345207632,
            "error_up": 0.007261952345207632,
            "error_source": "delta_method"
        },
        "S4": {
            "value": -0.3059720724203649,
            "error": 0.006440056902348253,
            "error_low": -0.006440056902348253,
            "error_up": 0.006440056902348253,
            "error_source": "delta_method"
        },
        "S5": {
            "value": 0.007134100600536178,
            "error": 0.006475697102238052,
            "error_low": -0.006475697102238052,
            "error_up": 0.006475697102238052,
            "error_source": "delta_method"
        },
        "S7": {
            "value": -0.002419863980574396,
            "error": 0.007851776331647723,
            "error_low": -0.007851776331647723,
            "error_up": 0.007851776331647723,
            "error_source": "delta_method"
        },
        "S8": {
            "value": -0.00046329307665471614,
            "error": 0.00822286453301573,
            "error_low": -0.00822286453301573,
            "error_up": 0.00822286453301573,
            "error_source": "delta_method"
        },
        "S9": {
            "value": 0.001231566546600472,
            "error": 0.007818360050586956,
            "error_low": -0.007818360050586956,
            "error_up": 0.007818360050586956,
            "error_source": "delta_method"
        }
    },
    "covariance": [
        [
            2.3867036666106478e-05,
            1.319710806069806e-07,
            4.711485622362456e-06,
            -1.8789700659298201e-06,
            -6.73153676971471e-08,
            -2.646947836523969e-07,
            7.275799198862525e-08,
            -6.114849853158486e-08
        ],
        [
            1.319710806069806e-07,
            3.2032697652572425e-05,
            1.3884687610167206e-07,
            7.75479867566653e-08,
            -9.641681245136538e-06,
            4.664134109113149e-08,
            -1.6127993690827523e-08,
            -1.719855902076669e-08
        ],
        [
            4.711485622362455e-06,
            1.38846876101672e-07,
            5.273595186406662e-05,
            -9.551344778892418e-06,
            2.550834011767473e-07,
            -2.2666946555942285e-07,
            -2.217342108603676e-07,
            5.236517975230461e-07
        ],
        [
            -1.8789700659298212e-06,
            7.754798675666537e-08,
            -9.551344778892418e-06,
            4.1474332905483375e-05,
            -1.3323709389222693e-07,
            -9.676022371877277e-07,
            7.863290189256633e-07,
            -7.922859408859442e-08
        ],
        [
            -6.731536769714706e-08,
            -9.641681245136538e-06,
            2.5508340117674765e-07,
            -1.3323709389222685e-07,
            4.1934652959934306e-05,
            2.2783966008299395e-07,
            -9.988043492928829e-07,
            -5.455056128573718e-07
        ],
        [
            -2.6469478365239686e-07,
            4.664134109113145e-08,
            -2.266694655594228e-07,
            -9.676022371877277e-07,
            2.2783966008299387e-07,
            6.165039156222338e-05,
            -3.316149874089311e-07,
            5.712864566634422e-07
        ],
        [
            7.275799198862525e-08,
            -1.6127993690827735e-08,
            -2.2173421086036761e-07,
            7.863290189256633e-07,
            -9.988043492928863e-07,
            -3.316149874089311e-07,
            6.7615501128328e-05,
            -8.220540324866158e-06
        ],
        [
            -6.114849853158487e-08,
            -1.7198559020767536e-08,
            5.236517975230461e-07,
            -7.922859408859442e-08,
            -5.455056128573716e-07,
            5.712864566634423e-07,
            -8.220540324866156e-06,
            6.112675388061409e-05
        ]
    ]
}