{
    "bin_index": "bin10",
    "valid": true,
    "converged": true,
    "fmin": 9999.999999984739,
    "status": 0,
    "parameters": {
        "rFL_bin10": {
            "value": -0.32699865272859086,
            "error": 0.010831704268424683,
            "error_low": -0.010846909099448295,
            "error_up": 0.010816499437401072,
            "error_source": "minos (custom)"
        },
        "rS3_bin10": {
            "value": -0.8140710232190003,
            "error": 0.036864133514573585,
            "error_low": -0.03375086712262823,
            "error_up": 0.03997739990651894,
            "error_source": "minos (custom)"
        },
        "rr1_bin10": {
            "value": -1.960783235348309,
            "error": 0.4280106607116929,
            "error_low": -0.4512644998548083,
            "error_up": 0.4047568215685775,
            "error_source": "minos (custom)"
        },
        "a1_bin10": {
            "value": 2.8783620357735344,
            "error": 1.5141692463644238,
            "error_low": -1.6116554243320884,
            "error_up": 1.4166830683967595,
            "error_source": "minos (custom)"
        },
        "rr2_bin10": {
            "value": 3.019503614453896,
            "error": 3.053861851397958,
            "error_low": -1.2027026628162933,
            "error_up": 4.905021039979623,
            "error_source": "minos (custom)"
        },
        "a2_bin10": {
            "value": -3.137638287185908,
            "error": 0.012815065115338323,
            "error_low": -0.012807655899378255,
            "error_up": 0.012822474331298388,
            "error_source": "minos (custom)"
        },
        "rr3_bin10": {
            "value": -1.8024404501307743,
            "error": 0.8537660213718826,
            "error_low": -1.1978160244370601,
            "error_up": 0.5097160183067051,
            "error_source": "minos (custom)"
        },
        "a3_bin10": {
            "value": -0.12915826021668408,
            "error": 2.267796014457101,
            "error_low": -2.267796014457101,
            "error_up": 2.267796014457101,
            "error_source": "minos (custom)"
        }
    },
    "covariance": [
        [
            0.00011779466047956318,
            -4.0692398807356194e-05,
            3.0895055861550494e-05,
            1.6967483796728253e-05,
            -0.006356080070995013,
            9.069790867447652e-07,
            -1.5196801803210432e-05,
            4.188509969838571e-05
        ],
        [
            -4.0692398807356194e-05,
            0.0016045181907206759,
            -0.0005156485509678893,
            -0.0006343030996576848,
            0.09201392922537964,
            6.085094990763346e-07,
            -0.0005482372412358268,
            -0.0003484985454466631
        ],
        [
            3.0895055861550494e-05,
            -0.0005156485509678893,
            0.2023058977913345,
            -0.26814056036251116,
            -0.02526911054551459,
            -2.0873736319443207e-05,
            0.05063685953841503,
            -0.05139029659461027
        ],
        [
            1.6967483796728253e-05,
            -0.0006343030996576848,
            -0.26814056036251116,
            2.5865973122111106,
            -0.032000020965295146,
            0.0001934078531474519,
            0.00231389725602226,
            0.47081420212369596
        ],
        [
            -0.006356080070995013,
            0.09201392922537964,
            -0.02526911054551459,
            -0.032000020965295146,
            24.156171913310757,
            -0.0013570701197904778,
            -0.01656172287691321,
            -0.16199979985971288
        ],
        [
            9.069790867447652e-07,
            6.085094990763346e-07,
            -2.0873736319443207e-05,
            0.0001934078531474519,
            -0.0013570701197904778,
            0.00016467389661339158,
            -3.70418018134914e-05,
            0.00014550184458799137
        ],
        [
            -1.5196801803210432e-05,
            -0.0005482372412358268,
            0.05063685953841503,
            0.00231389725602226,
            -0.01656172287691321,
            -3.70418018134914e-05,
            0.2358389959329045,
            -0.3086891075267308
        ],
        [
            4.188509969838571e-05,
            -0.0003484985454466631,
            -0.05139029659461027,
            0.47081420212369596,
            -0.16199979985971288,
            0.00014550184458799137,
            -0.3086891075267308,
            5.142807128097947
        ]
    ]
}