{
    "bin_index": "bin5",
    "valid": true,
    "converged": true,
    "fmin": 9820.686874418125,
    "status": 0,
    "parameters": {
        "rFL_bin5": {
            "value": 0.07288581540345866,
            "error": 0.021627175074706115,
            "error_low": -0.021632429002578512,
            "error_up": 0.021621921146833714,
            "error_source": "minos (custom)"
        },
        "rS3_bin5": {
            "value": -0.1486537459317117,
            "error": 0.051442571960555544,
            "error_low": -0.05165528862636198,
            "error_up": 0.05122985529474911,
            "error_source": "minos (custom)"
        },
        "u1_bin5": {
            "value": 0.04646737916801713,
            "error": 0.029721552534288966,
            "error_low": -0.031310994767753196,
            "error_up": 0.028132110300824735,
            "error_source": "minos (custom)"
        },
        "v1_bin5": {
            "value": -0.006243180526163208,
            "error": 0.05602796070907683,
            "error_low": -0.053121697172399396,
            "error_up": 0.05893422424575425,
            "error_source": "minos (custom)"
        },
        "u2_bin5": {
            "value": -8.211084411542721,
            "error": 10.132128766515976,
            "error_low": -1.7889155884572787,
            "error_up": 18.475341944574673,
            "error_source": "minos (custom)"
        },
        "v2_bin5": {
            "value": 0.3087914941543207,
            "error": 0.3194486719505967,
            "error_low": -0.273379555094791,
            "error_up": 0.36551778880640234,
            "error_source": "minos (custom)"
        },
        "u3_bin5": {
            "value": -0.0191690685465947,
            "error": 0.03312096401458693,
            "error_low": -0.03314403711462153,
            "error_up": 0.033097890914552335,
            "error_source": "minos (custom)"
        },
        "v3_bin5": {
            "value": 0.04794581605123151,
            "error": 0.07669441160160503,
            "error_low": -0.07635725003765007,
            "error_up": 0.07703157316556002,
            "error_source": "minos (custom)"
        }
    },
    "covariance": [
        [
            0.00046433689928380555,
            2.847134544772754e-06,
            -8.053801691301046e-06,
            -2.602519534304417e-05,
            -0.0026306538136459208,
            2.9236185133649743e-05,
            -8.851657623569709e-06,
            2.292430978308981e-05
        ],
        [
            2.847134544772754e-06,
            0.0026241034727108687,
            1.968707104632595e-05,
            -0.00016425583620548618,
            0.004345567256636581,
            -1.8071179376094196e-05,
            2.4687756863568993e-05,
            -0.000127121238128176
        ],
        [
            -8.053801691301046e-06,
            1.968707104632595e-05,
            0.000973235098696126,
            1.335057694842198e-05,
            -0.000933168224089862,
            9.988559301381925e-06,
            -0.00017123720853744662,
            7.784282073811865e-05
        ],
        [
            -2.602519534304417e-05,
            -0.00016425583620548618,
            1.335057694842198e-05,
            0.0034465230622213127,
            0.001519610438892875,
            -1.769241111937661e-05,
            2.2999844489228768e-05,
            -0.0003166005173646885
        ],
        [
            -0.0026306538136459208,
            0.004345567256636581,
            -0.000933168224089862,
            0.001519610438892875,
            10508.030558954408,
            -394.63173480435603,
            -0.00623272748832209,
            0.018111336734354767
        ],
        [
            2.9236185133649743e-05,
            -1.8071179376094196e-05,
            9.988559301381925e-06,
            -1.769241111937661e-05,
            -394.63173480435603,
            14.87980537723594,
            7.117437715356342e-05,
            -0.00020349557720074026
        ],
        [
            -8.851657623569709e-06,
            2.4687756863568993e-05,
            -0.00017123720853744662,
            2.2999844489228768e-05,
            -0.00623272748832209,
            7.117437715356342e-05,
            0.001087962670581857,
            1.5494011878715108e-05
        ],
        [
            2.292430978308981e-05,
            -0.000127121238128176,
            7.784282073811865e-05,
            -0.0003166005173646885,
            0.018111336734354767,
            -0.00020349557720074026,
            1.5494011878715108e-05,
            0.005813736534466438
        ]
    ]
}