{
    "bin_index": "bin9",
    "valid": true,
    "converged": true,
    "fmin": 9999.998931844642,
    "status": 0,
    "parameters": {
        "rFL_bin9": {
            "value": -0.28132675672184604,
            "error": 0.008370354285961553,
            "error_low": -0.008401890436713763,
            "error_up": 0.008338818135209342,
            "error_source": "minos (custom)"
        },
        "rS3_bin9": {
            "value": -0.4894587081527533,
            "error": 0.020787807269209563,
            "error_low": -0.020828556278086916,
            "error_up": 0.02074705826033221,
            "error_source": "minos (custom)"
        },
        "rr1_bin9": {
            "value": -1.6083414431236065,
            "error": 0.3157499643203642,
            "error_low": -0.40026136690667125,
            "error_up": 0.2312385617340571,
            "error_source": "minos (custom)"
        },
        "a1_bin9": {
            "value": 1.3456791297777642,
            "error": 0.34241560973925766,
            "error_low": -0.4090982763842105,
            "error_up": 0.2757329430943048,
            "error_source": "minos (custom)"
        },
        "rr2_bin9": {
            "value": 7.124514797835197,
            "error": 132.82365015341261,
            "error_low": -132.82365015341261,
            "error_up": 132.82365015341261,
            "error_source": "minos (custom)"
        },
        "a2_bin9": {
            "value": -3.1126199812895763,
            "error": 0.010514263857403328,
            "error_low": -0.010537995203983347,
            "error_up": 0.010490532510823308,
            "error_source": "minos (custom)"
        },
        "rr3_bin9": {
            "value": -1.6139870842937185,
            "error": 0.4162348656581102,
            "error_low": -0.48290576859135115,
            "error_up": 0.3495639627248693,
            "error_source": "minos (custom)"
        },
        "a3_bin9": {
            "value": -1.7684428501870926,
            "error": 0.8398638833893284,
            "error_low": -1.2064167798787464,
            "error_up": 0.47331098689991025,
            "error_source": "minos (custom)"
        }
    },
    "covariance": [
        [
            7.02552459405806e-05,
            -5.91475271551444e-06,
            2.669738347775428e-05,
            6.352793861946903e-06,
            -0.0007175967076269048,
            -8.436779886140569e-07,
            -2.7555982955766976e-05,
            -1.770526578265993e-05
        ],
        [
            -5.91475271551444e-06,
            0.0004323928332971426,
            -4.8495383010840595e-05,
            1.565502857722589e-06,
            0.011892930088517429,
            2.778454873171492e-07,
            -0.0001828590374293305,
            4.034548280165564e-05
        ],
        [
            2.669738347775428e-05,
            -4.8495383010840595e-05,
            0.0818313219364545,
            0.027516960937813806,
            0.016171391906094054,
            1.5835650085567687e-05,
            0.015743902128175027,
            0.0032913346222310557
        ],
        [
            6.352793861946903e-06,
            1.565502857722589e-06,
            0.027516960937813806,
            0.08599834607389945,
            0.015835074316951542,
            -8.315621397868158e-06,
            0.001563508842653414,
            0.02351336400281496
        ],
        [
            -0.0007175967076269048,
            0.011892930088517429,
            0.016171391906094054,
            0.015835074316951542,
            17477.48836046937,
            -0.0005320487159215299,
            0.029834845879688824,
            0.040757994404952716
        ],
        [
            -8.436779886140569e-07,
            2.778454873171492e-07,
            1.5835650085567687e-05,
            -8.315621397868158e-06,
            -0.0005320487159215299,
            0.00011085210743084628,
            2.680905761606673e-05,
            -3.92988737210236e-05
        ],
        [
            -2.7555982955766976e-05,
            -0.0001828590374293305,
            0.015743902128175027,
            0.001563508842653414,
            0.029834845879688824,
            2.680905761606673e-05,
            0.2343587823332084,
            0.07488040008878724
        ],
        [
            -1.770526578265993e-05,
            4.034548280165564e-05,
            0.0032913346222310557,
            0.02351336400281496,
            0.040757994404952716,
            -3.92988737210236e-05,
            0.07488040008878724,
            0.18341521841902136
        ]
    ]
}