{
    "bin_index": "bin9",
    "valid": true,
    "converged": true,
    "fmin": 9999.998931844642,
    "status": 0,
    "parameters": {
        "FL": {
            "value": 0.362933710494708,
            "error": 0.0038759780467827413,
            "error_low": -0.0038759780467827413,
            "error_up": 0.0038759780467827413,
            "error_source": "delta_method"
        },
        "AFB": {
            "value": 0.003663144151765385,
            "error": 0.0044569893917328985,
            "error_low": -0.0044569893917328985,
            "error_up": 0.0044569893917328985,
            "error_source": "delta_method"
        },
        "S3": {
            "value": -0.14454610795361347,
            "error": 0.00530314801078884,
            "error_low": -0.00530314801078884,
            "error_up": 0.00530314801078884,
            "error_source": "delta_method"
        },
        "S4": {
            "value": -0.2897635372639805,
            "error": 0.0017990468368479018,
            "error_low": -0.0017990468368479018,
            "error_up": 0.0017990468368479018,
            "error_source": "delta_method"
        },
        "S5": {
            "value": -0.0026605512751241484,
            "error": 0.005322143701373008,
            "error_low": -0.005322143701373008,
            "error_up": 0.005322143701373008,
            "error_source": "delta_method"
        },
        "S7": {
            "value": -0.016795147652837763,
            "error": 0.0061020250987320526,
            "error_low": -0.0061020250987320526,
            "error_up": 0.0061020250987320526,
            "error_source": "delta_method"
        },
        "S8": {
            "value": -0.0066427089481011885,
            "error": 0.0064131138838128396,
            "error_low": -0.0064131138838128396,
            "error_up": 0.0064131138838128396,
            "error_source": "delta_method"
        },
        "S9": {
            "value": 0.010664235198436615,
            "error": 0.006138119526977846,
            "error_low": -0.006138119526977846,
            "error_up": 0.006138119526977846,
            "error_source": "delta_method"
        }
    },
    "covariance": [
        [
            1.5023205819141754e-05,
            -5.096169835580015e-08,
            2.7168408044508513e-06,
            -2.800226062927682e-06,
            -6.195834650847313e-08,
            6.398015317115923e-08,
            1.2777460665428e-07,
            -4.381372692342055e-09
        ],
        [
            -5.096169835580016e-08,
            1.986475443801959e-05,
            8.148063779913496e-08,
            3.9984836853349045e-08,
            -5.126540473576497e-06,
            -1.4110226948576142e-07,
            -6.268228026423468e-07,
            -9.283084206815614e-08
        ],
        [
            2.7168408044508513e-06,
            8.148063779913495e-08,
            2.812337882433363e-05,
            8.138045987073149e-06,
            1.4782727099362562e-07,
            4.822742208670294e-07,
            8.109923136201522e-08,
            2.8928376573310496e-07
        ],
        [
            -2.8002260629276817e-06,
            3.998483685334904e-08,
            8.138045987073149e-06,
            3.236569521172441e-06,
            5.561772359874263e-08,
            -4.0407122907204937e-07,
            -7.897383955493479e-09,
            9.403045291400525e-08
        ],
        [
            -6.195834650847313e-08,
            -5.126540473576497e-06,
            1.4782727099362562e-07,
            5.5617723598742626e-08,
            2.8325213578064377e-05,
            3.8559131391900915e-07,
            -1.2360995025194345e-07,
            -6.774953773457516e-09
        ],
        [
            6.398015317115924e-08,
            -1.4110226948576144e-07,
            4.822742208670294e-07,
            -4.040712290720495e-07,
            3.8559131391900915e-07,
            3.723471030555591e-05,
            1.67814108925293e-07,
            -1.7568826012548512e-07
        ],
        [
            1.2777460665427998e-07,
            -6.268228026423466e-07,
            8.109923136201507e-08,
            -7.897383955493505e-09,
            -1.2360995025194303e-07,
            1.6781410892529304e-07,
            4.1128029686753e-05,
            -4.338026002054725e-06
        ],
        [
            -4.381372692342093e-09,
            -9.283084206815402e-08,
            2.892837657331049e-07,
            9.403045291400524e-08,
            -6.774953773457516e-09,
            -1.756882601254851e-07,
            -4.338026002054724e-06,
            3.767651132746673e-05
        ]
    ]
}