{
    "bin_index": "bin2",
    "valid": true,
    "converged": true,
    "fmin": 9651.527677058632,
    "status": 0,
    "parameters": {
        "rFL_bin2": {
            "value": 0.494645840324346,
            "error": 0.022628596335641953,
            "error_low": -0.022525441144298455,
            "error_up": 0.022731751526985453,
            "error_source": "minos (custom)"
        },
        "rS3_bin2": {
            "value": 0.0845734570773018,
            "error": 0.05438287292462961,
            "error_low": -0.0560350857863073,
            "error_up": 0.052730660062951906,
            "error_source": "minos (custom)"
        },
        "u1_bin2": {
            "value": -0.026314271787303015,
            "error": 0.049513054990669804,
            "error_low": -0.049569701748787866,
            "error_up": 0.04945640823255174,
            "error_source": "minos (custom)"
        },
        "v1_bin2": {
            "value": 0.03297940402725513,
            "error": 0.06240436121238488,
            "error_low": -0.06413426218944211,
            "error_up": 0.060674460235327646,
            "error_source": "minos (custom)"
        },
        "u2_bin2": {
            "value": -5.722723643064256,
            "error": 4.187920661061876,
            "error_low": -4.277276356935744,
            "error_up": 4.098564965188009,
            "error_source": "minos (custom)"
        },
        "v2_bin2": {
            "value": 0.31129965600795806,
            "error": 0.4017218637357607,
            "error_low": -0.255421785850675,
            "error_up": 0.5480219416208464,
            "error_source": "minos (custom)"
        },
        "u3_bin2": {
            "value": -0.013963944408953636,
            "error": 0.028978773893323567,
            "error_low": -0.02897954461645508,
            "error_up": 0.028978003170192057,
            "error_source": "minos (custom)"
        },
        "v3_bin2": {
            "value": 0.07754317932969848,
            "error": 0.07596880260437174,
            "error_low": -0.07553168688185642,
            "error_up": 0.07640591832688705,
            "error_source": "minos (custom)"
        }
    },
    "covariance": [
        [
            0.0005081641933665684,
            -2.518030733315456e-05,
            2.7315428561481247e-05,
            2.2130198439377757e-05,
            -0.0019965938638860513,
            9.537800996551253e-05,
            -2.1801321442069236e-06,
            3.699480610014961e-05
        ],
        [
            -2.518030733315456e-05,
            0.0030937365294125673,
            -8.105673887141675e-05,
            1.0655731597764041e-05,
            -0.05651740672606283,
            0.003386493369786851,
            -3.477427366172071e-05,
            -8.496160293182989e-05
        ],
        [
            2.7315428561481247e-05,
            -8.105673887141675e-05,
            0.0024298544583974766,
            2.582782680302567e-05,
            -0.0034045920751041583,
            0.00017289859242678116,
            -0.00021515032544286786,
            0.00014895659554174222
        ],
        [
            2.2130198439377757e-05,
            1.0655731597764041e-05,
            2.582782680302567e-05,
            0.004096361474494808,
            -0.002182343718982085,
            0.00017074354274804386,
            3.539968580724459e-05,
            -0.00031347920312875066
        ],
        [
            -0.0019965938638860513,
            -0.05651740672606283,
            -0.0034045920751041583,
            -0.002182343718982085,
            2745.0258466578957,
            -150.45645784533306,
            -0.0034057037839678823,
            0.005358602856274047
        ],
        [
            9.537800996551253e-05,
            0.003386493369786851,
            0.00017289859242678116,
            0.00017074354274804386,
            -150.45645784533306,
            8.279555569963756,
            0.000242755671516346,
            -0.00036763457885872683
        ],
        [
            -2.1801321442069236e-06,
            -3.477427366172071e-05,
            -0.00021515032544286786,
            3.539968580724459e-05,
            -0.0034057037839678823,
            0.000242755671516346,
            0.0008325692336402588,
            2.31341470107724e-05
        ],
        [
            3.699480610014961e-05,
            -8.496160293182989e-05,
            0.00014895659554174222,
            -0.00031347920312875066,
            0.005358602856274047,
            -0.00036763457885872683,
            2.31341470107724e-05,
            0.005701154952748307
        ]
    ]
}