{
    "bin_index": "bin5",
    "valid": true,
    "converged": true,
    "fmin": 9999.999999926582,
    "status": 0,
    "parameters": {
        "rFL_bin5": {
            "value": 0.16448377118562502,
            "error": 0.01122201548913735,
            "error_low": -0.011214246802436413,
            "error_up": 0.01122978417583829,
            "error_source": "minos (custom)"
        },
        "rS3_bin5": {
            "value": -0.046741839306306626,
            "error": 0.03654743647633651,
            "error_low": -0.03670314684889921,
            "error_up": 0.03639172610377381,
            "error_source": "minos (custom)"
        },
        "rr1_bin5": {
            "value": -1.8248192342146239,
            "error": 2.3176589342865284,
            "error_low": -4.175180765785376,
            "error_up": 0.46013710278768094,
            "error_source": "minos (custom)"
        },
        "a1_bin5": {
            "value": -1.2554305847403626,
            "error": 6.0,
            "error_low": -4.744569415259638,
            "error_up": 7.255430584740362,
            "error_source": "minos (custom)"
        },
        "rr2_bin5": {
            "value": 2.0239229438313475,
            "error": 2.2882166802375363,
            "error_low": -0.60035630430642,
            "error_up": 3.9760770561686525,
            "error_source": "minos (custom)"
        },
        "a2_bin5": {
            "value": 3.1289796221407875,
            "error": 0.017030023283566603,
            "error_low": -0.017050797853153082,
            "error_up": 0.017009248713980123,
            "error_source": "minos (custom)"
        },
        "rr3_bin5": {
            "value": -1.7785866105333643,
            "error": 1.2116625505358898,
            "error_low": -1.9996572306601141,
            "error_up": 0.4236678704116652,
            "error_source": "minos (custom)"
        },
        "a3_bin5": {
            "value": -1.0865744693258992,
            "error": 1.411356326638673,
            "error_low": -0.7407177444672592,
            "error_up": 2.0819949088100866,
            "error_source": "minos (custom)"
        }
    },
    "covariance": [
        [
            0.00012628833176247582,
            -1.1598342363529313e-06,
            6.213541275012833e-05,
            -6.54728529465506e-05,
            0.00022470064271698465,
            -8.078683694168249e-07,
            -4.097117378056253e-05,
            1.449206799139315e-05
        ],
        [
            -1.1598342363529313e-06,
            0.0013460592262974085,
            -0.00024660509271528033,
            9.140599445551525e-05,
            0.022104942894122077,
            1.8410246668194653e-06,
            -0.0004179852025780907,
            0.00011302065628509987
        ],
        [
            6.213541275012833e-05,
            -0.00024660509271528033,
            0.5095170333420497,
            -0.247070971300914,
            -0.009626641396965266,
            9.505651539780913e-05,
            -0.04566944665472754,
            0.03232807832209967
        ],
        [
            -6.54728529465506e-05,
            9.140599445551525e-05,
            -0.247070971300914,
            0.6107790455383696,
            -0.005106657326006582,
            2.5285669348634678e-05,
            0.008928120535271982,
            -0.08094891612260097
        ],
        [
            0.00022470064271698465,
            0.022104942894122077,
            -0.009626641396965266,
            -0.005106657326006582,
            1.2704125388686143,
            0.0006108436556074564,
            -0.017968625418111683,
            0.011999216756030167
        ],
        [
            -8.078683694168249e-07,
            1.8410246668194653e-06,
            9.505651539780913e-05,
            2.5285669348634678e-05,
            0.0006108436556074564,
            0.00029057107583756804,
            6.61958079440336e-05,
            6.407126306084316e-05
        ],
        [
            -4.097117378056253e-05,
            -0.0004179852025780907,
            -0.04566944665472754,
            0.008928120535271982,
            -0.017968625418111683,
            6.61958079440336e-05,
            0.37623314244584266,
            -0.2901448963252721
        ],
        [
            1.449206799139315e-05,
            0.00011302065628509987,
            0.03232807832209967,
            -0.08094891612260097,
            0.011999216756030167,
            6.407126306084316e-05,
            -0.2901448963252721,
            0.680852834035971
        ]
    ]
}