{
    "bin_index": "bin5",
    "valid": true,
    "converged": true,
    "fmin": 9999.999999926582,
    "status": 0,
    "parameters": {
        "FL": {
            "value": 0.5815081428113518,
            "error": 0.00546958557411619,
            "error_low": -0.00546958557411619,
            "error_up": 0.00546958557411619,
            "error_source": "delta_method"
        },
        "AFB": {
            "value": 0.0024643379076825216,
            "error": 0.005355134781928617,
            "error_low": -0.005355134781928617,
            "error_up": 0.005355134781928617,
            "error_source": "delta_method"
        },
        "S3": {
            "value": -0.009773422949688783,
            "error": 0.007660914318315635,
            "error_low": -0.007660914318315635,
            "error_up": 0.007660914318315635,
            "error_source": "delta_method"
        },
        "S4": {
            "value": -0.24800034172061838,
            "error": 0.008151021500230551,
            "error_low": -0.008151021500230551,
            "error_up": 0.008151021500230551,
            "error_source": "delta_method"
        },
        "S5": {
            "value": 0.006217265769675847,
            "error": 0.008196515510304559,
            "error_low": -0.008196515510304559,
            "error_up": 0.008196515510304559,
            "error_source": "delta_method"
        },
        "S7": {
            "value": 0.006256403996597206,
            "error": 0.00844997678005963,
            "error_low": -0.00844997678005963,
            "error_up": 0.00844997678005963,
            "error_source": "delta_method"
        },
        "S8": {
            "value": -0.005910073977399569,
            "error": 0.008774043467211898,
            "error_low": -0.008774043467211898,
            "error_up": 0.008774043467211898,
            "error_source": "delta_method"
        },
        "S9": {
            "value": -0.005035621316734868,
            "error": 0.00766200664958185,
            "error_low": -0.00766200664958185,
            "error_up": 0.00766200664958185,
            "error_source": "delta_method"
        }
    },
    "covariance": [
        [
            2.991636635257994e-05,
            -2.7165598797015955e-07,
            5.808013206695683e-07,
            1.4885988576890562e-06,
            -2.218444723080193e-07,
            1.5750497546959826e-07,
            3.1206362533454315e-07,
            1.0899588697506637e-08
        ],
        [
            -2.7165598797015955e-07,
            2.8677468532621653e-05,
            -7.648613466141331e-08,
            6.414377605672625e-07,
            -7.228741144764786e-06,
            -3.387084654642913e-07,
            3.278715663561084e-07,
            -7.805102600999092e-08
        ],
        [
            5.808013206695683e-07,
            -7.648613466141332e-08,
            5.8689608192573506e-05,
            -6.0376918598389955e-06,
            1.3337428985099063e-07,
            -3.3815649337322256e-08,
            2.14079213310119e-07,
            4.695007098902018e-07
        ],
        [
            1.4885988576890567e-06,
            6.414377605672624e-07,
            -6.037691859838994e-06,
            6.643915149722071e-05,
            8.666297860761836e-08,
            1.26230020739408e-06,
            -1.3502605391099454e-06,
            -4.304598791259158e-07
        ],
        [
            -2.218444723080193e-07,
            -7.228741144764785e-06,
            1.3337428985099053e-07,
            8.666297860761832e-08,
            6.71828665106632e-05,
            -7.782686371273097e-07,
            1.266918020608541e-06,
            2.804457571708482e-07
        ],
        [
            1.5750497546959826e-07,
            -3.387084654642913e-07,
            -3.381564933732219e-08,
            1.2623002073940804e-06,
            -7.782686371273098e-07,
            7.140210758354691e-05,
            3.1586004843420464e-07,
            4.556936754515434e-07
        ],
        [
            3.1206362533454326e-07,
            3.27871566356109e-07,
            2.140792133101191e-07,
            -1.3502605391099454e-06,
            1.2669180206085307e-06,
            3.158600484342047e-07,
            7.69838387645238e-05,
            -6.725531357634215e-06
        ],
        [
            1.0899588697506685e-08,
            -7.805102600998414e-08,
            4.695007098902019e-07,
            -4.3045987912591567e-07,
            2.80445757170848e-07,
            4.556936754515434e-07,
            -6.725531357634214e-06,
            5.870634589823648e-05
        ]
    ]
}