{
    "bin_index": "bin9",
    "valid": true,
    "converged": true,
    "fmin": 9999.999999270347,
    "status": 0,
    "parameters": {
        "rFL_bin9": {
            "value": -0.28134684965384626,
            "error": 0.008370096521449693,
            "error_low": -0.00838154676518264,
            "error_up": 0.008358646277716745,
            "error_source": "minos (custom)"
        },
        "rS3_bin9": {
            "value": -0.4893459899724279,
            "error": 0.020764467027016464,
            "error_low": -0.020894658214968317,
            "error_up": 0.02063427583906461,
            "error_source": "minos (custom)"
        },
        "rS9_bin9": {
            "value": 0.037604115202912076,
            "error": 0.02162493367676984,
            "error_low": -0.021609728487051356,
            "error_up": 0.021640138866488322,
            "error_source": "minos (custom)"
        },
        "rAFB_bin9": {
            "value": 0.008608854587232108,
            "error": 0.010461499645555079,
            "error_low": -0.010460144130667768,
            "error_up": 0.01046285516044239,
            "error_source": "minos (custom)"
        },
        "rS4_bin9": {
            "value": -4.2352155868512495,
            "error": 1.0980329296570546,
            "error_low": -0.4513191207517731,
            "error_up": 1.7447467385623359,
            "error_source": "minos (custom)"
        },
        "rS7_bin9": {
            "value": -4.999794472577439,
            "error": 2.4195752425224164,
            "error_low": -0.00020552742256096934,
            "error_up": 4.838944957622272,
            "error_source": "minos (custom)"
        },
        "rS5_bin9": {
            "value": -0.00748600015821935,
            "error": 0.014956907795206122,
            "error_low": -0.014959779691726502,
            "error_up": 0.014954035898685741,
            "error_source": "minos (custom)"
        },
        "rS8_bin9": {
            "value": -0.03741714717734183,
            "error": 0.03611305450020462,
            "error_low": -0.03616739697607036,
            "error_up": 0.036058712024338885,
            "error_source": "minos (custom)"
        }
    },
    "covariance": [
        [
            7.025689979760273e-05,
            -5.9144558990418046e-06,
            1.987334819434505e-06,
            2.0530006361784702e-07,
            -2.911698987457593e-05,
            2.1727067259198224e-06,
            -2.6566993887293464e-07,
            2.1154795360991086e-06
        ],
        [
            -5.9144558990418046e-06,
            0.00043229202179885414,
            -3.49865336602613e-06,
            -8.76771685545216e-07,
            9.139165736019777e-06,
            1.0777445937991376e-06,
            4.120165166994259e-06,
            1.2830674381293748e-05
        ],
        [
            1.987334819434505e-06,
            -3.49865336602613e-06,
            0.00046883729644173905,
            -6.607142208837958e-07,
            3.710844525839721e-05,
            -1.063536203492105e-05,
            -8.161779234756066e-08,
            -8.621858447884552e-05
        ],
        [
            2.0530006361784702e-07,
            -8.76771685545216e-07,
            -6.607142208837958e-07,
            0.00010974548677673781,
            1.987642108573674e-05,
            -1.7149411404701558e-06,
            -3.391263364949137e-05,
            -8.295701078533351e-06
        ],
        [
            -2.911698987457593e-05,
            9.139165736019777e-06,
            3.710844525839721e-05,
            1.987642108573674e-05,
            0.13232180055206788,
            0.02402911652860226,
            -6.413817873896806e-05,
            -5.6527277949882365e-05
        ],
        [
            2.1727067259198224e-06,
            1.0777445937991376e-06,
            -1.063536203492105e-05,
            -1.7149411404701558e-06,
            0.02402911652860226,
            124.61354763662933,
            7.295472319007265e-07,
            -3.92553258297439e-05
        ],
        [
            -2.6566993887293464e-07,
            4.120165166994259e-06,
            -8.161779234756066e-08,
            -3.391263364949137e-05,
            -6.413817873896806e-05,
            7.295472319007265e-07,
            0.0002243256207202047,
            -1.992420902481056e-06
        ],
        [
            2.1154795360991086e-06,
            1.2830674381293748e-05,
            -8.621858447884552e-05,
            -8.295701078533351e-06,
            -5.6527277949882365e-05,
            -3.92553258297439e-05,
            -1.992420902481056e-06,
            0.0013065451253822795
        ]
    ]
}