{
    "bin_index": "bin9",
    "valid": true,
    "converged": true,
    "fmin": 9999.999999270347,
    "status": 0,
    "parameters": {
        "FL": {
            "value": 0.36292441905845446,
            "error": 0.0038759809676311954,
            "error_low": -0.0038759809676311954,
            "error_up": 0.0038759809676311954,
            "error_source": "delta_method"
        },
        "AFB": {
            "value": 0.003662971733585382,
            "error": 0.00445719330268505,
            "error_low": -0.00445719330268505,
            "error_up": 0.00445719330268505,
            "error_source": "delta_method"
        },
        "S3": {
            "value": -0.14451970330337116,
            "error": 0.005303125044165787,
            "error_low": -0.005303125044165787,
            "error_up": 0.005303125044165787,
            "error_source": "delta_method"
        },
        "S4": {
            "value": -0.28975338727338146,
            "error": 0.001798592150852928,
            "error_low": -0.001798592150852928,
            "error_up": 0.001798592150852928,
            "error_source": "delta_method"
        },
        "S5": {
            "value": -0.0026604923081787035,
            "error": 0.005322376436957868,
            "error_low": -0.005322376436957868,
            "error_up": 0.005322376436957868,
            "error_source": "delta_method"
        },
        "S7": {
            "value": -0.01678067129742324,
            "error": 0.00610188632979691,
            "error_low": -0.00610188632979691,
            "error_up": 0.00610188632979691,
            "error_source": "delta_method"
        },
        "S8": {
            "value": -0.006645783438699955,
            "error": 0.00641302942775542,
            "error_low": -0.00641302942775542,
            "error_up": 0.00641302942775542,
            "error_source": "delta_method"
        },
        "S9": {
            "value": 0.010669532440050113,
            "error": 0.006137497746597346,
            "error_low": -0.006137497746597346,
            "error_up": 0.006137497746597346,
            "error_source": "delta_method"
        }
    },
    "covariance": [
        [
            1.5023228461439257e-05,
            -5.065847588899692e-08,
            2.716135047577982e-06,
            -2.8004764730320016e-06,
            -6.206653805363141e-08,
            6.385193805630783e-08,
            1.276119941254349e-07,
            -4.3426632614888345e-09
        ],
        [
            -5.065847588899692e-08,
            1.9866572137500458e-05,
            7.997850047936154e-08,
            3.939598568312581e-08,
            -5.1256497882858765e-06,
            -1.4115940224606239e-07,
            -6.222486011451061e-07,
            -9.853033323426626e-08
        ],
        [
            2.7161350475779826e-06,
            7.997850047936156e-08,
            2.812313523405838e-05,
            8.13933627654057e-06,
            1.4594699833658802e-07,
            4.838436924160426e-07,
            7.933167825677905e-08,
            2.890869487881432e-07
        ],
        [
            -2.800476473032001e-06,
            3.9395985683125795e-08,
            8.139336276540569e-06,
            3.2349337251097615e-06,
            5.5193838050931065e-08,
            -4.0318030291475844e-07,
            -8.591794504522756e-09,
            9.412135780496516e-08
        ],
        [
            -6.206653805363143e-08,
            -5.1256497882858765e-06,
            1.4594699833658805e-07,
            5.519383805093105e-08,
            2.832769093668433e-05,
            3.8578937770631386e-07,
            -1.370990484027523e-07,
            -2.6134608122026607e-09
        ],
        [
            6.385193805630786e-08,
            -1.4115940224606239e-07,
            4.838436924160425e-07,
            -4.0318030291475834e-07,
            3.857893777063138e-07,
            3.723301678176241e-05,
            1.6766943266905282e-07,
            -1.7567603175312007e-07
        ],
        [
            1.2761199412543493e-07,
            -6.22248601145106e-07,
            7.933167825677913e-08,
            -8.591794504522748e-09,
            -1.3709904840275233e-07,
            1.676694326690528e-07,
            4.1126946441257016e-05,
            -4.334231711074114e-06
        ],
        [
            -4.342663261488773e-09,
            -9.853033323426624e-08,
            2.8908694878814324e-07,
            9.41213578049652e-08,
            -2.6134608122026603e-09,
            -1.7567603175312005e-07,
            -4.334231711074113e-06,
            3.7668878589487505e-05
        ]
    ]
}