{
    "bin_index": "bin10",
    "valid": true,
    "converged": true,
    "fmin": 58994.562405421806,
    "status": "Optimization terminated successfully",
    "parameters": {
        "FL": {
            "value": 0.34208956883228736,
            "error": 0.004885430645062491,
            "error_low": -0.004885430645062491,
            "error_up": 0.004885430645062491,
            "error_source": "hessian"
        },
        "S3": {
            "value": -0.22100216433258388,
            "error": 0.007262682251415637,
            "error_low": -0.007262682251415637,
            "error_up": 0.007262682251415637,
            "error_source": "hessian"
        },
        "S9": {
            "value": 0.001231574357329648,
            "error": 0.007817489323739693,
            "error_low": -0.007817489323739693,
            "error_up": 0.007817489323739693,
            "error_source": "hessian"
        },
        "AFB": {
            "value": -0.006855084218664025,
            "error": 0.005659716400459775,
            "error_low": -0.005659716400459775,
            "error_up": 0.005659716400459775,
            "error_source": "hessian"
        },
        "S4": {
            "value": -0.30597264237644783,
            "error": 0.006441304395754788,
            "error_low": -0.006441304395754788,
            "error_up": 0.006441304395754788,
            "error_source": "hessian"
        },
        "S7": {
            "value": -0.002419660864795629,
            "error": 0.007851768608580766,
            "error_low": -0.007851768608580766,
            "error_up": 0.007851768608580766,
            "error_source": "hessian"
        },
        "S5": {
            "value": 0.007134199794921296,
            "error": 0.006475589828731032,
            "error_low": -0.006475589828731032,
            "error_up": 0.006475589828731032,
            "error_source": "hessian"
        },
        "S8": {
            "value": -0.00046437676294108315,
            "error": 0.008222265767313067,
            "error_low": -0.008222265767313067,
            "error_up": 0.008222265767313067,
            "error_source": "hessian"
        }
    },
    "covariance": [
        [
            2.3867432587715707e-05,
            4.709234659573228e-06,
            -6.135816775824883e-08,
            1.3192528668315557e-07,
            -1.876277772257277e-06,
            -2.646039838076988e-07,
            -6.716553490387287e-08,
            7.225457858792717e-08
        ],
        [
            4.709234659573228e-06,
            5.27465534850277e-05,
            5.237669418190161e-07,
            1.3824067054911814e-07,
            -9.566030369083868e-06,
            -2.273911659439612e-07,
            2.555892770399163e-07,
            -2.195829623520124e-07
        ],
        [
            -6.13581677582488e-08,
            5.23766941819016e-07,
            6.111313932678409e-05,
            -7.153270081747148e-09,
            -7.71875790752737e-08,
            5.711297798088782e-07,
            -5.543544727030018e-07,
            -8.22242326088405e-06
        ],
        [
            1.3192528668315554e-07,
            1.382406705491182e-07,
            -7.15327008174718e-09,
            3.2032389733633354e-05,
            7.649323372329761e-08,
            4.6851337347287875e-08,
            -9.637621117593106e-06,
            -2.4160914679441466e-08
        ],
        [
            -1.8762777722572767e-06,
            -9.566030369083868e-06,
            -7.71875790752737e-08,
            7.649323372329763e-08,
            4.149040231876995e-05,
            -9.648835898765552e-07,
            -1.3182309854253123e-07,
            7.800487745273443e-07
        ],
        [
            -2.6460398380769893e-07,
            -2.2739116594396125e-07,
            5.711297798088782e-07,
            4.6851337347287875e-08,
            -9.648835898765552e-07,
            6.165027028269435e-05,
            2.275571994971436e-07,
            -3.3118154622858743e-07
        ],
        [
            -6.716553490387287e-08,
            2.555892770399164e-07,
            -5.543544727030019e-07,
            -9.637621117593108e-06,
            -1.3182309854253123e-07,
            2.2755719949714366e-07,
            4.19332636299648e-05,
            -9.95878514055312e-07
        ],
        [
            7.225457858792716e-08,
            -2.1958296235201237e-07,
            -8.22242326088405e-06,
            -2.4160914679441446e-08,
            7.800487745273443e-07,
            -3.311815462285874e-07,
            -9.95878514055312e-07,
            6.760565434832833e-05
        ]
    ]
}