{
  "nx": 4,
  "ny": 4,
  "coef": [
    -0.0071215057533319075,
    0.01641744807892621,
    -0.0013012945046155862,
    0.0062850208392508,
    -0.00755626939300077,
    0.0522601828454184,
    -0.00379150589574964,
    -0.0030286923072379763,
    0.05760474782267454,
    0.03272037901032601,
    0.01694802991199434,
    0.13130695782715718,
    0.028797771044334963,
    0.03402552441824303,
    0.05674550916782142,
    0.04035049613330572,
    -0.015056508351239183,
    0.04720277756533213,
    0.02121885529327083,
    0.02537817876846196,
    -0.0006391811785761908,
    0.013457706667968644,
    -0.009127762938833994,
    0.011182775814940793,
    -0.003245848405513675
  ],
  "x_range": [
    -1.0,
    1.0
  ],
  "y_range": [
    -1.0,
    1.0
  ]
}