{
  "n": 4,
  "coef": [
    0.025830819148704193,
    0.024524480768763224,
    0.023305611462150103,
    0.024436445882418507,
    0.02460215537866279
  ],
  "range": [
    -3.141592653589793,
    3.141592653589793
  ]
}