{
  "n": 4,
  "coef": [
    0.02589040894538394,
    0.024465971067239613,
    0.023401781516726533,
    0.024400921684104813,
    0.024657076742640855
  ],
  "range": [
    -3.141592653589793,
    3.141592653589793
  ]
}