{
  "nx": 4,
  "ny": 4,
  "coef": [
    -0.007236334935606676,
    0.017189433687279484,
    -0.0026271318211424652,
    0.00738855622130741,
    -0.007833795387866981,
    0.052945378959525446,
    -0.006546521773461621,
    0.0018553763593775526,
    0.05311019232278905,
    0.033683261911261385,
    0.016013967700629177,
    0.13454699322395236,
    0.024339763577225625,
    0.039280311827242904,
    0.05567972309293995,
    0.04059678886733199,
    -0.01632529589753524,
    0.04915829446955635,
    0.017999930844510872,
    0.0266019472299304,
    -0.0007346408381126791,
    0.01407149393790247,
    -0.010161529407714727,
    0.012026215531299528,
    -0.0035157230277778487
  ],
  "x_range": [
    -1.0,
    1.0
  ],
  "y_range": [
    -1.0,
    1.0
  ]
}