{
  "n": 4,
  "coef": [
    0.027013413473675342,
    0.022031638924534202,
    0.025231542013400325,
    0.0238734050165988,
    0.024947228517878433
  ],
  "range": [
    -3.141592653589793,
    3.141592653589793
  ]
}