{
  "nx": 4,
  "ny": 4,
  "coef": [
    -0.00898930099779252,
    0.03097971046891875,
    -0.0263646430278641,
    0.02512653615628069,
    -0.012183884422528726,
    0.06183455166455431,
    -0.05289009058701128,
    0.09126401891557813,
    -0.009983178644927416,
    0.04564542553623445,
    0.004114269814775375,
    0.18175810325782704,
    -0.07243565252850728,
    0.10660822701770777,
    0.0437903194187654,
    0.04949867044359428,
    -0.045983882046875126,
    0.10795213639748164,
    -0.01879712103548332,
    0.03457177677398357,
    -0.002351828073557744,
    0.022960236935446757,
    -0.029437545857168453,
    0.02310084317522392,
    -0.00626895016430459
  ],
  "x_range": [
    -1.0,
    1.0
  ],
  "y_range": [
    -1.0,
    1.0
  ]
}