{
  "nx": 4,
  "ny": 4,
  "coef": [
    0.2576091781110014,
    0.3081576930056154,
    0.0516729254985766,
    0.4286416486856592,
    -0.026243011522206833,
    0.06016699734598426,
    -0.037905135750937416,
    0.44401977256923203,
    0.03967927260824941,
    -0.00803568422879188,
    0.13849416504717207,
    0.19577657029159545,
    -0.04692539834766346,
    0.1690618474339231,
    0.05895474022915524,
    0.10455193553496217,
    -0.12495449195903112,
    0.5551495201845315,
    0.07803579305752724,
    -0.07153458685323735,
    0.21944570008113004,
    0.31920371915938944,
    0.020332410366365506,
    0.3675507561748249,
    0.04277038144406972
  ],
  "x_range": [
    -1.0,
    1.0
  ],
  "y_range": [
    -1.0,
    1.0
  ]
}