{
  "nx": 4,
  "ny": 4,
  "coef": [
    0.24522352519441765,
    0.3944535745650588,
    -0.10684456408240194,
    0.5122096347904607,
    -0.0462779831570652,
    0.08298918741337982,
    -0.19512683410071102,
    0.7705073973830807,
    -0.15508132496555999,
    0.035879838681565225,
    0.11695100657365556,
    0.3420546254627622,
    -0.4134988612474906,
    0.3733735520333824,
    0.015829129413003264,
    0.09702459791863956,
    -0.16385910825507946,
    0.7069242516462833,
    0.00735199586629634,
    -0.054174651174477374,
    0.23720591550015988,
    0.29114254162973874,
    0.05247609221795651,
    0.3315834811344083,
    0.044177679053015444
  ],
  "x_range": [
    -1.0,
    1.0
  ],
  "y_range": [
    -1.0,
    1.0
  ]
}