{
  "n": 4,
  "coef": [
    0.1274866937338669,
    0.12066987220770606,
    0.1483592994662942,
    0.10333575030689408,
    0.13464066569036334
  ],
  "range": [
    -3.141592653589793,
    3.141592653589793
  ]
}