{
  "n": 4,
  "coef": [
    0.12612456416648601,
    0.12297021685744136,
    0.14673071136733187,
    0.10036287253490775,
    0.133992586808501
  ],
  "range": [
    -3.141592653589793,
    3.141592653589793
  ]
}