{
  "nx": 4,
  "ny": 4,
  "coef": [
    0.26966705752572545,
    0.5554443346169204,
    -0.1419521271094927,
    0.6600093645057895,
    -0.05432726362008633,
    0.16089617666763587,
    -0.31270680269026235,
    0.9339919768611794,
    -0.1658380203194332,
    0.03558923644177058,
    0.09088173457589217,
    0.542812258281121,
    -0.517952936314627,
    0.4733021776800895,
    0.027236123892766563,
    0.1730312419584604,
    -0.3317503668672277,
    0.9773668771536109,
    -0.04121953192486219,
    -0.06410625591284176,
    0.28563989802557643,
    0.46613582263039477,
    -0.03522821885102466,
    0.5138518972965325,
    0.04382965621520323
  ],
  "x_range": [
    -1.0,
    1.0
  ],
  "y_range": [
    -1.0,
    1.0
  ]
}