{
  "n": 4,
  "coef": [
    0.16658933938944556,
    0.14931821253072466,
    0.18923810724908288,
    0.1400945893873762,
    0.16760556325944695
  ],
  "range": [
    -3.141592653589793,
    3.141592653589793
  ]
}