{
    "bin_index": "bin7",
    "valid": true,
    "converged": true,
    "fmin": 31085.30153169933,
    "status": "Optimization terminated successfully",
    "parameters": {
        "FL": {
            "value": 0.4137313752779846,
            "error": 0.00732201581928593,
            "error_low": -0.00732201581928593,
            "error_up": 0.00732201581928593,
            "error_source": "hessian"
        },
        "S3": {
            "value": -0.0441438009727191,
            "error": 0.010625485544447812,
            "error_low": -0.010625485544447812,
            "error_up": 0.010625485544447812,
            "error_source": "hessian"
        },
        "S9": {
            "value": -0.011482469662451374,
            "error": 0.010740147561326966,
            "error_low": -0.010740147561326966,
            "error_up": 0.010740147561326966,
            "error_source": "hessian"
        },
        "AFB": {
            "value": -0.01576841722969726,
            "error": 0.007156455428225215,
            "error_low": -0.007156455428225215,
            "error_up": 0.007156455428225215,
            "error_source": "hessian"
        },
        "S4": {
            "value": -0.26332408833668686,
            "error": 0.009570147711055146,
            "error_low": -0.009570147711055146,
            "error_up": 0.009570147711055146,
            "error_source": "hessian"
        },
        "S7": {
            "value": -0.01422618040955721,
            "error": 0.010913401328888349,
            "error_low": -0.010913401328888349,
            "error_up": 0.010913401328888349,
            "error_source": "hessian"
        },
        "S5": {
            "value": 0.02112274936626262,
            "error": 0.01018483248429657,
            "error_low": -0.01018483248429657,
            "error_up": 0.01018483248429657,
            "error_source": "hessian"
        },
        "S8": {
            "value": 0.023535759825868387,
            "error": 0.010859729904322527,
            "error_low": -0.010859729904322527,
            "error_up": 0.010859729904322527,
            "error_source": "hessian"
        }
    },
    "covariance": [
        [
            5.3611915657873416e-05,
            2.69930065411807e-06,
            1.1810358953746796e-06,
            1.4025241207331171e-06,
            9.079652387374089e-07,
            6.346074893806556e-07,
            5.925865136412009e-07,
            -9.792516351535887e-08
        ],
        [
            2.6993006541180694e-06,
            0.00011290094305526942,
            -1.7917306724556212e-06,
            -6.998032439318599e-08,
            -1.2660012307418796e-05,
            4.6978430523684673e-07,
            1.4242493022352803e-06,
            -8.743485797095407e-07
        ],
        [
            1.1810358953746796e-06,
            -1.7917306724556214e-06,
            0.00011535076963907757,
            -3.977279103776347e-08,
            7.831303733805502e-07,
            1.2493354023439302e-06,
            -2.5821348435883034e-06,
            -1.1235332648649166e-05
        ],
        [
            1.4025241207331173e-06,
            -6.9980324393186e-08,
            -3.977279103776347e-08,
            5.121485429617415e-05,
            -1.093134863905463e-07,
            9.93499468981488e-07,
            -1.4002878895685043e-05,
            -1.2143280415892456e-07
        ],
        [
            9.079652387374091e-07,
            -1.2660012307418796e-05,
            7.831303733805502e-07,
            -1.0931348639054632e-07,
            9.158772721141407e-05,
            7.001501792496839e-07,
            -1.3300669285722962e-06,
            1.2833268566701785e-06
        ],
        [
            6.346074893806555e-07,
            4.697843052368468e-07,
            1.2493354023439302e-06,
            9.93499468981488e-07,
            7.001501792496839e-07,
            0.00011910232856538199,
            7.490220682080522e-07,
            -3.4179095580239012e-06
        ],
        [
            5.925865136412009e-07,
            1.4242493022352803e-06,
            -2.5821348435883034e-06,
            -1.4002878895685043e-05,
            -1.3300669285722962e-06,
            7.490220682080522e-07,
            0.00010373081273318264,
            1.0793592539053288e-06
        ],
        [
            -9.792516351535886e-08,
            -8.743485797095406e-07,
            -1.1235332648649166e-05,
            -1.2143280415892459e-07,
            1.2833268566701785e-06,
            -3.4179095580239017e-06,
            1.0793592539053288e-06,
            0.00011793373359483695
        ]
    ]
}