{
    "bin_index": "bin4",
    "valid": true,
    "converged": true,
    "fmin": 9428.634720052167,
    "status": 0,
    "parameters": {
        "FL_bin4": {
            "value": 0.6153158630407717,
            "error": 0.005619178988891275,
            "error_low": -0.005648598159114333,
            "error_up": 0.005589759818668218,
            "error_source": "minos (custom)"
        },
        "S3_bin4": {
            "value": -0.031938598582170956,
            "error": 0.007787338577219529,
            "error_low": -0.007710642999276332,
            "error_up": 0.007864034155162725,
            "error_source": "minos (custom)"
        },
        "S9_bin4": {
            "value": -0.0021978753484563603,
            "error": 0.007763275720397082,
            "error_low": -0.007828768754009108,
            "error_up": 0.007697782686785056,
            "error_source": "minos (custom)"
        },
        "AFB_bin4": {
            "value": -4.561650237789347e-05,
            "error": 0.005371793854219639,
            "error_low": -0.005378509685561183,
            "error_up": 0.005365078022878095,
            "error_source": "minos (custom)"
        },
        "S4_bin4": {
            "value": -0.2436721706299629,
            "error": 0.008280164848164812,
            "error_low": -0.008253025906814643,
            "error_up": 0.008307303789514983,
            "error_source": "minos (custom)"
        },
        "S7_bin4": {
            "value": 0.013072755170560845,
            "error": 0.008853169092750489,
            "error_low": -0.008853818234914762,
            "error_up": 0.008852519950586217,
            "error_source": "minos (custom)"
        },
        "S5_bin4": {
            "value": -0.0040176218105073104,
            "error": 0.008515468223935596,
            "error_low": -0.008450381181337027,
            "error_up": 0.008580555266534165,
            "error_source": "minos (custom)"
        },
        "S8_bin4": {
            "value": -0.0021810698053200414,
            "error": 0.008953927226873281,
            "error_low": -0.008934618921727717,
            "error_up": 0.008973235532018843,
            "error_source": "minos (custom)"
        }
    },
    "covariance": [
        [
            3.165823583152069e-05,
            2.0033469937190785e-06,
            4.2434578581830246e-07,
            -2.38521739525034e-08,
            3.263282988751076e-06,
            -1.54978031890233e-07,
            -4.804960202570858e-07,
            -7.349932155065643e-08
        ],
        [
            2.0033469937190785e-06,
            6.080451644137193e-05,
            8.910701964643976e-07,
            2.21888283012285e-07,
            -6.863711045379427e-06,
            -1.2165559184350635e-06,
            -3.4389614211239416e-07,
            -1.758687060189429e-08
        ],
        [
            4.2434578581830246e-07,
            8.910701964643976e-07,
            6.04325777334521e-05,
            3.398298299399287e-07,
            4.354555374788072e-08,
            5.53799525675805e-07,
            3.149588899543659e-07,
            -6.898761391059363e-06
        ],
        [
            -2.38521739525034e-08,
            2.21888283012285e-07,
            3.398298299399287e-07,
            2.89292461485769e-05,
            3.048384309471135e-07,
            -4.115099131934643e-08,
            -8.454486374901333e-06,
            1.712836885769853e-07
        ],
        [
            3.263282988751076e-06,
            -6.863711045379427e-06,
            4.354555374788072e-08,
            3.048384309471135e-07,
            6.875019660408607e-05,
            7.09082327181831e-07,
            3.5407016041605866e-07,
            4.3524429362402705e-07
        ],
        [
            -1.54978031890233e-07,
            -1.2165559184350635e-06,
            5.53799525675805e-07,
            -4.115099131934643e-08,
            7.09082327181831e-07,
            7.859512857302255e-05,
            4.4096903477615275e-07,
            -8.456301578461266e-07
        ],
        [
            -4.804960202570858e-07,
            -3.4389614211239416e-07,
            3.149588899543659e-07,
            -8.454486374901333e-06,
            3.5407016041605866e-07,
            4.4096903477615275e-07,
            7.269956124529621e-05,
            5.152110938983001e-07
        ],
        [
            -7.349932155065643e-08,
            -1.758687060189429e-08,
            -6.898761391059363e-06,
            1.712836885769853e-07,
            4.3524429362402705e-07,
            -8.456301578461266e-07,
            5.152110938983001e-07,
            8.0395473048033e-05
        ]
    ]
}