{
    "bin_index": "bin4",
    "valid": true,
    "converged": true,
    "fmin": 9889.45993324196,
    "status": 0,
    "parameters": {
        "FL_bin4": {
            "value": 0.6337721914809258,
            "error": 0.013397662087746688,
            "error_low": -0.01351354517975683,
            "error_up": 0.013281778995736546,
            "error_source": "minos (custom)"
        },
        "S3_bin4": {
            "value": 0.014189532578164162,
            "error": 0.018666900780088883,
            "error_low": -0.018606490048611264,
            "error_up": 0.018727311511566497,
            "error_source": "minos (custom)"
        },
        "S9_bin4": {
            "value": 0.0019624131223159747,
            "error": 0.018545091594184767,
            "error_low": -0.018566878083998383,
            "error_up": 0.01852330510437115,
            "error_source": "minos (custom)"
        },
        "AFB_bin4": {
            "value": 0.015552574075210877,
            "error": 0.012637112348101436,
            "error_low": -0.012553700350322328,
            "error_up": 0.012720524345880542,
            "error_source": "minos (custom)"
        },
        "S4_bin4": {
            "value": -0.24135740457469743,
            "error": 0.020067291010754447,
            "error_low": -0.019924705890663627,
            "error_up": 0.020209876130845267,
            "error_source": "minos (custom)"
        },
        "S7_bin4": {
            "value": -0.022996781999677654,
            "error": 0.021146777229722725,
            "error_low": -0.021150859066491876,
            "error_up": 0.021142695392953572,
            "error_source": "minos (custom)"
        },
        "S5_bin4": {
            "value": -0.0007785450898451975,
            "error": 0.020659314692472452,
            "error_low": -0.02067697701324465,
            "error_up": 0.020641652371700257,
            "error_source": "minos (custom)"
        },
        "S8_bin4": {
            "value": -0.0310896189608339,
            "error": 0.02155576507534512,
            "error_low": -0.021505607298973075,
            "error_up": 0.021605922851717165,
            "error_source": "minos (custom)"
        }
    },
    "covariance": [
        [
            0.00018003583021684302,
            -5.984254130724494e-06,
            6.563152024372305e-07,
            -5.54492619993693e-06,
            2.259462159102946e-05,
            3.550242151570484e-06,
            2.7128424294357664e-06,
            6.758033220726644e-06
        ],
        [
            -5.984254130724494e-06,
            0.0003497054092719228,
            -1.0525450036315776e-05,
            1.892760189577411e-06,
            -3.707283135806196e-05,
            1.451494682097419e-05,
            5.406985949182714e-06,
            1.0736918081393588e-05
        ],
        [
            6.563152024372305e-07,
            -1.0525450036315776e-05,
            0.0003451975804143226,
            -1.9464571505496453e-06,
            -7.493729224573555e-06,
            6.696450067027881e-06,
            2.1304490420804844e-06,
            -3.119163508588441e-05
        ],
        [
            -5.54492619993693e-06,
            1.892760189577411e-06,
            -1.9464571505496453e-06,
            0.00016011057533317318,
            -6.227795208599062e-06,
            -9.510527822715328e-06,
            -4.5761381700827444e-05,
            -5.674006602712942e-06
        ],
        [
            2.259462159102946e-05,
            -3.707283135806196e-05,
            -7.493729224573555e-06,
            -6.227795208599062e-06,
            0.0004042986912410987,
            5.583735123780475e-06,
            1.3123238178993018e-05,
            -1.4294387049386587e-05
        ],
        [
            3.550242151570484e-06,
            1.451494682097419e-05,
            6.696450067027881e-06,
            -9.510527822715328e-06,
            5.583735123780475e-06,
            0.0004486013857902478,
            -1.9117720268410152e-06,
            -5.844097492108915e-06
        ],
        [
            2.7128424294357664e-06,
            5.406985949182714e-06,
            2.1304490420804844e-06,
            -4.5761381700827444e-05,
            1.3123238178993018e-05,
            -1.9117720268410152e-06,
            0.00042810634918326296,
            8.271933916972978e-06
        ],
        [
            6.758033220726644e-06,
            1.0736918081393588e-05,
            -3.119163508588441e-05,
            -5.674006602712942e-06,
            -1.4294387049386587e-05,
            -5.844097492108915e-06,
            8.271933916972978e-06,
            0.00046624588431858955
        ]
    ]
}