{
    "bin_index": "bin4",
    "valid": true,
    "converged": true,
    "fmin": 9833.240974862885,
    "status": 0,
    "parameters": {
        "rFL_bin4_reco": {
            "value": 0.14448179710739134,
            "error": 0.02269671478753174,
            "error_low": -0.022639938977551247,
            "error_up": 0.022753490597512232,
            "error_source": "minos (custom)"
        },
        "rS3_bin4_reco": {
            "value": -0.12153247467474494,
            "error": 0.05604962350726431,
            "error_low": -0.055955191333179104,
            "error_up": 0.05614405568134952,
            "error_source": "minos (custom)"
        },
        "rS9_bin4_reco": {
            "value": -0.08815837151544391,
            "error": 0.06444110198667136,
            "error_low": -0.06506579298406676,
            "error_up": 0.06381641098927594,
            "error_source": "minos (custom)"
        },
        "rAFB_bin4_reco": {
            "value": -0.008135547260625722,
            "error": 0.03549777979334321,
            "error_low": -0.03544456639252737,
            "error_up": 0.03555099319415905,
            "error_source": "minos (custom)"
        },
        "rS4_bin4_reco": {
            "value": -5.0176958599623855,
            "error": 3.3200033657293853,
            "error_low": -4.231730877463651,
            "error_up": 2.4082758539951197,
            "error_source": "minos (custom)"
        },
        "rS7_bin4_reco": {
            "value": 1.195610488598286,
            "error": 9.102346768378005,
            "error_low": -9.102346768378005,
            "error_up": 9.102346768378005,
            "error_source": "minos (custom)"
        },
        "rS5_bin4_reco": {
            "value": 0.004139465426809731,
            "error": 0.0342695784145254,
            "error_low": -0.03448258927794704,
            "error_up": 0.03405656755110376,
            "error_source": "minos (custom)"
        },
        "rS8_bin4_reco": {
            "value": 0.01944667456051175,
            "error": 0.07921889857267198,
            "error_low": -0.07884076671477065,
            "error_up": 0.07959703043057331,
            "error_source": "minos (custom)"
        }
    },
    "covariance": [
        [
            0.0005159497138531708,
            -4.143271079737384e-05,
            -4.1747196935078256e-05,
            2.8935283842513633e-06,
            -9.150945955718545e-05,
            -4.3507460404114164e-06,
            -3.7940957690767006e-06,
            1.370417801381508e-05
        ],
        [
            -4.143271079737384e-05,
            0.0031396870742327345,
            6.362202989124944e-05,
            8.725985289400988e-06,
            -0.0020265406747246714,
            0.001303423976616918,
            1.637222568396657e-05,
            -0.00011422409107863527
        ],
        [
            -4.1747196935078256e-05,
            6.362202989124944e-05,
            0.004145692630549352,
            3.932692364549798e-05,
            -0.0008762631583611621,
            -0.00016922821301926618,
            -5.9419827153453744e-05,
            -0.00034035171237800394
        ],
        [
            2.8935283842513633e-06,
            8.725985289400988e-06,
            3.932692364549798e-05,
            0.0012616621306259254,
            -0.00033599141284791395,
            -6.798875150213929e-05,
            -0.00016904360309114288,
            3.94339194695025e-05
        ],
        [
            -9.150945955718545e-05,
            -0.0020265406747246714,
            -0.0008762631583611621,
            -0.00033599141284791395,
            15.420052999548473,
            -23.41144645445927,
            -0.003394894607553114,
            -0.000145663973207012
        ],
        [
            -4.3507460404114164e-06,
            0.001303423976616918,
            -0.00016922821301926618,
            -6.798875150213929e-05,
            -23.41144645445927,
            77.60571626421388,
            -0.0007955298004018291,
            0.00019875013782423464
        ],
        [
            -3.7940957690767006e-06,
            1.637222568396657e-05,
            -5.9419827153453744e-05,
            -0.00016904360309114288,
            -0.003394894607553114,
            -0.0007955298004018291,
            0.001174126853068051,
            5.213598135218953e-05
        ],
        [
            1.370417801381508e-05,
            -0.00011422409107863527,
            -0.00034035171237800394,
            3.94339194695025e-05,
            -0.000145663973207012,
            0.00019875013782423464,
            5.213598135218953e-05,
            0.006256928045473816
        ]
    ]
}