{
    "bin_index": "bin4",
    "valid": true,
    "converged": true,
    "fmin": 9823.6271329557,
    "status": 0,
    "parameters": {
        "rFL_bin4": {
            "value": 0.14235261238345479,
            "error": 0.023200977168884224,
            "error_low": -0.023200977168884224,
            "error_up": 0.023200977168884224,
            "error_source": "minos (custom)"
        },
        "rS3_bin4": {
            "value": -0.16680280731386224,
            "error": 0.05736619592069592,
            "error_low": -0.05756442586194317,
            "error_up": 0.05716796597944866,
            "error_source": "minos (custom)"
        },
        "rS9_bin4": {
            "value": -0.0033129427177199917,
            "error": 0.06340441439412928,
            "error_low": -0.06380567755874342,
            "error_up": 0.06300315122951512,
            "error_source": "minos (custom)"
        },
        "rAFB_bin4": {
            "value": 0.14067022979446653,
            "error": 0.036077946122534565,
            "error_low": -0.03619243174319178,
            "error_up": 0.03596346050187735,
            "error_source": "minos (custom)"
        },
        "rS4_bin4": {
            "value": -4.021389290381259,
            "error": 1.283277686182955,
            "error_low": -1.9462356029523782,
            "error_up": 0.6203197694135318,
            "error_source": "minos (custom)"
        },
        "rS7_bin4": {
            "value": 2.618672750168758,
            "error": 8.661289021245612,
            "error_low": -2.5009743699322806,
            "error_up": 14.821603672558942,
            "error_source": "minos (custom)"
        },
        "rS5_bin4": {
            "value": -0.06049507763875754,
            "error": 0.03499894759129782,
            "error_low": -0.03507664896261572,
            "error_up": 0.03492124621997991,
            "error_source": "minos (custom)"
        },
        "rS8_bin4": {
            "value": -0.02279054386154872,
            "error": 0.08300490735445196,
            "error_low": -0.08299144338903316,
            "error_up": 0.08301837131987073,
            "error_source": "minos (custom)"
        }
    },
    "covariance": [
        [
            0.000538279627418583,
            -2.924185851704081e-06,
            1.2143982859695795e-05,
            -3.0052926976502963e-06,
            -0.00022453279580738112,
            -5.723020046771121e-07,
            4.260956771266677e-06,
            4.1245694578608503e-08
        ],
        [
            -2.924185851704081e-06,
            0.0033141797682705683,
            5.4202382287214885e-05,
            -1.6216911991825858e-05,
            -0.0002884415219225711,
            1.1896755497093722e-05,
            7.704506169449336e-05,
            0.00011579863003688419
        ],
        [
            1.2143982859695795e-05,
            5.4202382287214885e-05,
            0.004017906910124918,
            -1.3483566518724508e-05,
            -0.0002723713148313467,
            -4.912920018559587e-07,
            5.4358517412435365e-06,
            -0.0004759530522477539
        ],
        [
            -3.0052926976502963e-06,
            -1.6216911991825858e-05,
            -1.3483566518724508e-05,
            0.0013030478714504674,
            -0.00011236366648523547,
            -2.71554061405346e-07,
            -0.00021266173484769978,
            5.0395998254185946e-05
        ],
        [
            -0.00022453279580738112,
            -0.0002884415219225711,
            -0.0002723713148313467,
            -0.00011236366648523547,
            0.761113176819886,
            -0.022337968049946418,
            0.00022495408296363775,
            0.0027045209493361953
        ],
        [
            -5.723020046771121e-07,
            1.1896755497093722e-05,
            -4.912920018559587e-07,
            -2.71554061405346e-07,
            -0.022337968049946418,
            13.548511485215686,
            5.661492143530528e-07,
            5.289323157510789e-06
        ],
        [
            4.260956771266677e-06,
            7.704506169449336e-05,
            5.4358517412435365e-06,
            -0.00021266173484769978,
            0.00022495408296363775,
            5.661492143530528e-07,
            0.0012259505782166447,
            6.00224688938016e-06
        ],
        [
            4.1245694578608503e-08,
            0.00011579863003688419,
            -0.0004759530522477539,
            5.0395998254185946e-05,
            0.0027045209493361953,
            5.289323157510789e-06,
            6.00224688938016e-06,
            0.006864330434185215
        ]
    ]
}