{
    "bin_index": "bin4",
    "valid": true,
    "converged": true,
    "fmin": 9833.69618511303,
    "status": 0,
    "parameters": {
        "rFL_bin4": {
            "value": -0.07783711520748739,
            "error": 0.023351457185189634,
            "error_low": -0.023330258891197338,
            "error_up": 0.02337265547918193,
            "error_source": "minos (custom)"
        },
        "rS3_bin4": {
            "value": -0.1476017487990958,
            "error": 0.05336967446115115,
            "error_low": -0.052958554136810033,
            "error_up": 0.053780794785492275,
            "error_source": "minos (custom)"
        },
        "rS9_bin4": {
            "value": -0.010943928448566962,
            "error": 0.05739584410664347,
            "error_low": -0.056716494735203446,
            "error_up": 0.0580751934780835,
            "error_source": "minos (custom)"
        },
        "rAFB_bin4": {
            "value": 0.13802142557235136,
            "error": 0.033928576497540025,
            "error_low": -0.033953115968842644,
            "error_up": 0.033904037026237406,
            "error_source": "minos (custom)"
        },
        "rS4_bin4": {
            "value": -3.904704108342947,
            "error": 1.3559619818266508,
            "error_low": -1.3622298317078052,
            "error_up": 1.3496941319454963,
            "error_source": "minos (custom)"
        },
        "rS7_bin4": {
            "value": 2.7103350781558886,
            "error": 11.873468686616734,
            "error_low": -11.873468686616734,
            "error_up": 11.873468686616734,
            "error_source": "minos (custom)"
        },
        "rS5_bin4": {
            "value": -0.06674710659700274,
            "error": 0.03411743349424945,
            "error_low": -0.03414123803006464,
            "error_up": 0.03409362895843425,
            "error_source": "minos (custom)"
        },
        "rS8_bin4": {
            "value": -0.023444559140529637,
            "error": 0.08287916176816312,
            "error_low": -0.08305775352664393,
            "error_up": 0.08270057000968231,
            "error_source": "minos (custom)"
        }
    },
    "covariance": [
        [
            0.0005457515633720622,
            -1.3659730208996438e-05,
            9.464527469427448e-06,
            3.69288887064729e-06,
            -0.00018810287116084864,
            -2.9523653918498975e-07,
            1.1360240732675452e-05,
            6.6876709983377726e-06
        ],
        [
            -1.3659730208996438e-05,
            0.0028480028261361487,
            5.1759644852706366e-05,
            -2.412201511514222e-05,
            -0.0002897554001654657,
            5.761623211653161e-06,
            7.469514756380967e-05,
            8.753625158560903e-05
        ],
        [
            9.464527469427448e-06,
            5.1759644852706366e-05,
            0.0032924620143175657,
            -9.603538787996675e-06,
            -0.0005900323650970418,
            -7.2021504654976e-07,
            3.364528981509298e-06,
            -0.0003771928564801289
        ],
        [
            3.69288887064729e-06,
            -2.412201511514222e-05,
            -9.603538787996675e-06,
            0.0011494703824121643,
            -0.00014959670591482022,
            -7.483288643419183e-08,
            -0.00016429697629220696,
            4.2920217337263674e-05
        ],
        [
            -0.00018810287116084864,
            -0.0002897554001654657,
            -0.0005900323650970418,
            -0.00014959670591482022,
            0.5925811453902602,
            -0.010816723862961878,
            0.00011256895944562483,
            0.0028527174240784063
        ],
        [
            -2.9523653918498975e-07,
            5.761623211653161e-06,
            -7.2021504654976e-07,
            -7.483288643419183e-08,
            -0.010816723862961878,
            5.042553494424483,
            1.4063818647275458e-07,
            3.911815520799924e-06
        ],
        [
            1.1360240732675452e-05,
            7.469514756380967e-05,
            3.364528981509298e-06,
            -0.00016429697629220696,
            0.00011256895944562483,
            1.4063818647275458e-07,
            0.0011649028099151833,
            7.618557916208016e-06
        ],
        [
            6.6876709983377726e-06,
            8.753625158560903e-05,
            -0.0003771928564801289,
            4.2920217337263674e-05,
            0.0028527174240784063,
            3.911815520799924e-06,
            7.618557916208016e-06,
            0.006839049766035736
        ]
    ]
}