{
  "n": 4,
  "coef": [
    0.023352082594515582,
    0.02229219749258417,
    0.023666665578518344,
    0.022134120573305358,
    0.023662322502381636
  ],
  "range": [
    -3.141592653589793,
    3.141592653589793
  ]
}