{
  "n": 4,
  "coef": [
    0.023238866037182334,
    0.02264086140666965,
    0.023243018168641143,
    0.02234044833502944,
    0.023631496917692507
  ],
  "range": [
    -3.141592653589793,
    3.141592653589793
  ]
}