{
  "n": 4,
  "coef": [
    0.022756763488742417,
    0.024024274920426775,
    0.021726407995265526,
    0.023413784583829318,
    0.02341461295543514
  ],
  "range": [
    -3.141592653589793,
    3.141592653589793
  ]
}