{
  "nx": 4,
  "ny": 4,
  "coef": [
    -1.621376167986066e-05,
    -0.0008181820746862304,
    0.0038056803649667787,
    0.0014031864224000757,
    -3.463886576340147e-05,
    -0.0038072398964951806,
    0.004043615794713566,
    -0.04216672658933767,
    -0.01899882491307881,
    -0.0038091567918027776,
    0.10328264530950816,
    0.10220239148808132,
    0.1318827454642001,
    0.13889556274022272,
    0.10786263461856517,
    -0.009728568922086966,
    0.0031294406486096576,
    -0.016089093745502204,
    -0.03736836502640893,
    -0.0024968101681897966,
    0.0005978116144047262,
    -0.0007447324684656582,
    0.0011766772745136099,
    0.0032124186484272224,
    -7.032048534525879e-05
  ],
  "x_range": [
    -1.0,
    1.0
  ],
  "y_range": [
    -1.0,
    1.0
  ]
}