{
  "nx": 4,
  "ny": 4,
  "coef": [
    6.138857384066077e-05,
    -0.0005970629569024301,
    0.0027889470456254075,
    0.002568426641650832,
    -0.00045303883248890134,
    -0.004495979211598387,
    0.001116944313202776,
    -0.030322609561096187,
    -0.03167401445385685,
    0.0004932457198135616,
    0.10144956740662386,
    0.12260048662528371,
    0.08104584617521585,
    0.17340228595564158,
    0.10202662782524756,
    -0.006803268180758257,
    -0.016548323855939146,
    0.01986681881314947,
    -0.056859953261342425,
    -0.000345754341963914,
    0.00029924767954420144,
    0.0012099137655635674,
    -0.002348095581470727,
    0.005139233185609633,
    -0.0003546225223794703
  ],
  "x_range": [
    -1.0,
    1.0
  ],
  "y_range": [
    -1.0,
    1.0
  ]
}