{
  "nx": 4,
  "ny": 4,
  "coef": [
    -4.618308246728779e-05,
    -0.0007433667830160554,
    0.0037560619876123567,
    0.0013980623054217257,
    -6.966567073774678e-06,
    -0.0034990597047604563,
    0.0032549318143581213,
    -0.04164095381744904,
    -0.018949714518007338,
    -0.00409261003792319,
    0.10286317887592929,
    0.10374691245752679,
    0.130795572932133,
    0.13891186212759687,
    0.10822074723903122,
    -0.009521043101040075,
    0.002904360267342975,
    -0.016387477289988007,
    -0.03701873221612186,
    -0.0026887832826289174,
    0.0005781266705446162,
    -0.0007275898702064523,
    0.00121132386425233,
    0.0031768438010953944,
    -5.2498158119467766e-05
  ],
  "x_range": [
    -1.0,
    1.0
  ],
  "y_range": [
    -1.0,
    1.0
  ]
}