{
  "nx": 4,
  "ny": 4,
  "coef": [
    0.26363902468774736,
    -0.16311423764018038,
    0.33676095470356315,
    0.36783645733979203,
    -0.02452125026202698,
    0.19240427779731709,
    0.24263499985133297,
    0.6340171893997772,
    0.031437418411131034,
    0.034152502552639186,
    -0.05381330094379828,
    -0.16556912263554205,
    0.01234821747465454,
    0.13415128261456416,
    0.02541911982867025,
    0.30936437226937213,
    -0.0072152773380360635,
    0.9567326458897661,
    -0.0987457688294689,
    -0.05222853814787344,
    0.16028670813091986,
    0.03458996767058157,
    0.14880857935293246,
    0.4037905266715819,
    0.08800226001400144
  ],
  "x_range": [
    -1.0,
    1.0
  ],
  "y_range": [
    -1.0,
    1.0
  ]
}