{
  "nx": 4,
  "ny": 4,
  "coef": [
    0.17259987931438336,
    -0.03689256610204621,
    0.22410212341442645,
    0.37963707896771004,
    0.01840577263536192,
    0.3848691887126362,
    -0.05319309913798864,
    0.8740466681145972,
    -0.044706583995498025,
    -0.01776595404642116,
    -0.2845287970453025,
    0.19574377863416073,
    -0.2574114467714709,
    0.27798435399939025,
    0.06792602772364677,
    0.5006238419757252,
    -0.3463001572686351,
    1.2423444778447716,
    -0.3046155108841668,
    -0.06273310427026342,
    0.04295452801176827,
    0.2757850152069233,
    -0.05961839263610726,
    0.5705399304950053,
    0.07843685696360612
  ],
  "x_range": [
    -1.0,
    1.0
  ],
  "y_range": [
    -1.0,
    1.0
  ]
}