{
  "nx": 4,
  "ny": 4,
  "coef": [
    0.35492309950237855,
    -0.5673350485477873,
    1.21491981161212,
    -0.1114919616154449,
    0.09120972988153489,
    0.22504357550252094,
    0.8515877985531339,
    -0.1899861953560725,
    0.797168579932717,
    -0.12636833715527135,
    -0.03136052349947133,
    -0.8371717607889353,
    0.9210019284126051,
    -0.46739666148405257,
    0.19568469064998129,
    0.35802031895261427,
    0.5052829594489235,
    0.7593031589572773,
    0.17188621850748298,
    -0.16642730024088204,
    0.2217370595926309,
    -0.286972018934684,
    0.40851639221589564,
    0.4080891383889619,
    0.16042098860025006
  ],
  "x_range": [
    -1.0,
    1.0
  ],
  "y_range": [
    -1.0,
    1.0
  ]
}