{
  "n": 4,
  "coef": [
    0.11910587748726639,
    0.1427934926462504,
    0.09732969068087445,
    0.14106095731568002,
    0.11676494688242436
  ],
  "range": [
    -3.141592653589793,
    3.141592653589793
  ]
}