{
  "n": 4,
  "coef": [
    0.12070019386805607,
    0.13575951457691737,
    0.10616204690531872,
    0.13735969171636958,
    0.11890741901781587
  ],
  "range": [
    -3.141592653589793,
    3.141592653589793
  ]
}