{
  "n": 4,
  "coef": [
    0.15463204931457886,
    0.17463224323623278,
    0.13595836401066108,
    0.17626381676634753,
    0.15183960891263765
  ],
  "range": [
    -3.141592653589793,
    3.141592653589793
  ]
}