{
    "bin_index": "bin3",
    "valid": true,
    "converged": true,
    "fmin": 8555.205621574882,
    "status": 0,
    "parameters": {
        "FL_bin3": {
            "value": 0.6952628278922032,
            "error": 0.004091813551504446,
            "error_low": -0.004193551562571282,
            "error_up": 0.00399007554043761,
            "error_source": "minos (custom)"
        },
        "S3_bin3": {
            "value": -0.01500724666205201,
            "error": 0.005534023328024133,
            "error_low": -0.0055167608545673395,
            "error_up": 0.005551285801480926,
            "error_source": "minos (custom)"
        },
        "S9_bin3": {
            "value": 0.004952628952908284,
            "error": 0.005580805076587602,
            "error_low": -0.00563560513944428,
            "error_up": 0.005526005013730923,
            "error_source": "minos (custom)"
        },
        "AFB_bin3": {
            "value": -0.003281364155753816,
            "error": 0.0037691879780877065,
            "error_low": -0.0037984913488909584,
            "error_up": 0.0037398846072844542,
            "error_source": "minos (custom)"
        },
        "S4_bin3": {
            "value": -0.20858711048986334,
            "error": 0.006421585080622669,
            "error_low": -0.0064643466490247325,
            "error_up": 0.006378823512220606,
            "error_source": "minos (custom)"
        },
        "S7_bin3": {
            "value": 0.011260835493673514,
            "error": 0.006741669173379084,
            "error_low": -0.0067912302950056515,
            "error_up": 0.006692108051752518,
            "error_source": "minos (custom)"
        },
        "S5_bin3": {
            "value": -0.003327992329704403,
            "error": 0.006534391918297697,
            "error_low": -0.006567714593430304,
            "error_up": 0.006501069243165091,
            "error_source": "minos (custom)"
        },
        "S8_bin3": {
            "value": 0.01149618694787267,
            "error": 0.006856087114041887,
            "error_low": -0.006830674236942862,
            "error_up": 0.006881499991140912,
            "error_source": "minos (custom)"
        }
    },
    "covariance": [
        [
            1.6774040711628796e-05,
            5.167538201269507e-07,
            -1.0677867911052223e-07,
            1.0910306205980536e-07,
            2.134923830610333e-06,
            3.312577723013969e-07,
            1.582869015530093e-07,
            -4.0718969487173014e-07
        ],
        [
            5.167538201269507e-07,
            3.0679407956587574e-05,
            8.209405844100814e-07,
            -1.0554502755687833e-07,
            -2.988925106483848e-06,
            -1.3342884045152333e-07,
            -4.879114577747344e-07,
            4.8905549808447605e-08
        ],
        [
            -1.0677867911052223e-07,
            8.209405844100814e-07,
            3.120109854382585e-05,
            1.7755524203912907e-07,
            5.336532496634806e-07,
            -2.9724560157127472e-08,
            -2.1149091936626406e-07,
            -3.3027969140649674e-06
        ],
        [
            1.0910306205980536e-07,
            -1.0554502755687833e-07,
            1.7755524203912907e-07,
            1.422901014601176e-05,
            -1.1523732340458101e-07,
            3.423812685194328e-07,
            -3.858550488224306e-06,
            -9.279107540373833e-08
        ],
        [
            2.134923830610333e-06,
            -2.988925106483848e-06,
            5.336532496634806e-07,
            -1.1523732340458101e-07,
            4.1319445362587096e-05,
            3.5569960445662688e-09,
            -1.4461304876762415e-07,
            2.730671976750193e-07
        ],
        [
            3.312577723013969e-07,
            -1.3342884045152333e-07,
            -2.9724560157127472e-08,
            3.423812685194328e-07,
            3.5569960445662688e-09,
            4.554296761421897e-05,
            4.0063631750791113e-07,
            -6.76486034168363e-07
        ],
        [
            1.582869015530093e-07,
            -4.879114577747344e-07,
            -2.1149091936626406e-07,
            -3.858550488224306e-06,
            -1.4461304876762415e-07,
            4.0063631750791113e-07,
            4.2783634206147526e-05,
            -1.7927614525287267e-08
        ],
        [
            -4.0718969487173014e-07,
            4.8905549808447605e-08,
            -3.3027969140649674e-06,
            -9.279107540373833e-08,
            2.730671976750193e-07,
            -6.76486034168363e-07,
            -1.7927614525287267e-08,
            4.7099866959226676e-05
        ]
    ]
}