{
    "bin_index": "bin4",
    "valid": true,
    "converged": true,
    "fmin": 9999.999999927026,
    "status": 0,
    "parameters": {
        "rFL_bin4": {
            "value": 0.23481410007416886,
            "error": 0.011868625222531928,
            "error_low": -0.011855731679218147,
            "error_up": 0.01188151876584571,
            "error_source": "minos (custom)"
        },
        "rS3_bin4": {
            "value": -0.167233898532739,
            "error": 0.04159784146949154,
            "error_low": -0.04182910765890201,
            "error_up": 0.04136657528008108,
            "error_source": "minos (custom)"
        },
        "rr1_bin4": {
            "value": -2.207958312072352,
            "error": 2.2785052246201714,
            "error_low": -3.792041687927648,
            "error_up": 0.7649687613126952,
            "error_source": "minos (custom)"
        },
        "a1_bin4": {
            "value": -1.5860408138936648,
            "error": 2.9888757861455737,
            "error_low": -4.413959186106335,
            "error_up": 1.563792386184812,
            "error_source": "minos (custom)"
        },
        "rr2_bin4": {
            "value": 1.2794088893663065,
            "error": 0.3047986278150069,
            "error_low": -0.22585767902934487,
            "error_up": 0.38373957660066893,
            "error_source": "minos (custom)"
        },
        "a2_bin4": {
            "value": 3.1147758664255902,
            "error": 0.018189608893767785,
            "error_low": -0.018218772272116587,
            "error_up": 0.018160445515418986,
            "error_source": "minos (custom)"
        },
        "rr3_bin4": {
            "value": -2.1576702333048017,
            "error": 2.547781446291719,
            "error_low": -3.8423297666951983,
            "error_up": 1.2532331258882399,
            "error_source": "minos (custom)"
        },
        "a3_bin4": {
            "value": -2.311439697751888,
            "error": 6.0,
            "error_low": -3.688560302248112,
            "error_up": 8.311439697751888,
            "error_source": "minos (custom)"
        }
    },
    "covariance": [
        [
            0.00014126056961858292,
            -7.014266020391157e-06,
            -0.00011714514074293947,
            -1.7583429367238494e-05,
            9.51291126660991e-06,
            -8.798793702295986e-08,
            9.774020530246808e-05,
            -9.261758224867153e-05
        ],
        [
            -7.014266020391157e-06,
            0.0017341514359368064,
            -0.00117345926872641,
            0.00032478933463621525,
            0.006109071169881709,
            1.731764398383705e-05,
            -0.0004125822027725588,
            -0.00019481837695923128
        ],
        [
            -0.00011714514074293947,
            -0.00117345926872641,
            3.0171172219144227,
            0.0411015921351871,
            -0.0035661085220688657,
            0.00025601808435076536,
            -0.19416638733410907,
            -0.36109874937844727
        ],
        [
            -1.7583429367238494e-05,
            0.00032478933463621525,
            0.0411015921351871,
            2.507529240132034,
            -0.0016660267676916313,
            2.1512384673231057e-05,
            0.13341505054616515,
            -0.33499835004912376
        ],
        [
            9.51291126660991e-06,
            0.006109071169881709,
            -0.0035661085220688657,
            -0.0016660267676916313,
            0.07659309880027011,
            0.00024515946104254865,
            0.0007894171658685675,
            0.0009204180328033756
        ],
        [
            -8.798793702295986e-08,
            1.731764398383705e-05,
            0.00025601808435076536,
            2.1512384673231057e-05,
            0.00024515946104254865,
            0.0003315189052358825,
            -0.00016602393107937075,
            -0.0005052631510564458
        ],
        [
            9.774020530246808e-05,
            -0.0004125822027725588,
            -0.19416638733410907,
            0.13341505054616515,
            0.0007894171658685675,
            -0.00016602393107937075,
            1.5664815102920489,
            1.8309804265100378
        ],
        [
            -9.261758224867153e-05,
            -0.00019481837695923128,
            -0.36109874937844727,
            -0.33499835004912376,
            0.0009204180328033756,
            -0.0005052631510564458,
            1.8309804265100378,
            5.394166763609622
        ]
    ]
}