{
    "bin_index": "bin4",
    "valid": true,
    "converged": true,
    "fmin": 9999.999999927026,
    "status": 0,
    "parameters": {
        "FL": {
            "value": 0.6152957525782702,
            "error": 0.005626669038528888,
            "error_low": -0.005626669038528888,
            "error_up": 0.005626669038528888,
            "error_source": "delta_method"
        },
        "AFB": {
            "value": -5.178628865038425e-05,
            "error": 0.005379151964433162,
            "error_low": -0.005379151964433162,
            "error_up": 0.005379151964433162,
            "error_source": "delta_method"
        },
        "S3": {
            "value": -0.03187123190836975,
            "error": 0.007797574419453664,
            "error_low": -0.007797574419453664,
            "error_up": 0.007797574419453664,
            "error_source": "delta_method"
        },
        "S4": {
            "value": -0.24368891419735794,
            "error": 0.008291835509516027,
            "error_low": -0.008291835509516027,
            "error_up": 0.008291835509516027,
            "error_source": "delta_method"
        },
        "S5": {
            "value": -0.003953908714492727,
            "error": 0.008525868303750735,
            "error_low": -0.008525868303750735,
            "error_up": 0.008525868303750735,
            "error_source": "delta_method"
        },
        "S7": {
            "value": 0.013073041425523312,
            "error": 0.008865020234775464,
            "error_low": -0.008865020234775464,
            "error_up": 0.008865020234775464,
            "error_source": "delta_method"
        },
        "S8": {
            "value": -0.002162331000072025,
            "error": 0.00897246000229463,
            "error_low": -0.00897246000229463,
            "error_up": 0.00897246000229463,
            "error_source": "delta_method"
        },
        "S9": {
            "value": -0.0022645247268064674,
            "error": 0.0077739985071882045,
            "error_low": -0.0077739985071882045,
            "error_up": 0.0077739985071882045,
            "error_source": "delta_method"
        }
    },
    "covariance": [
        [
            3.165940446913961e-05,
            -1.8310032178181953e-08,
            2.0016585984352604e-06,
            3.2628962895294364e-06,
            -4.820786038111609e-07,
            -1.5472656800100056e-07,
            -7.325807468844029e-08,
            4.360671794377514e-07
        ],
        [
            -1.831003217818195e-08,
            2.893527585646515e-05,
            2.2446529044661973e-07,
            3.0749298599160753e-07,
            -8.45570269201099e-06,
            -3.928205086549706e-08,
            1.561640974158436e-07,
            4.6243730095498973e-07
        ],
        [
            2.0016585984352608e-06,
            2.244652904466197e-07,
            6.080216682691815e-05,
            -6.858623803590959e-06,
            -3.4406038865083333e-07,
            -1.2104381495163615e-06,
            -1.4143255277982034e-08,
            8.909983390124352e-07
        ],
        [
            3.262896289529437e-06,
            3.074929859916075e-07,
            -6.858623803590953e-06,
            6.875453611687091e-05,
            3.52513123935833e-07,
            6.986185544250866e-07,
            4.269561657792424e-07,
            4.243071913376341e-08
        ],
        [
            -4.820786038111609e-07,
            -8.45570269201099e-06,
            -3.440603886508333e-07,
            3.5251312393583294e-07,
            7.269043033290143e-05,
            4.3443547181427903e-07,
            5.004340587400129e-07,
            2.7996979049669606e-07
        ],
        [
            -1.5472656800100059e-07,
            -3.928205086549705e-08,
            -1.2104381495163615e-06,
            6.986185544250862e-07,
            4.344354718142791e-07,
            7.858858376297841e-05,
            -8.44991915766803e-07,
            5.601529959321263e-07
        ],
        [
            -7.325807468844029e-08,
            1.5616409741584408e-07,
            -1.4143255277981992e-08,
            4.2695616577924243e-07,
            5.004340587400264e-07,
            -8.449919157668028e-07,
            8.050503849277695e-05,
            -6.912649596747585e-06
        ],
        [
            4.360671794377514e-07,
            4.6243730095498973e-07,
            8.909983390124352e-07,
            4.243071913376338e-08,
            2.7996979049669564e-07,
            5.601529959321263e-07,
            -6.912649596747586e-06,
            6.043505278976443e-05
        ]
    ]
}