{
    "bin_index": "bin9",
    "valid": true,
    "converged": true,
    "fmin": 98813.8168598961,
    "status": "Optimization terminated successfully",
    "parameters": {
        "FL": {
            "value": 0.35844720248827694,
            "error": 0.003866219188384424,
            "error_low": -0.003866219188384424,
            "error_up": 0.003866219188384424,
            "error_source": "hessian"
        },
        "S3": {
            "value": -0.14669862078552737,
            "error": 0.0058936778104361825,
            "error_low": -0.0058936778104361825,
            "error_up": 0.0058936778104361825,
            "error_source": "hessian"
        },
        "S9": {
            "value": 0.0018296872695974652,
            "error": 0.006099017129638217,
            "error_low": -0.006099017129638217,
            "error_up": 0.006099017129638217,
            "error_source": "hessian"
        },
        "AFB": {
            "value": -0.012674589895782917,
            "error": 0.0044674640750707595,
            "error_low": -0.0044674640750707595,
            "error_up": 0.0044674640750707595,
            "error_source": "hessian"
        },
        "S4": {
            "value": -0.27910837039974656,
            "error": 0.005528576516938493,
            "error_low": -0.005528576516938493,
            "error_up": 0.005528576516938493,
            "error_source": "hessian"
        },
        "S7": {
            "value": 0.004890064595678479,
            "error": 0.006099448078368654,
            "error_low": -0.006099448078368654,
            "error_up": 0.006099448078368654,
            "error_source": "hessian"
        },
        "S5": {
            "value": 0.006084261316706254,
            "error": 0.0053694013323080225,
            "error_low": -0.0053694013323080225,
            "error_up": 0.0053694013323080225,
            "error_source": "hessian"
        },
        "S8": {
            "value": 0.013027771006657418,
            "error": 0.006454174236450479,
            "error_low": -0.006454174236450479,
            "error_up": 0.006454174236450479,
            "error_source": "hessian"
        }
    },
    "covariance": [
        [
            1.4947650812631916e-05,
            1.8810729829570004e-06,
            1.3660277709083156e-07,
            1.9157114271986808e-07,
            -9.359156955826234e-07,
            8.899502091485104e-08,
            8.204717685917651e-08,
            2.495128844234217e-08
        ],
        [
            1.8810729829570002e-06,
            3.473543813322784e-05,
            -4.880946745196985e-07,
            -4.647823279913788e-08,
            -5.092389093547627e-06,
            6.25544892868506e-08,
            1.0560216265644328e-07,
            2.9991850251820235e-08
        ],
        [
            1.3660277709083159e-07,
            -4.880946745196984e-07,
            3.719800994762039e-05,
            3.237133604530965e-07,
            5.12616621615418e-07,
            2.1963540467351358e-08,
            1.4040734607800856e-07,
            -4.369408773716766e-06
        ],
        [
            1.9157114271986802e-07,
            -4.6478232799137875e-08,
            3.237133604530965e-07,
            1.995823526204784e-05,
            -2.5472807496499142e-08,
            2.378428965079583e-07,
            -4.91672660970341e-06,
            2.22750880492487e-07
        ],
        [
            -9.359156955826234e-07,
            -5.092389093547628e-06,
            5.126166216154181e-07,
            -2.547280749649914e-08,
            3.056515830364376e-05,
            5.985655893583414e-07,
            -6.41866142486567e-08,
            7.197671910731093e-07
        ],
        [
            8.899502091485104e-08,
            6.255448928685061e-08,
            2.196354046735136e-08,
            2.3784289650795842e-07,
            5.985655893583413e-07,
            3.720326686071507e-05,
            4.883140921903894e-07,
            -7.219053356595098e-07
        ],
        [
            8.204717685917647e-08,
            1.0560216265644327e-07,
            1.4040734607800856e-07,
            -4.916726609703409e-06,
            -6.418661424865668e-08,
            4.883140921903894e-07,
            2.8830470667391167e-05,
            5.497583984139618e-07
        ],
        [
            2.4951288442342173e-08,
            2.99918502518202e-08,
            -4.369408773716766e-06,
            2.2275088049248703e-07,
            7.197671910731094e-07,
            -7.219053356595099e-07,
            5.497583984139618e-07,
            4.165636507446112e-05
        ]
    ]
}