{
    "bin_index": "bin3",
    "valid": true,
    "converged": true,
    "fmin": 8781.066760242495,
    "status": 0,
    "parameters": {
        "FL_bin3": {
            "value": 0.6911766477613115,
            "error": 0.0,
            "error_low": 0.0,
            "error_up": 0.0,
            "error_source": "none"
        },
        "S3_bin3": {
            "value": -0.014426073077379292,
            "error": 0.0,
            "error_low": 0.0,
            "error_up": 0.0,
            "error_source": "none"
        },
        "S9_bin3": {
            "value": 0.011265906385847891,
            "error": 0.0,
            "error_low": 0.0,
            "error_up": 0.0,
            "error_source": "none"
        },
        "AFB_bin3": {
            "value": -0.0025246341871821747,
            "error": 0.0,
            "error_low": 0.0,
            "error_up": 0.0,
            "error_source": "none"
        },
        "S4_bin3": {
            "value": -0.20912956657679088,
            "error": 0.0,
            "error_low": 0.0,
            "error_up": 0.0,
            "error_source": "none"
        },
        "S7_bin3": {
            "value": 0.010007943449242569,
            "error": 0.0,
            "error_low": 0.0,
            "error_up": 0.0,
            "error_source": "none"
        },
        "S5_bin3": {
            "value": -0.005739823259118948,
            "error": 0.0,
            "error_low": 0.0,
            "error_up": 0.0,
            "error_source": "none"
        },
        "S8_bin3": {
            "value": 0.013909836895678445,
            "error": 0.0,
            "error_low": 0.0,
            "error_up": 0.0,
            "error_source": "none"
        }
    },
    "covariance": [
        [
            1.9464002082512784e-05,
            5.707278948154873e-07,
            -3.415715795337156e-07,
            1.5072899677504815e-07,
            2.3797437004566994e-06,
            3.4131610444625914e-07,
            2.3861563484602063e-07,
            -5.036085906466834e-07
        ],
        [
            5.707278948154873e-07,
            3.597836902872942e-05,
            8.907723967505229e-07,
            -3.091298850576029e-07,
            -3.4343904417898803e-06,
            -3.1205706882136214e-07,
            -7.013825244629446e-07,
            4.9331388865602985e-08
        ],
        [
            -3.415715795337156e-07,
            8.907723967505229e-07,
            3.6167968964869016e-05,
            2.689811613171305e-07,
            6.238480233743023e-07,
            -1.8228917951099405e-07,
            -2.8409574638087025e-07,
            -3.7424447360085246e-06
        ],
        [
            1.5072899677504815e-07,
            -3.091298850576029e-07,
            2.689811613171305e-07,
            1.6568277644306357e-05,
            -1.1443926636072271e-07,
            4.4724779623451365e-07,
            -4.434347290342418e-06,
            -1.8715608662541112e-07
        ],
        [
            2.3797437004566994e-06,
            -3.4343904417898803e-06,
            6.238480233743023e-07,
            -1.1443926636072271e-07,
            4.76392897789608e-05,
            -6.459920381296894e-08,
            2.322320199508947e-08,
            4.369521497416166e-07
        ],
        [
            3.4131610444625914e-07,
            -3.1205706882136214e-07,
            -1.8228917951099405e-07,
            4.4724779623451365e-07,
            -6.459920381296894e-08,
            5.264446025111808e-05,
            7.037333251905013e-07,
            -4.572909786548741e-07
        ],
        [
            2.3861563484602063e-07,
            -7.013825244629446e-07,
            -2.8409574638087025e-07,
            -4.434347290342418e-06,
            2.322320199508947e-08,
            7.037333251905013e-07,
            4.94637142966356e-05,
            -4.9464948340156954e-08
        ],
        [
            -5.036085906466834e-07,
            4.9331388865602985e-08,
            -3.7424447360085246e-06,
            -1.8715608662541112e-07,
            4.369521497416166e-07,
            -4.572909786548741e-07,
            -4.9464948340156954e-08,
            5.449596204902926e-05
        ]
    ]
}