{
    "bin_index": "bin2",
    "valid": true,
    "converged": true,
    "fmin": 8432.06736494728,
    "status": 0,
    "parameters": {
        "FL_bin2": {
            "value": 0.7691718264082862,
            "error": 0.0,
            "error_low": 0.0,
            "error_up": 0.0,
            "error_source": "none"
        },
        "S3_bin2": {
            "value": -0.010777456818257147,
            "error": 0.0,
            "error_low": 0.0,
            "error_up": 0.0,
            "error_source": "none"
        },
        "S9_bin2": {
            "value": -0.01095053923911792,
            "error": 0.0,
            "error_low": 0.0,
            "error_up": 0.0,
            "error_source": "none"
        },
        "AFB_bin2": {
            "value": -0.00382636507022376,
            "error": 0.0,
            "error_low": 0.0,
            "error_up": 0.0,
            "error_source": "none"
        },
        "S4_bin2": {
            "value": -0.10061720539234958,
            "error": 0.0,
            "error_low": 0.0,
            "error_up": 0.0,
            "error_source": "none"
        },
        "S7_bin2": {
            "value": 0.016609180514748446,
            "error": 0.0,
            "error_low": 0.0,
            "error_up": 0.0,
            "error_source": "none"
        },
        "S5_bin2": {
            "value": -0.00027913577696601184,
            "error": 0.0,
            "error_low": 0.0,
            "error_up": 0.0,
            "error_source": "none"
        },
        "S8_bin2": {
            "value": 0.006108622659079599,
            "error": 0.0,
            "error_low": 0.0,
            "error_up": 0.0,
            "error_source": "none"
        }
    },
    "covariance": [
        [
            1.9266402388167662e-05,
            6.91921738518113e-07,
            5.566809665687332e-07,
            9.321113275658874e-08,
            1.4981225491275814e-06,
            -3.267462579406253e-07,
            1.9938780583545318e-07,
            -5.489690343836652e-07
        ],
        [
            6.91921738518113e-07,
            3.408306887212505e-05,
            -1.8848760451238666e-08,
            -1.287463450018084e-07,
            -2.0464116447386978e-06,
            -5.020816376485921e-07,
            2.4805475048004197e-07,
            -1.6120952559566178e-07
        ],
        [
            5.566809665687332e-07,
            -1.8848760451238666e-08,
            3.409652181231092e-05,
            1.7921584223648792e-08,
            2.718338783493453e-07,
            -3.0724383860739694e-07,
            3.5142011062100023e-07,
            -2.0304300666897085e-06
        ],
        [
            9.321113275658874e-08,
            -1.287463450018084e-07,
            1.7921584223648792e-08,
            1.5505448168933396e-05,
            -3.4723390159846836e-07,
            3.3409341292512916e-07,
            -2.346023190635828e-06,
            7.125571980756922e-07
        ],
        [
            1.4981225491275814e-06,
            -2.0464116447386978e-06,
            2.718338783493453e-07,
            -3.4723390159846836e-07,
            5.483963991018288e-05,
            3.0227189985686004e-07,
            -1.2390038236760544e-06,
            -6.468874211229814e-07
        ],
        [
            -3.267462579406253e-07,
            -5.020816376485921e-07,
            -3.0724383860739694e-07,
            3.3409341292512916e-07,
            3.0227189985686004e-07,
            5.799325327624074e-05,
            -6.043336525982777e-07,
            -6.721400219013387e-07
        ],
        [
            1.9938780583545318e-07,
            2.4805475048004197e-07,
            3.5142011062100023e-07,
            -2.346023190635828e-06,
            -1.2390038236760544e-06,
            -6.043336525982777e-07,
            5.652702545378975e-05,
            1.5792987413372226e-07
        ],
        [
            -5.489690343836652e-07,
            -1.6120952559566178e-07,
            -2.0304300666897085e-06,
            7.125571980756922e-07,
            -6.468874211229814e-07,
            -6.721400219013387e-07,
            1.5792987413372226e-07,
            5.776586967852881e-05
        ]
    ]
}