{
    "bin_index": "bin1",
    "valid": true,
    "converged": true,
    "fmin": 36028.56214732087,
    "status": "Optimization terminated successfully",
    "parameters": {
        "FL": {
            "value": 0.6776034866607683,
            "error": 0.006223394585101095,
            "error_low": -0.006223394585101095,
            "error_up": 0.006223394585101095,
            "error_source": "hessian"
        },
        "S3": {
            "value": 0.001023488525492248,
            "error": 0.008387565541965101,
            "error_low": -0.008387565541965101,
            "error_up": 0.008387565541965101,
            "error_source": "hessian"
        },
        "S9": {
            "value": -0.008582929026980084,
            "error": 0.008502979432017893,
            "error_low": -0.008502979432017893,
            "error_up": 0.008502979432017893,
            "error_source": "hessian"
        },
        "AFB": {
            "value": -0.0024590188542539036,
            "error": 0.005825090708406135,
            "error_low": -0.005825090708406135,
            "error_up": 0.005825090708406135,
            "error_source": "hessian"
        },
        "S4": {
            "value": 0.029083739636670634,
            "error": 0.010174259810481472,
            "error_low": -0.010174259810481472,
            "error_up": 0.010174259810481472,
            "error_source": "hessian"
        },
        "S7": {
            "value": 0.012756348717174827,
            "error": 0.010085452541290214,
            "error_low": -0.010085452541290214,
            "error_up": 0.010085452541290214,
            "error_source": "hessian"
        },
        "S5": {
            "value": -0.0105010896288039,
            "error": 0.01007316318692382,
            "error_low": -0.01007316318692382,
            "error_up": 0.01007316318692382,
            "error_source": "hessian"
        },
        "S8": {
            "value": -0.010208948963742196,
            "error": 0.010364946472485882,
            "error_low": -0.010364946472485882,
            "error_up": 0.010364946472485882,
            "error_source": "hessian"
        }
    },
    "covariance": [
        [
            3.873064016186563e-05,
            1.750272863752556e-07,
            1.1463357788367706e-07,
            -1.731043840760122e-07,
            -2.3766252417570687e-07,
            2.95463101829495e-07,
            4.226641256873727e-08,
            6.269330161313506e-07
        ],
        [
            1.7502728637525558e-07,
            7.035125572076033e-05,
            -9.51062728160276e-07,
            -9.116857881656524e-07,
            1.3567669707986093e-07,
            -7.191946848047425e-07,
            -1.1294288377621522e-06,
            4.91298237936992e-07
        ],
        [
            1.1463357788367706e-07,
            -9.510627281602759e-07,
            7.230065922131932e-05,
            8.749916622665021e-07,
            -4.4878482999928396e-07,
            2.405733335842071e-07,
            1.1366919565165255e-07,
            1.0595807995552889e-06
        ],
        [
            -1.7310438407601224e-07,
            -9.116857881656524e-07,
            8.749916622665021e-07,
            3.393168176115948e-05,
            -4.6025668702799663e-07,
            -5.928996629632476e-07,
            9.351097424513906e-07,
            1.3857392666217063e-07
        ],
        [
            -2.3766252417570692e-07,
            1.3567669707986093e-07,
            -4.487848299992839e-07,
            -4.602566870279966e-07,
            0.00010351556269117847,
            2.6835990407284825e-07,
            -9.716973885426383e-07,
            4.994750241629223e-07
        ],
        [
            2.954631018294951e-07,
            -7.191946848047426e-07,
            2.405733335842071e-07,
            -5.928996629632475e-07,
            2.683599040728483e-07,
            0.00010171635296261725,
            -9.434798417258295e-07,
            -2.365698568187299e-06
        ],
        [
            4.226641256873727e-08,
            -1.1294288377621522e-06,
            1.1366919565165257e-07,
            9.351097424513906e-07,
            -9.716973885426383e-07,
            -9.434798417258297e-07,
            0.00010146861659039724,
            2.9173110789059535e-07
        ],
        [
            6.269330161313506e-07,
            4.91298237936992e-07,
            1.059580799555289e-06,
            1.3857392666217063e-07,
            4.994750241629223e-07,
            -2.3656985681872993e-06,
            2.9173110789059535e-07,
            0.00010743211537749752
        ]
    ]
}