{
  "nx": 4,
  "ny": 4,
  "coef": [
    0.04005185295159192,
    0.03194718281084485,
    0.03290995741823508,
    0.03365666936942088,
    0.035684576881189346,
    0.032515602902182764,
    0.0525049985192467,
    0.03873195927584674,
    0.03461280241410565,
    0.05070832249964671,
    0.037951256458384326,
    0.06288814981519975,
    -0.002523367291541823,
    0.09551526871254977,
    0.011479584798298605,
    0.04993172894801459,
    0.01815878981375464,
    0.07448597559027671,
    -0.0026528739546593347,
    0.060779848053402294,
    0.03267753439120077,
    0.019973330485717176,
    0.054025967280297196,
    0.02418377037616506,
    0.036552614435713913
  ],
  "x_range": [
    -1.0,
    1.0
  ],
  "y_range": [
    -1.0,
    1.0
  ]
}