{
  "n": 4,
  "coef": [
    0.038997994132464936,
    0.03885040012988343,
    0.035844626086718345,
    0.040998079276460715,
    0.038255424095957974
  ],
  "range": [
    -3.141592653589793,
    3.141592653589793
  ]
}