{
  "n": 4,
  "coef": [
    0.12784981215168834,
    0.11852229833960858,
    0.1407278288742136,
    0.11780315226902124,
    0.12742038447436718
  ],
  "range": [
    -3.141592653589793,
    3.141592653589793
  ]
}