{
  "nx": 4,
  "ny": 4,
  "coef": [
    0.29676635423900344,
    0.1168184338251926,
    0.13041767381560201,
    0.1818169542050959,
    0.022123366524058795,
    -0.037479316837838485,
    0.2980450203957792,
    0.05244726387443093,
    0.0725791609082759,
    0.03469859033750048,
    0.39495315435158646,
    -0.15527851134609624,
    0.3508658937375387,
    0.21249640080125431,
    -0.015673928391491506,
    -0.06433152395128332,
    0.3317457545450086,
    -0.0256625955313072,
    0.06901571983675428,
    0.03977354654881333,
    0.30283544435467113,
    0.11869376234498226,
    0.1260251716369181,
    0.2168135506908729,
    0.01619130820530749
  ],
  "x_range": [
    -1.0,
    1.0
  ],
  "y_range": [
    -1.0,
    1.0
  ]
}