{
    "bin_index": "bin1",
    "valid": true,
    "converged": true,
    "fmin": 9399.09687796819,
    "status": 0,
    "parameters": {
        "rFL_bin1": {
            "value": 0.3567713092123187,
            "error": 0.0077163078982053004,
            "error_low": -0.007687353725225499,
            "error_up": 0.007745262071185102,
            "error_source": "minos (custom)"
        },
        "rS3_bin1": {
            "value": -0.013808977783202739,
            "error": 0.028158086597176238,
            "error_low": -0.028197543993459848,
            "error_up": 0.028118629200892628,
            "error_source": "minos (custom)"
        },
        "rS9_bin1": {
            "value": 0.0016362206467026668,
            "error": 0.028238520383466387,
            "error_low": -0.02871115019675561,
            "error_up": 0.027765890570177167,
            "error_source": "minos (custom)"
        },
        "rAFB_bin1": {
            "value": 0.016406630819780846,
            "error": 0.01293174782736873,
            "error_low": -0.012960668293304634,
            "error_up": 0.012902827361432825,
            "error_source": "minos (custom)"
        },
        "rS4_bin1": {
            "value": 0.09380168403577271,
            "error": 0.023727860575751294,
            "error_low": -0.02385404339017232,
            "error_up": 0.023601677761330268,
            "error_source": "minos (custom)"
        },
        "rS7_bin1": {
            "value": 0.03449064886742004,
            "error": 0.011638542859730493,
            "error_low": -0.011554974725418115,
            "error_up": 0.011722110994042871,
            "error_source": "minos (custom)"
        },
        "rS5_bin1": {
            "value": -0.005539126259960631,
            "error": 0.011728010823627111,
            "error_low": -0.011674666597051301,
            "error_up": 0.011781355050202922,
            "error_source": "minos (custom)"
        },
        "rS8_bin1": {
            "value": -0.02411275958399392,
            "error": 0.02376362432103081,
            "error_low": -0.02366647434673613,
            "error_up": 0.023860774295325488,
            "error_source": "minos (custom)"
        }
    },
    "covariance": [
        [
            5.968127668577144e-05,
            -3.6619996934893324e-07,
            -9.115419089549683e-07,
            -3.481230582581871e-08,
            9.370706419516242e-07,
            6.240125009982829e-07,
            3.73414327678967e-07,
            -8.389042633451559e-07
        ],
        [
            -3.6619996934893324e-07,
            0.0007944490588355146,
            -1.1709533046883621e-05,
            8.751873692479363e-07,
            4.031720230933142e-05,
            8.739036610419358e-06,
            9.561182190155352e-07,
            7.004348630314253e-06
        ],
        [
            -9.115419089549683e-07,
            -1.1709533046883621e-05,
            0.0007989656446458349,
            8.670085483993172e-07,
            -4.2179984526774984e-06,
            -1.9311149844226472e-07,
            2.5942159070417196e-06,
            5.32339367007873e-06
        ],
        [
            -3.481230582581871e-08,
            8.751873692479363e-07,
            8.670085483993172e-07,
            0.00016761571625220793,
            -3.0728896380909054e-06,
            -2.6860588689094454e-07,
            2.0608667278182056e-06,
            1.7602766209011264e-06
        ],
        [
            9.370706419516242e-07,
            4.031720230933142e-05,
            -4.2179984526774984e-06,
            -3.0728896380909054e-06,
            0.0005640943894988941,
            1.980725052808296e-06,
            1.1016063713852099e-08,
            -3.0322935857582818e-06
        ],
        [
            6.240125009982829e-07,
            8.739036610419358e-06,
            -1.9311149844226472e-07,
            -2.6860588689094454e-07,
            1.980725052808296e-06,
            0.000135759886837212,
            -5.22788703634597e-07,
            1.335524623685472e-07
        ],
        [
            3.73414327678967e-07,
            9.561182190155352e-07,
            2.5942159070417196e-06,
            2.0608667278182056e-06,
            1.1016063713852099e-08,
            -5.22788703634597e-07,
            0.00013784253343495148,
            -2.4047046854775306e-07
        ],
        [
            -8.389042633451559e-07,
            7.004348630314253e-06,
            5.32339367007873e-06,
            1.7602766209011264e-06,
            -3.0322935857582818e-06,
            1.335524623685472e-07,
            -2.4047046854775306e-07,
            0.0005656847057780477
        ]
    ]
}