{
    "bin_index": "bin1",
    "valid": true,
    "converged": true,
    "fmin": 9399.096877968354,
    "status": 0,
    "parameters": {
        "rFL_bin1": {
            "value": 0.3567713091564338,
            "error": 0.007716307899763181,
            "error_low": -0.007687353670919347,
            "error_up": 0.007745262128607014,
            "error_source": "minos (custom)"
        },
        "rS3_bin1": {
            "value": -0.013808977854177814,
            "error": 0.028158086601647824,
            "error_low": -0.028197543927041102,
            "error_up": 0.028118629276254546,
            "error_source": "minos (custom)"
        },
        "rS9_bin1": {
            "value": 0.0016362207534714862,
            "error": 0.028238520388091968,
            "error_low": -0.028711150308145836,
            "error_up": 0.0277658904680381,
            "error_source": "minos (custom)"
        },
        "rAFB_bin1": {
            "value": 0.016406630807500676,
            "error": 0.012931747829435581,
            "error_low": -0.01296066828311535,
            "error_up": 0.012902827375755812,
            "error_source": "minos (custom)"
        },
        "rS4_bin1": {
            "value": 0.09380168394851153,
            "error": 0.023727860579010746,
            "error_low": -0.023854043305514185,
            "error_up": 0.02360167785250731,
            "error_source": "minos (custom)"
        },
        "rS7_bin1": {
            "value": 0.03449064873241229,
            "error": 0.011638542861652963,
            "error_low": -0.011554974592344046,
            "error_up": 0.011722111130961879,
            "error_source": "minos (custom)"
        },
        "rS5_bin1": {
            "value": -0.005539126355178377,
            "error": 0.011728010825966037,
            "error_low": -0.01167466650375827,
            "error_up": 0.011781355148173805,
            "error_source": "minos (custom)"
        },
        "rS8_bin1": {
            "value": -0.024112759596017712,
            "error": 0.023763624325047465,
            "error_low": -0.02366647433873348,
            "error_up": 0.023860774311361452,
            "error_source": "minos (custom)"
        }
    },
    "covariance": [
        [
            5.968127570443646e-05,
            -3.661976719327313e-07,
            -9.115441557972926e-07,
            -3.481127954788699e-08,
            9.370707252041816e-07,
            6.240125009286683e-07,
            3.734143330568524e-07,
            -8.389042609472614e-07
        ],
        [
            -3.661976719327313e-07,
            0.0007944490578035885,
            -1.1709533214194738e-05,
            8.751874385723511e-07,
            4.0317195580675204e-05,
            8.739039555112475e-06,
            9.561215875773928e-07,
            7.00434186467962e-06
        ],
        [
            -9.115441557972926e-07,
            -1.1709533214194738e-05,
            0.0007989656281558581,
            8.670011410009032e-07,
            -4.2180050783212196e-06,
            -1.9310817206040094e-07,
            2.594219138095278e-06,
            5.323400694766776e-06
        ],
        [
            -3.481127954788699e-08,
            8.751874385723511e-07,
            8.670011410009032e-07,
            0.00016761571381928984,
            -3.0728926891916263e-06,
            -2.6860429540507786e-07,
            2.060865170928338e-06,
            1.7602797428822482e-06
        ],
        [
            9.370707252041816e-07,
            4.0317195580675204e-05,
            -4.2180050783212196e-06,
            -3.0728926891916263e-06,
            0.0005640943863857094,
            1.9807194555317913e-06,
            1.1016202051981847e-08,
            -3.032294211098211e-06
        ],
        [
            6.240125009286683e-07,
            8.739039555112475e-06,
            -1.9310817206040094e-07,
            -2.6860429540507786e-07,
            1.9807194555317913e-06,
            0.00013575988535621082,
            -5.22788635179675e-07,
            1.3355248161223642e-07
        ],
        [
            3.734143330568524e-07,
            9.561215875773928e-07,
            2.594219138095278e-06,
            2.060865170928338e-06,
            1.1016202051981847e-08,
            -5.22788635179675e-07,
            0.0001378425346244024,
            -2.404703879941316e-07
        ],
        [
            -8.389042609472614e-07,
            7.00434186467962e-06,
            5.323400694766776e-06,
            1.7602797428822482e-06,
            -3.032294211098211e-06,
            1.3355248161223642e-07,
            -2.404703879941316e-07,
            0.0005656847144670255
        ]
    ]
}