{
    "bin_index": "bin1",
    "valid": true,
    "converged": true,
    "fmin": 9908.672113573684,
    "status": 0,
    "parameters": {
        "FL_bin1": {
            "value": 0.649444096596149,
            "error": 0.010827534672548978,
            "error_low": -0.010845430571908123,
            "error_up": 0.010809638773189831,
            "error_source": "minos (custom)"
        },
        "S3_bin1": {
            "value": 0.015124252547911705,
            "error": 0.015034719049310323,
            "error_low": -0.015025754939930008,
            "error_up": 0.01504368315869064,
            "error_source": "minos (custom)"
        },
        "S9_bin1": {
            "value": -0.012423505013375545,
            "error": 0.014265372570406224,
            "error_low": -0.014325417932673664,
            "error_up": 0.014205327208138784,
            "error_source": "minos (custom)"
        },
        "AFB_bin1": {
            "value": 0.009680031103738405,
            "error": 0.010343489774728244,
            "error_low": -0.010415020061860144,
            "error_up": 0.010271959487596344,
            "error_source": "minos (custom)"
        },
        "S4_bin1": {
            "value": 0.003026455884650537,
            "error": 0.017999897894867247,
            "error_low": -0.018017730035012877,
            "error_up": 0.017982065754721617,
            "error_source": "minos (custom)"
        },
        "S7_bin1": {
            "value": 0.02349620648211197,
            "error": 0.017238576695670735,
            "error_low": -0.01721764904566686,
            "error_up": 0.017259504345674605,
            "error_source": "minos (custom)"
        },
        "S5_bin1": {
            "value": -0.013145357930865936,
            "error": 0.017315166314894465,
            "error_low": -0.01741785020008734,
            "error_up": 0.017212482429701585,
            "error_source": "minos (custom)"
        },
        "S8_bin1": {
            "value": 0.014313952316091262,
            "error": 0.017773487334363874,
            "error_low": -0.017766812112599794,
            "error_up": 0.01778016255612795,
            "error_source": "minos (custom)"
        }
    },
    "covariance": [
        [
            0.00011758878452633452,
            -4.7399316570228945e-06,
            2.1285980743615995e-06,
            -2.042629013258249e-06,
            2.756319085508019e-06,
            9.05984207974316e-07,
            -2.0874601209441793e-06,
            -1.2747563290038033e-06
        ],
        [
            -4.7399316570228945e-06,
            0.00022684760077507638,
            -4.655137645836366e-06,
            2.60828425112946e-07,
            1.3160214448778783e-06,
            -1.291263170876706e-06,
            -4.4770579334970826e-07,
            -3.821427095494127e-06
        ],
        [
            2.1285980743615995e-06,
            -4.655137645836366e-06,
            0.00020422366639357038,
            -7.527152397746616e-06,
            -2.5723244887116176e-06,
            2.1856722110522914e-06,
            -2.176033037484648e-06,
            -6.862089269311848e-07
        ],
        [
            -2.042629013258249e-06,
            2.60828425112946e-07,
            -7.527152397746616e-06,
            0.00010728876834931675,
            -1.6560262160431181e-06,
            1.5278581317705714e-06,
            -6.086015424109431e-07,
            6.447178548942031e-06
        ],
        [
            2.756319085508019e-06,
            1.3160214448778783e-06,
            -2.5723244887116176e-06,
            -1.6560262160431181e-06,
            0.00032501562701884175,
            -8.543116699977927e-07,
            2.4114880908840495e-06,
            -3.4264647148713295e-06
        ],
        [
            9.05984207974316e-07,
            -1.291263170876706e-06,
            2.1856722110522914e-06,
            1.5278581317705714e-06,
            -8.543116699977927e-07,
            0.0002980491298408924,
            -3.350055786254122e-06,
            6.2962136594365265e-06
        ],
        [
            -2.0874601209441793e-06,
            -4.4770579334970826e-07,
            -2.176033037484648e-06,
            -6.086015424109431e-07,
            2.4114880908840495e-06,
            -3.350055786254122e-06,
            0.00030067783433646256,
            -8.060568335578813e-07
        ],
        [
            -1.2747563290038033e-06,
            -3.821427095494127e-06,
            -6.862089269311848e-07,
            6.447178548942031e-06,
            -3.4264647148713295e-06,
            6.2962136594365265e-06,
            -8.060568335578813e-07,
            0.00031690890117098774
        ]
    ]
}