{
    "bin_index": "bin7",
    "valid": true,
    "converged": true,
    "fmin": 90059.30612533976,
    "status": "Optimization terminated successfully",
    "parameters": {
        "FL": {
            "value": 0.4348404621242845,
            "error": 0.004180941149743899,
            "error_low": -0.004180941149743899,
            "error_up": 0.004180941149743899,
            "error_source": "hessian"
        },
        "S3": {
            "value": -0.06958073260570616,
            "error": 0.006181455971103219,
            "error_low": -0.006181455971103219,
            "error_up": 0.006181455971103219,
            "error_source": "hessian"
        },
        "S9": {
            "value": -0.003930543886495722,
            "error": 0.006315151628524638,
            "error_low": -0.006315151628524638,
            "error_up": 0.006315151628524638,
            "error_source": "hessian"
        },
        "AFB": {
            "value": -0.002276909674382971,
            "error": 0.004502585305506389,
            "error_low": -0.004502585305506389,
            "error_up": 0.004502585305506389,
            "error_source": "hessian"
        },
        "S4": {
            "value": -0.26200150948060025,
            "error": 0.006019124448623272,
            "error_low": -0.006019124448623272,
            "error_up": 0.006019124448623272,
            "error_source": "hessian"
        },
        "S7": {
            "value": 0.0058025375957520275,
            "error": 0.006370888814395144,
            "error_low": -0.006370888814395144,
            "error_up": 0.006370888814395144,
            "error_source": "hessian"
        },
        "S5": {
            "value": 0.011016533756077158,
            "error": 0.005966803717461134,
            "error_low": -0.005966803717461134,
            "error_up": 0.005966803717461134,
            "error_source": "hessian"
        },
        "S8": {
            "value": 0.012204495753827937,
            "error": 0.006707635985487676,
            "error_low": -0.006707635985487676,
            "error_up": 0.006707635985487676,
            "error_source": "hessian"
        }
    },
    "covariance": [
        [
            1.748026889762184e-05,
            1.4268153911390117e-06,
            -9.991428566172587e-09,
            2.5917787914129824e-08,
            -1.577879182450114e-07,
            1.1284838920947044e-07,
            1.0687525449924203e-09,
            -1.0125453014634238e-07
        ],
        [
            1.4268153911390117e-06,
            3.821039792268765e-05,
            -1.3086121202658683e-07,
            -3.0360081777287955e-07,
            -4.473656197272103e-06,
            -3.511104887188096e-07,
            2.1187797405538896e-07,
            2.166095074135668e-08
        ],
        [
            -9.991428566172587e-09,
            -1.3086121202658683e-07,
            3.9881140091257395e-05,
            -1.6363191595959643e-08,
            2.3418475449853104e-07,
            4.1969094692495565e-07,
            -1.648818298874317e-07,
            -4.2810089686236726e-06
        ],
        [
            2.5917787914129824e-08,
            -3.036008177728796e-07,
            -1.6363191595959653e-08,
            2.0273274433362066e-05,
            2.3898398488189713e-07,
            2.617142447410435e-07,
            -4.853395049098522e-06,
            -2.8499277463802593e-08
        ],
        [
            -1.5778791824501132e-07,
            -4.473656197272102e-06,
            2.3418475449853097e-07,
            2.389839848818971e-07,
            3.622985912801441e-05,
            -1.5595479614706175e-08,
            -1.5423244090126188e-07,
            5.722191357532009e-07
        ],
        [
            1.1284838920947043e-07,
            -3.511104887188095e-07,
            4.196909469249556e-07,
            2.617142447410435e-07,
            -1.559547961470618e-08,
            4.0588224285385164e-05,
            1.377368067164041e-08,
            4.146622757511824e-07
        ],
        [
            1.0687525449924196e-09,
            2.1187797405538896e-07,
            -1.6488182988743168e-07,
            -4.853395049098522e-06,
            -1.5423244090126188e-07,
            1.377368067164039e-08,
            3.5602746602708004e-05,
            -4.712925823525498e-08
        ],
        [
            -1.0125453014634238e-07,
            2.1660950741356702e-08,
            -4.281008968623672e-06,
            -2.849927746380259e-08,
            5.722191357532009e-07,
            4.1466227575118246e-07,
            -4.712925823525497e-08,
            4.499238051380922e-05
        ]
    ]
}