{
    "bin_index": "bin9",
    "valid": true,
    "converged": true,
    "fmin": 9213.467843838494,
    "status": 0,
    "parameters": {
        "rFL_bin9_reco": {
            "value": -0.37130683828694927,
            "error": 0.01373948788200968,
            "error_low": -0.013759619564825402,
            "error_up": 0.013719356199193958,
            "error_source": "minos (custom)"
        },
        "rS3_bin9_reco": {
            "value": -0.255654814626664,
            "error": 0.030063209305120707,
            "error_low": -0.029978077343178602,
            "error_up": 0.030148341267062808,
            "error_source": "minos (custom)"
        },
        "rS9_bin9_reco": {
            "value": 0.040229204090434185,
            "error": 0.02937581792490041,
            "error_low": -0.029273726869741556,
            "error_up": 0.029477908980059263,
            "error_source": "minos (custom)"
        },
        "rAFB_bin9_reco": {
            "value": 0.027217932971491006,
            "error": 0.013423202237121025,
            "error_low": -0.013432375021378938,
            "error_up": 0.01341402945286311,
            "error_source": "minos (custom)"
        },
        "rS4_bin9_reco": {
            "value": -1.4988427038902332,
            "error": 0.20714595108692913,
            "error_low": -0.24671227588391428,
            "error_up": 0.16757962628994397,
            "error_source": "minos (custom)"
        },
        "rS7_bin9_reco": {
            "value": 0.006564238570696386,
            "error": 0.042136369033464405,
            "error_low": -0.04166237664655441,
            "error_up": 0.04261036142037441,
            "error_source": "minos (custom)"
        },
        "rS5_bin9_reco": {
            "value": 0.03677319612164901,
            "error": 0.021490046677371095,
            "error_low": -0.02147474532544933,
            "error_up": 0.021505348029292864,
            "error_source": "minos (custom)"
        },
        "rS8_bin9_reco": {
            "value": -0.028612008015747686,
            "error": 0.046759840765587576,
            "error_low": -0.046974312611281696,
            "error_up": 0.046545368919893464,
            "error_source": "minos (custom)"
        }
    },
    "covariance": [
        [
            0.0001892810783115862,
            -8.80891198433709e-06,
            3.874179297721762e-06,
            -1.859913653056209e-06,
            0.00027204526724824247,
            -2.0613048785463356e-06,
            6.62297122783938e-07,
            1.8180164413570006e-07
        ],
        [
            -8.80891198433709e-06,
            0.0009057577575914289,
            -1.1531770604693523e-05,
            -8.702461409163858e-06,
            -0.0022354365547290794,
            1.3213861900452829e-05,
            -1.4016008562590843e-05,
            1.0771213803112407e-05
        ],
        [
            3.874179297721762e-06,
            -1.1531770604693523e-05,
            0.0008649362919424976,
            4.584083239756358e-06,
            2.4590788964560027e-06,
            1.666432082054451e-05,
            9.81835058955779e-07,
            -0.00012886648361150351
        ],
        [
            -1.859913653056209e-06,
            -8.702461409163858e-06,
            4.584083239756358e-06,
            0.00018067604703210182,
            4.9655481198856645e-05,
            -2.133776176903954e-06,
            -4.568768736880871e-05,
            -2.1962695483345083e-06
        ],
        [
            0.00027204526724824247,
            -0.0022354365547290794,
            2.4590788964560027e-06,
            4.9655481198856645e-05,
            0.03880759433464814,
            -0.00026447576458142494,
            8.164764375596015e-05,
            -5.0983002387119415e-05
        ],
        [
            -2.0613048785463356e-06,
            1.3213861900452829e-05,
            1.666432082054451e-05,
            -2.133776176903954e-06,
            -0.00026447576458142494,
            0.0017145516785385796,
            3.7493070111113073e-06,
            6.186753954740831e-05
        ],
        [
            6.62297122783938e-07,
            -1.4016008562590843e-05,
            9.81835058955779e-07,
            -4.568768736880871e-05,
            8.164764375596015e-05,
            3.7493070111113073e-06,
            0.0004630372776853116,
            -3.262375043731344e-06
        ],
        [
            1.8180164413570006e-07,
            1.0771213803112407e-05,
            -0.00012886648361150351,
            -2.1962695483345083e-06,
            -5.0983002387119415e-05,
            6.186753954740831e-05,
            -3.262375043731344e-06,
            0.002189312773544476
        ]
    ]
}