{
    "bin_index": "bin5",
    "valid": true,
    "converged": true,
    "fmin": 9507.492320056113,
    "status": 0,
    "parameters": {
        "FL_bin5": {
            "value": 0.5564668651891742,
            "error": 0.0055198252572389896,
            "error_low": -0.005516120864548605,
            "error_up": 0.005523529649929375,
            "error_source": "minos (custom)"
        },
        "S3_bin5": {
            "value": -0.029031601684695256,
            "error": 0.007694337422339533,
            "error_low": -0.0076847649630306,
            "error_up": 0.007703909881648466,
            "error_source": "minos (custom)"
        },
        "S9_bin5": {
            "value": -0.002667364692754123,
            "error": 0.0077357860222037455,
            "error_low": -0.007734391766557186,
            "error_up": 0.007737180277850306,
            "error_source": "minos (custom)"
        },
        "AFB_bin5": {
            "value": 0.005757236656528281,
            "error": 0.0054814443483329894,
            "error_low": -0.00547210226199626,
            "error_up": 0.005490786434669719,
            "error_source": "minos (custom)"
        },
        "S4_bin5": {
            "value": -0.26247607963143926,
            "error": 0.008132529574307898,
            "error_low": -0.008100060717311931,
            "error_up": 0.008164998431303864,
            "error_source": "minos (custom)"
        },
        "S7_bin5": {
            "value": 0.0066524198003811924,
            "error": 0.008421640891639215,
            "error_low": -0.008419643794095861,
            "error_up": 0.008423637989182567,
            "error_source": "minos (custom)"
        },
        "S5_bin5": {
            "value": -0.00516651950337246,
            "error": 0.00812771506655554,
            "error_low": -0.008116705377061795,
            "error_up": 0.008138724756049286,
            "error_source": "minos (custom)"
        },
        "S8_bin5": {
            "value": 0.00989076356430719,
            "error": 0.008683157327952877,
            "error_low": -0.008687688059936981,
            "error_up": 0.008678626595968774,
            "error_source": "minos (custom)"
        }
    },
    "covariance": [
        [
            3.0556683228166964e-05,
            1.5362188474038002e-06,
            -1.3742617985670738e-07,
            -2.891693025807056e-07,
            1.9086873122861144e-06,
            -3.195174476927765e-07,
            -1.3436742833103164e-07,
            1.7065787341106925e-07
        ],
        [
            1.5362188474038002e-06,
            5.937979759137504e-05,
            -1.8477179812308163e-07,
            1.3095769337633676e-07,
            -6.875346457444761e-06,
            5.050374578538043e-07,
            4.1024064185104957e-07,
            9.703947185838858e-08
        ],
        [
            -1.3742617985670738e-07,
            -1.8477179812308163e-07,
            6.002292087373495e-05,
            -2.5572053922876175e-07,
            1.5769910066488704e-07,
            -5.674439486875282e-07,
            9.702405413290317e-07,
            -6.953373886061659e-06
        ],
        [
            -2.891693025807056e-07,
            1.3095769337633676e-07,
            -2.5572053922876175e-07,
            3.013285391580661e-05,
            -4.566579366103167e-08,
            2.601918138273336e-07,
            -8.136119327488677e-06,
            6.512566980314167e-07
        ],
        [
            1.9086873122861144e-06,
            -6.875346457444761e-06,
            1.5769910066488704e-07,
            -4.566579366103167e-08,
            6.633768975499552e-05,
            -5.462612966884558e-07,
            -4.6044072856556306e-07,
            1.427697910793249e-06
        ],
        [
            -3.195174476927765e-07,
            5.050374578538043e-07,
            -5.674439486875282e-07,
            2.601918138273336e-07,
            -5.462612966884558e-07,
            7.112932258625659e-05,
            7.877047198401417e-08,
            7.890107741988437e-07
        ],
        [
            -1.3436742833103164e-07,
            4.1024064185104957e-07,
            9.702405413290317e-07,
            -8.136119327488677e-06,
            -4.6044072856556306e-07,
            7.877047198401417e-08,
            6.625030240134578e-05,
            -7.818269334273284e-07
        ],
        [
            1.7065787341106925e-07,
            9.703947185838858e-08,
            -6.953373886061659e-06,
            6.512566980314167e-07,
            1.427697910793249e-06,
            7.890107741988437e-07,
            -7.818269334273284e-07,
            7.562056579099737e-05
        ]
    ]
}