{
    "bin_index": "bin4",
    "valid": true,
    "converged": true,
    "fmin": 12264.83477413227,
    "status": "Optimization terminated successfully",
    "parameters": {
        "FL": {
            "value": 0.5723652282698141,
            "error": 0.011281612852560133,
            "error_low": -0.011281612852560133,
            "error_up": 0.011281612852560133,
            "error_source": "hessian"
        },
        "S3": {
            "value": -0.014211011468497283,
            "error": 0.013238396647925204,
            "error_low": -0.013238396647925204,
            "error_up": 0.013238396647925204,
            "error_source": "hessian"
        },
        "S9": {
            "value": -0.006992949423945498,
            "error": 0.01339717814751168,
            "error_low": -0.01339717814751168,
            "error_up": 0.01339717814751168,
            "error_source": "hessian"
        },
        "AFB": {
            "value": 0.002567708615589383,
            "error": 0.011325565026823223,
            "error_low": -0.011325565026823223,
            "error_up": 0.011325565026823223,
            "error_source": "hessian"
        },
        "S4": {
            "value": -0.2554452928153908,
            "error": 0.017134010272724345,
            "error_low": -0.017134010272724345,
            "error_up": 0.017134010272724345,
            "error_source": "hessian"
        },
        "S7": {
            "value": -0.004675614563862578,
            "error": 0.016646211736765084,
            "error_low": -0.016646211736765084,
            "error_up": 0.016646211736765084,
            "error_source": "hessian"
        },
        "S5": {
            "value": 0.0029276065686561804,
            "error": 0.01594872455345794,
            "error_low": -0.01594872455345794,
            "error_up": 0.01594872455345794,
            "error_source": "hessian"
        },
        "S8": {
            "value": 0.0270521149649981,
            "error": 0.018585071019015933,
            "error_low": -0.018585071019015933,
            "error_up": 0.018585071019015933,
            "error_source": "hessian"
        }
    },
    "covariance": [
        [
            0.00012727478855505,
            1.0003474923687708e-05,
            -1.6680761038807419e-06,
            -4.766114085430556e-06,
            8.066909080224e-06,
            -1.6024836108351382e-06,
            -5.822377913289088e-07,
            -4.075988096619005e-07
        ],
        [
            1.0003474923687708e-05,
            0.0001752551458077973,
            -1.6888590417715767e-06,
            -1.2173195736036481e-06,
            -2.0599769242215465e-05,
            -1.1714743848792545e-06,
            1.8412117452730747e-06,
            -1.1558483589258479e-07
        ],
        [
            -1.6680761038807419e-06,
            -1.688859041771577e-06,
            0.0001794843823161645,
            3.778343183483243e-08,
            2.2303751313297706e-06,
            -2.009336050742731e-06,
            -2.5638628457472782e-06,
            -1.533702283502582e-05
        ],
        [
            -4.766114085430555e-06,
            -1.217319573603648e-06,
            3.778343183483244e-08,
            0.0001282684231768013,
            4.982881589441454e-06,
            2.8599855649771743e-06,
            -2.4994665854821836e-05,
            -7.417554123211001e-07
        ],
        [
            8.066909080223998e-06,
            -2.0599769242215472e-05,
            2.2303751313297706e-06,
            4.982881589441454e-06,
            0.0002935743080258234,
            -5.80607534585746e-06,
            6.9134992511933385e-06,
            -6.851374400749716e-07
        ],
        [
            -1.602483610835138e-06,
            -1.1714743848792545e-06,
            -2.0093360507427302e-06,
            2.8599855649771743e-06,
            -5.806075345857458e-06,
            0.0002770963651852156,
            -4.5400183513140645e-06,
            1.8079659262788512e-06
        ],
        [
            -5.822377913289089e-07,
            1.8412117452730743e-06,
            -2.5638628457472782e-06,
            -2.4994665854821836e-05,
            6.91349925119334e-06,
            -4.540018351314064e-06,
            0.0002543618148820721,
            -5.8451676681005856e-06
        ],
        [
            -4.0759880966190044e-07,
            -1.1558483589258475e-07,
            -1.5337022835025824e-05,
            -7.417554123211e-07,
            -6.851374400749717e-07,
            1.8079659262788508e-06,
            -5.845167668100586e-06,
            0.0003454048647818659
        ]
    ]
}