{
    "bin_index": "bin2",
    "valid": true,
    "converged": true,
    "fmin": 8171.981159855147,
    "status": 0,
    "parameters": {
        "FL_bin2": {
            "value": 0.7698272130876472,
            "error": 0.004073649500015529,
            "error_low": -0.004071226983807313,
            "error_up": 0.004076072016223745,
            "error_source": "minos (custom)"
        },
        "S3_bin2": {
            "value": -0.011980048214307924,
            "error": 0.0054510401003177765,
            "error_low": -0.005462021758541418,
            "error_up": 0.005440058442094135,
            "error_source": "minos (custom)"
        },
        "S9_bin2": {
            "value": -0.012826082930928587,
            "error": 0.005443625254533041,
            "error_low": -0.005453614972570163,
            "error_up": 0.00543363553649592,
            "error_source": "minos (custom)"
        },
        "AFB_bin2": {
            "value": -0.0033614710275050603,
            "error": 0.0036444944878854454,
            "error_low": -0.0036510296433256593,
            "error_up": 0.003637959332445232,
            "error_source": "minos (custom)"
        },
        "S4_bin2": {
            "value": -0.10260374273841055,
            "error": 0.006882334132354851,
            "error_low": -0.006838295776660812,
            "error_up": 0.0069263724880488904,
            "error_source": "minos (custom)"
        },
        "S7_bin2": {
            "value": 0.016258078971618958,
            "error": 0.007087362571767569,
            "error_low": -0.0071022428884033985,
            "error_up": 0.00707248225513174,
            "error_source": "minos (custom)"
        },
        "S5_bin2": {
            "value": -0.00039718169557671437,
            "error": 0.006979493607989785,
            "error_low": -0.0069976854700105826,
            "error_up": 0.006961301745968987,
            "error_source": "minos (custom)"
        },
        "S8_bin2": {
            "value": 0.00184704406039781,
            "error": 0.007066167919405248,
            "error_low": -0.006944383135492811,
            "error_up": 0.0071879527033176845,
            "error_source": "minos (custom)"
        }
    },
    "covariance": [
        [
            1.663681980721592e-05,
            5.873180058978038e-07,
            6.1593664257736e-07,
            1.1054839622334514e-07,
            1.516046630830039e-06,
            -1.782839497371412e-07,
            1.433664062389774e-07,
            -2.9838934234760253e-07
        ],
        [
            5.873180058978038e-07,
            2.9795577096324963e-05,
            2.230640062064156e-07,
            -6.593999790548629e-09,
            -1.926010646182289e-06,
            -4.212119618828473e-07,
            1.044244304247661e-07,
            5.889258749567703e-09
        ],
        [
            6.1593664257736e-07,
            2.230640062064156e-07,
            2.9714995674789735e-05,
            2.850607083547501e-08,
            1.3884034008448387e-07,
            -1.2839218649127436e-07,
            2.7473368859185756e-07,
            -1.832572647049383e-06
        ],
        [
            1.1054839622334514e-07,
            -6.593999790548629e-09,
            2.850607083547501e-08,
            1.3316110070362375e-05,
            -2.7348115292422055e-07,
            1.2592647401376824e-07,
            -2.1619558810263747e-06,
            4.498251262804947e-07
        ],
        [
            1.516046630830039e-06,
            -1.926010646182289e-06,
            1.3884034008448387e-07,
            -2.7348115292422055e-07,
            4.7488854702451605e-05,
            2.3566437819878403e-07,
            -5.850816868493566e-07,
            -7.663286760266774e-07
        ],
        [
            -1.782839497371412e-07,
            -4.212119618828473e-07,
            -1.2839218649127436e-07,
            1.2592647401376824e-07,
            2.3566437819878403e-07,
            5.035630810389273e-05,
            -5.581050992949988e-07,
            -5.787683374273987e-07
        ],
        [
            1.433664062389774e-07,
            1.044244304247661e-07,
            2.7473368859185756e-07,
            -2.1619558810263747e-06,
            -5.850816868493566e-07,
            -5.581050992949988e-07,
            4.88363906417153e-05,
            1.38666617767024e-07
        ],
        [
            -2.9838934234760253e-07,
            5.889258749567703e-09,
            -1.832572647049383e-06,
            4.498251262804947e-07,
            -7.663286760266774e-07,
            -5.787683374273987e-07,
            1.38666617767024e-07,
            5.0058685603879354e-05
        ]
    ]
}