{
    "bin_index": "bin2",
    "valid": true,
    "converged": true,
    "fmin": 9999.999999961847,
    "status": 0,
    "parameters": {
        "FL": {
            "value": 0.7563637103000486,
            "error": 0.004119085684028522,
            "error_low": -0.004119085684028522,
            "error_up": 0.004119085684028522,
            "error_source": "delta_method"
        },
        "AFB": {
            "value": -0.0010548906456924723,
            "error": 0.0036967925216862996,
            "error_low": -0.0036967925216862996,
            "error_up": 0.0036967925216862996,
            "error_source": "delta_method"
        },
        "S3": {
            "value": -0.014358354902673879,
            "error": 0.005520944322127283,
            "error_low": -0.005520944322127283,
            "error_up": 0.005520944322127283,
            "error_source": "delta_method"
        },
        "S4": {
            "value": -0.09927774123809521,
            "error": 0.006918278448364402,
            "error_low": -0.006918278448364402,
            "error_up": 0.006918278448364402,
            "error_source": "delta_method"
        },
        "S5": {
            "value": 0.011017731947675243,
            "error": 0.006955559270554434,
            "error_low": -0.006955559270554434,
            "error_up": 0.006955559270554434,
            "error_source": "delta_method"
        },
        "S7": {
            "value": 0.023880472598232096,
            "error": 0.007094962161320097,
            "error_low": -0.007094962161320097,
            "error_up": 0.007094962161320097,
            "error_source": "delta_method"
        },
        "S8": {
            "value": 0.003202296388949785,
            "error": 0.007073741019609202,
            "error_low": -0.007073741019609202,
            "error_up": 0.007073741019609202,
            "error_source": "delta_method"
        },
        "S9": {
            "value": 0.0034641666022144696,
            "error": 0.005603636642339842,
            "error_low": -0.005603636642339842,
            "error_up": 0.005603636642339842,
            "error_source": "delta_method"
        }
    },
    "covariance": [
        [
            1.6966866872368715e-05,
            2.0625060911287226e-08,
            4.678168429113454e-07,
            1.4314212222671295e-06,
            -1.3766612786694065e-07,
            -2.086662762704515e-07,
            -2.1871839650565955e-07,
            -1.6318339408241007e-07
        ],
        [
            2.062506091128722e-08,
            1.366627494839575e-05,
            -2.6577441202629195e-07,
            1.4651276130356132e-07,
            -1.9753299847482967e-06,
            1.8277523918286334e-07,
            8.028693979743708e-07,
            1.795500311982166e-07
        ],
        [
            4.678168429113454e-07,
            -2.657744120262919e-07,
            3.0480826208029485e-05,
            -1.6363260347039436e-06,
            3.6448873357199686e-07,
            2.2252565772309995e-07,
            -1.9010302600966587e-08,
            -1.2201711011041368e-08
        ],
        [
            1.431421222267129e-06,
            1.4651276130356135e-07,
            -1.6363260347039434e-06,
            4.786257668910336e-05,
            6.078880668511832e-08,
            8.122206796673158e-07,
            1.6041702828234832e-07,
            3.9816431969663485e-07
        ],
        [
            -1.3766612786694065e-07,
            -1.9753299847482967e-06,
            3.6448873357199697e-07,
            6.07888066851184e-08,
            4.8379804766195726e-05,
            1.481077864753509e-07,
            6.729819221616286e-07,
            9.73468304106247e-07
        ],
        [
            -2.0866627627045145e-07,
            1.8277523918286336e-07,
            2.225256577231002e-07,
            8.122206796673159e-07,
            1.4810778647535093e-07,
            5.0338488070563936e-05,
            -3.002148831563618e-07,
            5.480798903749869e-07
        ],
        [
            -2.1871839650565955e-07,
            8.028693979743709e-07,
            -1.901030260096666e-08,
            1.6041702828234834e-07,
            6.729819221616287e-07,
            -3.0021488315636185e-07,
            5.003781201250184e-05,
            -1.5133306672305193e-06
        ],
        [
            -1.6318339408241005e-07,
            1.7955003119821664e-07,
            -1.2201711011041377e-08,
            3.981643196966348e-07,
            9.734683041062468e-07,
            5.480798903749868e-07,
            -1.5133306672305193e-06,
            3.140074361937374e-05
        ]
    ]
}