{
    "bin_index": "bin2",
    "valid": true,
    "converged": true,
    "fmin": 9999.999999961847,
    "status": 0,
    "parameters": {
        "rFL_bin2": {
            "value": 0.5664229307666049,
            "error": 0.011160575191958491,
            "error_low": -0.01113039805353049,
            "error_up": 0.011190752330386492,
            "error_source": "minos (custom)"
        },
        "rS3_bin2": {
            "value": -0.1184175530187879,
            "error": 0.04592494600190172,
            "error_low": -0.046145803406454994,
            "error_up": 0.04570408859734846,
            "error_source": "minos (custom)"
        },
        "u1_bin2": {
            "value": -0.005815214788928888,
            "error": 0.020352090381260946,
            "error_low": -0.020353064613504234,
            "error_up": 0.02035111614901766,
            "error_source": "minos (custom)"
        },
        "v1_bin2": {
            "value": 0.028644968469628277,
            "error": 0.04632330299107246,
            "error_low": -0.04625096901630406,
            "error_up": 0.04639563696584086,
            "error_source": "minos (custom)"
        },
        "u2_bin2": {
            "value": -0.46962160290596505,
            "error": 0.039749952464615664,
            "error_low": -0.040686168054662325,
            "error_up": 0.038813736874569,
            "error_source": "minos (custom)"
        },
        "v2_bin2": {
            "value": 0.05648187438530458,
            "error": 0.016862785388449028,
            "error_low": -0.016816604445725594,
            "error_up": 0.016908966331172465,
            "error_source": "minos (custom)"
        },
        "u3_bin2": {
            "value": 0.027335911792421452,
            "error": 0.017254267633544963,
            "error_low": -0.017236292285034364,
            "error_up": 0.017272242982055562,
            "error_source": "minos (custom)"
        },
        "v3_bin2": {
            "value": 0.015890328796752336,
            "error": 0.03508598468501101,
            "error_low": -0.03505498446297643,
            "error_up": 0.03511698490704559,
            "error_source": "minos (custom)"
        }
    },
    "covariance": [
        [
            0.00012490975013208032,
            -1.2018639885258076e-05,
            -7.987683646239821e-07,
            1.793045403884413e-06,
            -1.0668506783331885e-05,
            2.15364619940471e-06,
            1.007569267697315e-06,
            -1.8203666945850034e-06
        ],
        [
            -1.2018639885258076e-05,
            0.0021125566543029367,
            -1.0697933991636786e-05,
            -7.83443551609304e-06,
            -0.0005807510350038799,
            6.632168695622528e-05,
            -2.4768248407137048e-05,
            -1.912409540777082e-05
        ],
        [
            -7.987683646239821e-07,
            -1.0697933991636786e-05,
            0.0004153101578176982,
            7.938085151309492e-06,
            6.905465783436077e-06,
            2.0006611847925064e-06,
            -2.686125657382303e-05,
            2.2079721891441518e-05
        ],
        [
            1.793045403884413e-06,
            -7.83443551609304e-06,
            7.938085151309492e-06,
            0.0021493289900735677,
            2.0341159880909622e-05,
            1.0202043468320253e-05,
            2.0056166065211782e-05,
            -6.217843373160102e-05
        ],
        [
            -1.0668506783331885e-05,
            -0.0005807510350038799,
            6.905465783436077e-06,
            2.0341159880909622e-05,
            0.0015802146849929538,
            -3.558050594067049e-05,
            7.953044714466728e-06,
            1.0364905411171084e-05
        ],
        [
            2.15364619940471e-06,
            6.632168695622528e-05,
            2.0006611847925064e-06,
            1.0202043468320253e-05,
            -3.558050594067049e-05,
            0.0002849785293182849,
            6.412032684777346e-08,
            -4.2789924794546275e-06
        ],
        [
            1.007569267697315e-06,
            -2.4768248407137048e-05,
            -2.686125657382303e-05,
            2.0056166065211782e-05,
            7.953044714466728e-06,
            6.412032684777346e-08,
            0.0002983790280236548,
            8.925066164815102e-06
        ],
        [
            -1.8203666945850034e-06,
            -1.912409540777082e-05,
            2.2079721891441518e-05,
            -6.217843373160102e-05,
            1.0364905411171084e-05,
            -4.2789924794546275e-06,
            8.925066164815102e-06,
            0.001232639100288115
        ]
    ]
}