{
    "bin_index": "bin5",
    "valid": true,
    "converged": true,
    "fmin": 9999.912431734676,
    "status": 0,
    "parameters": {
        "FL": {
            "value": 0.5815038642012877,
            "error": 0.005469632478611951,
            "error_low": -0.005469632478611951,
            "error_up": 0.005469632478611951,
            "error_source": "delta_method"
        },
        "AFB": {
            "value": 0.0024693655476979064,
            "error": 0.005355784699258856,
            "error_low": -0.005355784699258856,
            "error_up": 0.005355784699258856,
            "error_source": "delta_method"
        },
        "S3": {
            "value": -0.009770550877008281,
            "error": 0.00770504785972103,
            "error_low": -0.00770504785972103,
            "error_up": 0.00770504785972103,
            "error_source": "delta_method"
        },
        "S4": {
            "value": -0.24800004042635526,
            "error": 0.008254629688786812,
            "error_low": -0.008254629688786812,
            "error_up": 0.008254629688786812,
            "error_source": "delta_method"
        },
        "S5": {
            "value": 0.006225217275907691,
            "error": 0.008197913146262153,
            "error_low": -0.008197913146262153,
            "error_up": 0.008197913146262153,
            "error_source": "delta_method"
        },
        "S7": {
            "value": 0.0062676150830961366,
            "error": 0.008449098140444204,
            "error_low": -0.008449098140444204,
            "error_up": 0.008449098140444204,
            "error_source": "delta_method"
        },
        "S8": {
            "value": -0.005899231632568278,
            "error": 0.008766544009763786,
            "error_low": -0.008766544009763786,
            "error_up": 0.008766544009763786,
            "error_source": "delta_method"
        },
        "S9": {
            "value": -0.00502536958691556,
            "error": 0.007657942429687418,
            "error_low": -0.007657942429687418,
            "error_up": 0.007657942429687418,
            "error_source": "delta_method"
        }
    },
    "covariance": [
        [
            2.991687945108671e-05,
            -2.7113102712825745e-07,
            6.017195101996948e-07,
            1.4583544803719609e-06,
            -2.212035941527391e-07,
            1.7556225976239896e-07,
            3.118583298588182e-07,
            1.4965553767814134e-08
        ],
        [
            -2.7113102712825745e-07,
            2.8684429744815276e-05,
            -9.148537437197367e-08,
            6.700900106913295e-07,
            -7.232019397974913e-06,
            -3.509777917082607e-07,
            3.329758276566396e-07,
            -1.0673883474437219e-07
        ],
        [
            6.017195101996948e-07,
            -9.148537437197367e-08,
            5.936776252059162e-05,
            -7.116500509658185e-06,
            1.122540743626378e-07,
            6.787880274139417e-07,
            2.1656833454536087e-07,
            4.862972078329586e-07
        ],
        [
            1.4583544803719613e-06,
            6.700900106913295e-07,
            -7.116500509658193e-06,
            6.813891129900065e-05,
            1.110461948661984e-07,
            2.600583638830091e-08,
            -1.3839650027219091e-06,
            -4.545410403481453e-07
        ],
        [
            -2.212035941527391e-07,
            -7.232019397974912e-06,
            1.122540743626377e-07,
            1.1104619486619827e-07,
            6.720577995365784e-05,
            -7.783904692068561e-07,
            1.2281513246432391e-06,
            2.8899106228095774e-07
        ],
        [
            1.7556225976239893e-07,
            -3.5097779170826065e-07,
            6.787880274139309e-07,
            2.600583638830795e-08,
            -7.783904692068562e-07,
            7.138725938685771e-05,
            3.428254312246788e-07,
            4.689152399680241e-07
        ],
        [
            3.118583298588182e-07,
            3.3297582765663954e-07,
            2.1656833454536103e-07,
            -1.3839650027219091e-06,
            1.2281513246432391e-06,
            3.428254312246786e-07,
            7.685229387512534e-05,
            -6.7022066112052246e-06
        ],
        [
            1.496555376781418e-08,
            -1.0673883474437218e-07,
            4.862972078329587e-07,
            -4.545410403481453e-07,
            2.8899106228095774e-07,
            4.689152399680244e-07,
            -6.702206611205224e-06,
            5.8644082256406835e-05
        ]
    ]
}