{
    "bin_index": "bin5",
    "valid": true,
    "converged": true,
    "fmin": 9999.912431734676,
    "status": 0,
    "parameters": {
        "rFL_bin5": {
            "value": 0.16447498036784833,
            "error": 0.011222056009232453,
            "error_low": -0.011205514823901823,
            "error_up": 0.01123859719456308,
            "error_source": "minos (custom)"
        },
        "rS3_bin5": {
            "value": -0.04672760504853621,
            "error": 0.03653045715562637,
            "error_low": -0.036719197540849194,
            "error_up": 0.03634171677040354,
            "error_source": "minos (custom)"
        },
        "rS9_bin5": {
            "value": -0.024047183298574464,
            "error": 0.036621334300348876,
            "error_low": -0.036702800302256304,
            "error_up": 0.036539868298441455,
            "error_source": "minos (custom)"
        },
        "rAFB_bin5": {
            "value": 0.007878457076475701,
            "error": 0.017064154790494286,
            "error_low": -0.017078634043959696,
            "error_up": 0.01704967553702888,
            "error_source": "minos (custom)"
        },
        "rS4_bin5": {
            "value": -2.3726691185291395,
            "error": 0.9618058475539628,
            "error_low": -1.3345559939730571,
            "error_up": 0.5890557011348684,
            "error_source": "minos (custom)"
        },
        "rS7_bin5": {
            "value": 0.06728075449764374,
            "error": 0.13861849774787446,
            "error_low": -0.13861849774787446,
            "error_up": 0.13861849774787446,
            "error_source": "minos (custom)"
        },
        "rS5_bin5": {
            "value": 0.012925293712589023,
            "error": 0.01700284800041682,
            "error_low": -0.017013108171381266,
            "error_up": 0.01699258782945238,
            "error_source": "minos (custom)"
        },
        "rS8_bin5": {
            "value": -0.024502496983204707,
            "error": 0.03640169235904519,
            "error_low": -0.03649004449443934,
            "error_up": 0.036313340223651035,
            "error_source": "minos (custom)"
        }
    },
    "covariance": [
        [
            0.00012628977384980387,
            -9.520015672481466e-07,
            -3.3871934449570734e-06,
            -6.191785569090057e-07,
            -0.00023152774182086253,
            2.0597539456601215e-05,
            -6.711872011078317e-07,
            2.1457765246300695e-06
        ],
        [
            -9.520015672481466e-07,
            0.0013615618129908746,
            1.2697452995545755e-05,
            -1.8133159448201283e-06,
            -0.022631756316379186,
            0.0015795379992434178,
            -8.045426289844758e-06,
            2.1638094388711394e-05
        ],
        [
            -3.3871934449570734e-06,
            1.2697452995545755e-05,
            0.0013439693972623306,
            -1.8722969147607022e-06,
            -0.00042469254285704383,
            5.2636466845668184e-05,
            2.8073251299421808e-06,
            -0.00013320655069437996
        ],
        [
            -6.191785569090057e-07,
            -1.8133159448201283e-06,
            -1.8722969147607022e-06,
            0.00029198716113228444,
            0.0002803899535638415,
            -3.06999858993542e-05,
            -4.791323637565981e-05,
            4.456956461237029e-06
        ],
        [
            -0.00023152774182086253,
            -0.022631756316379186,
            -0.00042469254285704383,
            0.0002803899535638415,
            1.2804777194529449,
            -0.08611568874498729,
            0.0001677762016967509,
            -0.00102590850867789
        ],
        [
            2.0597539456601215e-05,
            0.0015795379992434178,
            5.2636466845668184e-05,
            -3.06999858993542e-05,
            -0.08611568874498729,
            0.014070096705172739,
            -2.9023686112388976e-05,
            8.453292982366412e-05
        ],
        [
            -6.711872011078317e-07,
            -8.045426289844758e-06,
            2.8073251299421808e-06,
            -4.791323637565981e-05,
            0.0001677762016967509,
            -2.9023686112388976e-05,
            0.0002898276417551849,
            1.0381887022882731e-05
        ],
        [
            2.1457765246300695e-06,
            2.1638094388711394e-05,
            -0.00013320655069437996,
            4.456956461237029e-06,
            -0.00102590850867789,
            8.453292982366412e-05,
            1.0381887022882731e-05,
            0.0013271931091056385
        ]
    ]
}