{
    "bin_index": "bin2",
    "valid": true,
    "converged": true,
    "fmin": 9921.728298706637,
    "status": 0,
    "parameters": {
        "rFL_bin2": {
            "value": 0.098189071828667,
            "error": 0.021757455086112223,
            "error_low": -0.021729069346906243,
            "error_up": 0.021785840825318203,
            "error_source": "minos (custom)"
        },
        "rS3_bin2": {
            "value": -0.05482904956429746,
            "error": 0.05270153371180739,
            "error_low": -0.052581758814228996,
            "error_up": 0.05282130860938579,
            "error_source": "minos (custom)"
        },
        "rS9_bin2": {
            "value": -0.016806754759596563,
            "error": 0.05396344882475376,
            "error_low": -0.05399550006759825,
            "error_up": 0.05393139758190928,
            "error_source": "minos (custom)"
        },
        "rAFB_bin2": {
            "value": -0.09861603881668053,
            "error": 0.04232368378866197,
            "error_low": -0.04272531321517852,
            "error_up": 0.04192205436214542,
            "error_source": "minos (custom)"
        },
        "rS4_bin2": {
            "value": -1.0731892964057055,
            "error": 0.20654551714436878,
            "error_low": -0.24054296174445922,
            "error_up": 0.17254807254427834,
            "error_source": "minos (custom)"
        },
        "rS7_bin2": {
            "value": 0.1363857559374742,
            "error": 0.05111420081523194,
            "error_low": -0.047400161980584804,
            "error_up": 0.05482823964987908,
            "error_source": "minos (custom)"
        },
        "rS5_bin2": {
            "value": -0.012858208594487457,
            "error": 0.028314695942338493,
            "error_low": -0.028490318086609005,
            "error_up": 0.028139073798067977,
            "error_source": "minos (custom)"
        },
        "rS8_bin2": {
            "value": -0.03556443313803983,
            "error": 0.07683701705904634,
            "error_low": -0.07675583202570439,
            "error_up": 0.0769182020923883,
            "error_source": "minos (custom)"
        }
    },
    "covariance": [
        [
            0.00047433878994601554,
            1.5662685666377087e-05,
            -1.8006326915989227e-05,
            5.119445343391545e-06,
            -0.00018234961241397557,
            3.555587243787489e-05,
            6.530341387143698e-07,
            1.2320187837141305e-05
        ],
        [
            1.5662685666377087e-05,
            0.002782365009755168,
            -2.3280098498764586e-05,
            9.342920476591966e-06,
            -0.0035604382649260403,
            0.0005124304223222606,
            -1.821382926625917e-05,
            0.00011758363327931466
        ],
        [
            -1.8006326915989227e-05,
            -2.3280098498764586e-05,
            0.002913448050604484,
            -8.952943486729953e-06,
            -3.428728180815208e-05,
            3.141553751181672e-05,
            4.816665313401027e-05,
            -0.00022845757591339626
        ],
        [
            5.119445343391545e-06,
            9.342920476591966e-06,
            -8.952943486729953e-06,
            0.0017932719427493646,
            -0.0003940877237815959,
            2.1312687483119517e-05,
            -0.00013825675884897182,
            5.667382573723353e-05
        ],
        [
            -0.00018234961241397557,
            -0.0035604382649260403,
            -3.428728180815208e-05,
            -0.0003940877237815959,
            0.03958361665463823,
            -0.004405085107952339,
            -0.0002992018531561777,
            -0.0005887694530740397
        ],
        [
            3.555587243787489e-05,
            0.0005124304223222606,
            3.141553751181672e-05,
            2.1312687483119517e-05,
            -0.004405085107952339,
            0.002478448754285587,
            1.5588192004065547e-05,
            -0.00010855182467318494
        ],
        [
            6.530341387143698e-07,
            -1.821382926625917e-05,
            4.816665313401027e-05,
            -0.00013825675884897182,
            -0.0002992018531561777,
            1.5588192004065547e-05,
            0.0008029065414750121,
            2.5203136953658472e-05
        ],
        [
            1.2320187837141305e-05,
            0.00011758363327931466,
            -0.00022845757591339626,
            5.667382573723353e-05,
            -0.0005887694530740397,
            -0.00010855182467318494,
            2.5203136953658472e-05,
            0.0058898698692670635
        ]
    ]
}