{
    "bin_index": "bin2",
    "valid": true,
    "converged": true,
    "fmin": 9674.455399574368,
    "status": 0,
    "parameters": {
        "rFL_bin2": {
            "value": 0.49461744643276384,
            "error": 0.02324856601175678,
            "error_low": -0.023146597177411396,
            "error_up": 0.023350534846102167,
            "error_source": "minos (custom)"
        },
        "rS3_bin2": {
            "value": -0.016218159030457313,
            "error": 0.0643977978528803,
            "error_low": -0.06437165489534621,
            "error_up": 0.06442394081041439,
            "error_source": "minos (custom)"
        },
        "rS9_bin2": {
            "value": -0.037755614495559725,
            "error": 0.06679167995673474,
            "error_low": -0.06719715266901742,
            "error_up": 0.06638620724445207,
            "error_source": "minos (custom)"
        },
        "rAFB_bin2": {
            "value": -0.12298983665937266,
            "error": 0.050178138724813956,
            "error_low": -0.05028594219271809,
            "error_up": 0.05007033525690983,
            "error_source": "minos (custom)"
        },
        "rS4_bin2": {
            "value": -1.29373467571445,
            "error": 0.3674608201155505,
            "error_low": -0.48150007682206164,
            "error_up": 0.2534215634090394,
            "error_source": "minos (custom)"
        },
        "rS7_bin2": {
            "value": 0.17429633428178326,
            "error": 0.09393466907470849,
            "error_low": -0.06669902875658401,
            "error_up": 0.12117030939283295,
            "error_source": "minos (custom)"
        },
        "rS5_bin2": {
            "value": -0.007563779532361291,
            "error": 0.030734114038417283,
            "error_low": -0.03076712773646243,
            "error_up": 0.030701100340372132,
            "error_source": "minos (custom)"
        },
        "rS8_bin2": {
            "value": -0.029138310003408285,
            "error": 0.08001043821679896,
            "error_low": -0.0801072913307677,
            "error_up": 0.0799135851028302,
            "error_source": "minos (custom)"
        }
    },
    "covariance": [
        [
            0.0005419074584863184,
            3.772902714867854e-05,
            -3.4225719822259475e-05,
            1.6627594595536715e-05,
            -0.0003632608498377884,
            7.641756282267476e-05,
            5.116856601233553e-06,
            1.1556707520222372e-06
        ],
        [
            3.772902714867854e-05,
            0.004158018151589726,
            -4.7861610193057006e-05,
            -4.748057508233003e-06,
            -0.0086233875606455,
            0.0015589968125411823,
            -3.351836274992916e-05,
            0.00014087551142458977
        ],
        [
            -3.4225719822259475e-05,
            -4.7861610193057006e-05,
            0.004462128676177357,
            -9.438762799613142e-06,
            3.177666985430891e-06,
            1.8970995810009728e-05,
            6.887869011447011e-05,
            -0.000323581555336567
        ],
        [
            1.6627594595536715e-05,
            -4.748057508233003e-06,
            -9.438762799613142e-06,
            0.0025217828368072105,
            -0.0008577660947832195,
            0.00010932806449713901,
            -0.0002155071223343907,
            8.718654214903538e-05
        ],
        [
            -0.0003632608498377884,
            -0.0086233875606455,
            3.177666985430891e-06,
            -0.0008577660947832195,
            0.1030439948489357,
            -0.01620874911661893,
            -0.0004632005857050354,
            -0.0009742717260871804
        ],
        [
            7.641756282267476e-05,
            0.0015589968125411823,
            1.8970995810009728e-05,
            0.00010932806449713901,
            -0.01620874911661893,
            0.006204651879333275,
            3.8491319561036624e-05,
            -0.00011778557563208324
        ],
        [
            5.116856601233553e-06,
            -3.351836274992916e-05,
            6.887869011447011e-05,
            -0.0002155071223343907,
            -0.0004632005857050354,
            3.8491319561036624e-05,
            0.0009462224663193804,
            1.076591794824248e-05
        ],
        [
            1.1556707520222372e-06,
            0.00014087551142458977,
            -0.000323581555336567,
            8.718654214903538e-05,
            -0.0009742717260871804,
            -0.00011778557563208324,
            1.076591794824248e-05,
            0.006384724553999885
        ]
    ]
}