{
    "bin_index": "bin2",
    "valid": true,
    "converged": true,
    "fmin": 9643.172470126565,
    "status": 0,
    "parameters": {
        "rFL_bin2_reco": {
            "value": 0.5025047753706195,
            "error": 0.02266917729014198,
            "error_low": -0.022442311711594172,
            "error_up": 0.02289604286868978,
            "error_source": "minos (custom)"
        },
        "rS3_bin2_reco": {
            "value": 0.07600023705706391,
            "error": 0.05850860747785404,
            "error_low": -0.061277490038985104,
            "error_up": 0.05573972491672298,
            "error_source": "minos (custom)"
        },
        "rS9_bin2_reco": {
            "value": 0.03640526947745609,
            "error": 0.0645649559159047,
            "error_low": -0.06471424459178644,
            "error_up": 0.06441566724002297,
            "error_source": "minos (custom)"
        },
        "rAFB_bin2_reco": {
            "value": -0.019618630153062637,
            "error": 0.04966497971020159,
            "error_low": -0.0500391616176388,
            "error_up": 0.04929079780276437,
            "error_source": "minos (custom)"
        },
        "rS4_bin2_reco": {
            "value": -3.4534167076062263,
            "error": 1.4384983188386498,
            "error_low": -1.0133077061638855,
            "error_up": 1.863688931513414,
            "error_source": "minos (custom)"
        },
        "rS7_bin2_reco": {
            "value": 1.281373494717372,
            "error": 6.248858119379915,
            "error_low": -6.248858119379915,
            "error_up": 6.248858119379915,
            "error_source": "minos (custom)"
        },
        "rS5_bin2_reco": {
            "value": -0.014428961469719405,
            "error": 0.02907733617472308,
            "error_low": -0.029105674747607585,
            "error_up": 0.029048997601838576,
            "error_source": "minos (custom)"
        },
        "rS8_bin2_reco": {
            "value": 0.07820565502239234,
            "error": 0.07650133589770286,
            "error_low": -0.07557709286132777,
            "error_up": 0.07742557893407793,
            "error_source": "minos (custom)"
        }
    },
    "covariance": [
        [
            0.0005147779708646159,
            -2.3043124242473873e-05,
            2.2350112178269828e-05,
            2.6394793182510688e-05,
            -0.0002535883540182576,
            0.0006430878181012558,
            -1.955641988035111e-06,
            3.790814076004145e-05
        ],
        [
            -2.3043124242473873e-05,
            0.003149187058852595,
            1.130710228951383e-05,
            -7.820451580633937e-05,
            -0.005558831169401894,
            0.020529496202294995,
            -3.243844422487981e-05,
            -8.904029216040511e-05
        ],
        [
            2.2350112178269828e-05,
            1.130710228951383e-05,
            0.00416885994989681,
            2.7328677366398056e-05,
            2.515549908795489e-05,
            0.00045224665272557374,
            3.628810152282784e-05,
            -0.0003270686215017645
        ],
        [
            2.6394793182510688e-05,
            -7.820451580633937e-05,
            2.7328677366398056e-05,
            0.0024690080981475365,
            -0.0006972270673104602,
            0.002068055114005769,
            -0.00022343022605861887,
            0.00015358563221188628
        ],
        [
            -0.0002535883540182576,
            -0.005558831169401894,
            2.515549908795489e-05,
            -0.0006972270673104602,
            5.013344356004997,
            -15.074407143319306,
            -0.00012163908831493157,
            0.00037394680066441275
        ],
        [
            0.0006430878181012558,
            0.020529496202294995,
            0.00045224665272557374,
            0.002068055114005769,
            -15.074407143319306,
            48.695881064155934,
            0.0010310465978736149,
            -0.0015202837553953614
        ],
        [
            -1.955641988035111e-06,
            -3.243844422487981e-05,
            3.628810152282784e-05,
            -0.00022343022605861887,
            -0.00012163908831493157,
            0.0010310465978736149,
            0.0008465662910321749,
            2.7567411656902585e-05
        ],
        [
            3.790814076004145e-05,
            -8.904029216040511e-05,
            -0.0003270686215017645,
            0.00015358563221188628,
            0.00037394680066441275,
            -0.0015202837553953614,
            2.7567411656902585e-05,
            0.005834425843338296
        ]
    ]
}