{
    "bin_index": "bin2",
    "valid": true,
    "converged": true,
    "fmin": 9999.999999981621,
    "status": 0,
    "parameters": {
        "rFL_bin2": {
            "value": 0.5980914713467307,
            "error": 0.011385440130334077,
            "error_low": -0.011352422886393624,
            "error_up": 0.011418457374274531,
            "error_source": "minos (custom)"
        },
        "rS3_bin2": {
            "value": -0.0656321812606381,
            "error": 0.048043219579683424,
            "error_low": -0.0481858023342963,
            "error_up": 0.04790063682507054,
            "error_source": "minos (custom)"
        },
        "rS9_bin2": {
            "value": 0.02691540098556079,
            "error": 0.047120661817591857,
            "error_low": -0.04706644773770609,
            "error_up": 0.047174875897477625,
            "error_source": "minos (custom)"
        },
        "rAFB_bin2": {
            "value": -0.015029024251123704,
            "error": 0.02085105560078039,
            "error_low": -0.020855048423205156,
            "error_up": 0.020847062778355626,
            "error_source": "minos (custom)"
        },
        "rS4_bin2": {
            "value": -0.50709578233792,
            "error": 0.04317104541326003,
            "error_low": -0.044374799802125636,
            "error_up": 0.04196729102439442,
            "error_source": "minos (custom)"
        },
        "rS7_bin2": {
            "value": 0.00436903448913961,
            "error": 0.018289057655541008,
            "error_low": -0.018280939874623262,
            "error_up": 0.01829717543645875,
            "error_source": "minos (custom)"
        },
        "rS5_bin2": {
            "value": 0.022014294295382427,
            "error": 0.01702331806559857,
            "error_low": -0.017012773688656405,
            "error_up": 0.017033862442540737,
            "error_source": "minos (custom)"
        },
        "rS8_bin2": {
            "value": 0.014431266131252384,
            "error": 0.03434535676533308,
            "error_low": -0.03431848309558624,
            "error_up": 0.03437223043507993,
            "error_source": "minos (custom)"
        }
    },
    "covariance": [
        [
            0.00012999367501859336,
            -8.99945966908457e-06,
            6.3099823856894896e-06,
            -1.0592106459634495e-06,
            -1.655761443404809e-05,
            -4.802826838709892e-07,
            -1.5909099780466119e-06,
            3.4026407364272644e-06
        ],
        [
            -8.99945966908457e-06,
            0.002311610480913312,
            -4.739006142395421e-05,
            -4.713773133707819e-06,
            -0.0007259431700512222,
            1.2107888270413442e-05,
            -1.5103688073662291e-05,
            -1.718960703327995e-05
        ],
        [
            6.3099823856894896e-06,
            -4.739006142395421e-05,
            0.0022239264345836353,
            1.0190229686975384e-05,
            -8.367820549524002e-07,
            6.6472040894799445e-06,
            1.6101187089862012e-06,
            -7.432911964613099e-05
        ],
        [
            -1.0592106459634495e-06,
            -4.713773133707819e-06,
            1.0190229686975384e-05,
            0.0004359250234692371,
            2.0352762838586062e-05,
            -1.275360855316894e-06,
            -2.7659089927466238e-05,
            9.100136487638343e-06
        ],
        [
            -1.655761443404809e-05,
            -0.0007259431700512222,
            -8.367820549524002e-07,
            2.0352762838586062e-05,
            0.0018624667145329967,
            -4.983762601854772e-06,
            3.5438048574148263e-06,
            2.2622187553585992e-05
        ],
        [
            -4.802826838709892e-07,
            1.2107888270413442e-05,
            6.6472040894799445e-06,
            -1.275360855316894e-06,
            -4.983762601854772e-06,
            0.0003350606763342197,
            2.635628314791093e-06,
            3.2453718583568284e-07
        ],
        [
            -1.5909099780466119e-06,
            -1.5103688073662291e-05,
            1.6101187089862012e-06,
            -2.7659089927466238e-05,
            3.5438048574148263e-06,
            2.635628314791093e-06,
            0.0002904460715765228,
            1.2687427713597515e-06
        ],
        [
            3.4026407364272644e-06,
            -1.718960703327995e-05,
            -7.432911964613099e-05,
            9.100136487638343e-06,
            2.2622187553585992e-05,
            3.2453718583568284e-07,
            1.2687427713597515e-06,
            0.0011811759542530202
        ]
    ]
}