{
    "bin_index": "bin2",
    "valid": true,
    "converged": true,
    "fmin": 9999.999999981621,
    "status": 0,
    "parameters": {
        "FL": {
            "value": 0.7678450543448132,
            "error": 0.00406483234641547,
            "error_low": -0.00406483234641547,
            "error_up": 0.00406483234641547,
            "error_source": "delta_method"
        },
        "AFB": {
            "value": -0.0026100287555828176,
            "error": 0.0036255631051250463,
            "error_low": -0.0036255631051250463,
            "error_up": 0.0036255631051250463,
            "error_source": "delta_method"
        },
        "S3": {
            "value": -0.007607497562873605,
            "error": 0.005556351480701597,
            "error_low": -0.005556351480701597,
            "error_up": 0.005556351480701597,
            "error_source": "delta_method"
        },
        "S4": {
            "value": -0.10191272135300682,
            "error": 0.006891097091591512,
            "error_low": -0.006891097091591512,
            "error_up": 0.006891097091591512,
            "error_source": "delta_method"
        },
        "S5": {
            "value": 0.008983409204353898,
            "error": 0.00695256784623168,
            "error_low": -0.00695256784623168,
            "error_up": 0.00695256784623168,
            "error_source": "delta_method"
        },
        "S7": {
            "value": 0.0016830430822001648,
            "error": 0.007050791922878389,
            "error_low": -0.007050791922878389,
            "error_up": 0.007050791922878389,
            "error_source": "delta_method"
        },
        "S8": {
            "value": 0.0029440530351738953,
            "error": 0.007009814786017723,
            "error_low": -0.007009814786017723,
            "error_up": 0.007009814786017723,
            "error_source": "delta_method"
        },
        "S9": {
            "value": 0.0031168021448400884,
            "error": 0.0054577558649414526,
            "error_low": -0.0054577558649414526,
            "error_up": 0.0054577558649414526,
            "error_source": "delta_method"
        }
    },
    "covariance": [
        [
            1.6522862004465497e-05,
            1.2089583229918718e-07,
            1.706071403506652e-07,
            1.3723746994814324e-06,
            -4.6976220254765374e-07,
            -1.0986798104479997e-07,
            1.693583274990271e-07,
            3.7896925282095037e-08
        ],
        [
            1.2089583229918715e-07,
            1.3144707829243967e-05,
            -1.4089498709435036e-07,
            5.703347925641332e-07,
            -1.9683511137842162e-06,
            -8.31598737604541e-08,
            3.2244077465550257e-07,
            2.2486577528726228e-07
        ],
        [
            1.706071403506652e-07,
            -1.4089498709435034e-07,
            3.0873041777094825e-05,
            -1.574408349463434e-06,
            5.561983542791365e-07,
            2.602752315848646e-07,
            2.111259321280532e-08,
            -5.731680145646709e-07
        ],
        [
            1.3723746994814324e-06,
            5.703347925641332e-07,
            -1.5744083494634348e-06,
            4.7487219125741e-05,
            -1.682771356000878e-07,
            1.1435409925116424e-07,
            6.284972231755472e-07,
            -2.5908747088161943e-07
        ],
        [
            -4.6976220254765374e-07,
            -1.9683511137842162e-06,
            5.561983542791367e-07,
            -1.6827713560008762e-07,
            4.833819965645462e-05,
            4.331537797312125e-07,
            8.761237115586738e-08,
            5.3574482456107815e-08
        ],
        [
            -1.0986798104479996e-07,
            -8.315987376045408e-08,
            2.6027523158486456e-07,
            1.1435409925116431e-07,
            4.3315377973121255e-07,
            4.9713666739727126e-05,
            3.526432534880642e-08,
            3.0189525141068896e-07
        ],
        [
            1.6935832749902713e-07,
            3.2244077465550257e-07,
            2.1112593212805485e-08,
            6.284972231755473e-07,
            8.761237115586738e-08,
            3.5264325348806426e-08,
            4.913750333427269e-05,
            -1.7668576279808295e-06
        ],
        [
            3.7896925282095056e-08,
            2.248657752872623e-07,
            -5.731680145646709e-07,
            -2.590874708816194e-07,
            5.3574482456107815e-08,
            3.0189525141068896e-07,
            -1.7668576279808293e-06,
            2.9787099081302822e-05
        ]
    ]
}