{
    "bin_index": "bin2",
    "valid": true,
    "converged": true,
    "fmin": 9726.023407460472,
    "status": 0,
    "parameters": {
        "rFL_bin2_reco": {
            "value": 0.42876439039027525,
            "error": 0.022408461530216632,
            "error_low": -0.022302626492856453,
            "error_up": 0.022514296567576808,
            "error_source": "minos (custom)"
        },
        "rS3_bin2_reco": {
            "value": 0.05448442980852186,
            "error": 0.05629731341946481,
            "error_low": -0.058888607449362695,
            "error_up": 0.05370601938956692,
            "error_source": "minos (custom)"
        },
        "rS9_bin2_reco": {
            "value": 0.0865141907691922,
            "error": 0.061700272480596445,
            "error_low": -0.06140593369897626,
            "error_up": 0.06199461126221663,
            "error_source": "minos (custom)"
        },
        "rAFB_bin2_reco": {
            "value": 0.03800946934008885,
            "error": 0.048065227712942624,
            "error_low": -0.0479870820316243,
            "error_up": 0.048143373394260947,
            "error_source": "minos (custom)"
        },
        "rS4_bin2_reco": {
            "value": -3.3761449271590487,
            "error": 11.51697565233134,
            "error_low": -11.51697565233134,
            "error_up": 11.51697565233134,
            "error_source": "minos (custom)"
        },
        "rS7_bin2_reco": {
            "value": 0.6872309138000073,
            "error": 10.664985780059338,
            "error_low": -10.664985780059338,
            "error_up": 10.664985780059338,
            "error_source": "minos (custom)"
        },
        "rS5_bin2_reco": {
            "value": 0.010811223288500874,
            "error": 0.028770381093393,
            "error_low": -0.028766638077811452,
            "error_up": 0.02877412410897455,
            "error_source": "minos (custom)"
        },
        "rS8_bin2_reco": {
            "value": -0.13055831347993485,
            "error": 0.07740035019888136,
            "error_low": -0.07819507405520358,
            "error_up": 0.07660562634255913,
            "error_source": "minos (custom)"
        }
    },
    "covariance": [
        [
            0.0005015121234520215,
            2.4694004270194085e-06,
            2.004641099325367e-05,
            1.6586199870681925e-05,
            -0.008272047025375333,
            0.007811499913677467,
            -3.134683503371953e-06,
            -1.5480717563652046e-05
        ],
        [
            2.4694004270194085e-06,
            0.0032197019518221863,
            -1.4553490560430577e-05,
            4.150836676642447e-05,
            -0.20525584450456733,
            0.19093490921658193,
            1.1678233173772724e-05,
            0.00026844284469126786
        ],
        [
            2.004641099325367e-05,
            -1.4553490560430577e-05,
            0.0037917561838017788,
            4.864938009687247e-05,
            -0.005637886265210971,
            0.005192215723114308,
            6.6936322889820136e-06,
            -0.00037825507982312584
        ],
        [
            1.6586199870681925e-05,
            4.150836676642447e-05,
            4.864938009687247e-05,
            0.002303189809656415,
            -0.006145675421969074,
            0.005139780936675441,
            -0.00020438062955833072,
            9.626254948424869e-05
        ],
        [
            -0.008272047025375333,
            -0.20525584450456733,
            -0.005637886265210971,
            -0.006145675421969074,
            139.02680616822414,
            -128.4633455266013,
            -0.0015390156590804967,
            -0.0075204412286995065
        ],
        [
            0.007811499913677467,
            0.19093490921658193,
            0.005192215723114308,
            0.005139780936675441,
            -128.4633455266013,
            119.1789305389668,
            0.001545314467509522,
            0.008322536665948265
        ],
        [
            -3.134683503371953e-06,
            1.1678233173772724e-05,
            6.6936322889820136e-06,
            -0.00020438062955833072,
            -0.0015390156590804967,
            0.001545314467509522,
            0.0008255852516824898,
            3.922726356108635e-05
        ],
        [
            -1.5480717563652046e-05,
            0.00026844284469126786,
            -0.00037825507982312584,
            9.626254948424869e-05,
            -0.0075204412286995065,
            0.008322536665948265,
            3.922726356108635e-05,
            0.005960292132642507
        ]
    ]
}