{
    "bin_index": "bin3",
    "valid": true,
    "converged": true,
    "fmin": 9999.99999994722,
    "status": 0,
    "parameters": {
        "rFL_bin3": {
            "value": 0.4112188029034438,
            "error": 0.009677558199707618,
            "error_low": -0.009661410543944312,
            "error_up": 0.009693705855470925,
            "error_source": "minos (custom)"
        },
        "rS3_bin3": {
            "value": -0.08136881434434096,
            "error": 0.037122215126041316,
            "error_low": -0.037214559859568196,
            "error_up": 0.03702987039251444,
            "error_source": "minos (custom)"
        },
        "u1_bin3": {
            "value": -0.018686911870228202,
            "error": 0.016481010665846695,
            "error_low": -0.01648496078112202,
            "error_up": 0.016477060550571368,
            "error_source": "minos (custom)"
        },
        "v1_bin3": {
            "value": -0.01064954705038542,
            "error": 0.036770659881781576,
            "error_low": -0.0367857189975585,
            "error_up": 0.03675560076600464,
            "error_source": "minos (custom)"
        },
        "u2_bin3": {
            "value": -1.3416890474550476,
            "error": 0.13357008281760507,
            "error_low": -0.15022861076556726,
            "error_up": 0.11691155486964287,
            "error_source": "minos (custom)"
        },
        "v2_bin3": {
            "value": 0.05397931596716299,
            "error": 0.022019123998458106,
            "error_low": -0.021720662955324016,
            "error_up": 0.022317585041592196,
            "error_source": "minos (custom)"
        },
        "u3_bin3": {
            "value": 0.011467699305500473,
            "error": 0.014762082297136676,
            "error_low": -0.014754458199713747,
            "error_up": 0.014769706394559606,
            "error_source": "minos (custom)"
        },
        "v3_bin3": {
            "value": -0.01927185067279698,
            "error": 0.030581068873686383,
            "error_low": -0.030609256880116266,
            "error_up": 0.0305528808672565,
            "error_source": "minos (custom)"
        }
    },
    "covariance": [
        [
            9.392002270478514e-05,
            -5.455984854544896e-06,
            -4.121549927159481e-07,
            -2.070366154784801e-06,
            -2.4584302831941907e-05,
            1.9207765767568905e-06,
            3.636872463926325e-07,
            1.0547147116282993e-06
        ],
        [
            -5.455984854544896e-06,
            0.0013811101905314047,
            8.680745232331432e-06,
            -1.3371030118256186e-05,
            -0.0026740516584832777,
            9.63301330118184e-05,
            -1.1020868513181493e-05,
            1.8872787651122274e-05
        ],
        [
            -4.121549927159481e-07,
            8.680745232331432e-06,
            0.0002723689233180799,
            8.136399321478905e-06,
            -2.918337445552451e-06,
            -2.0719987084760577e-06,
            -4.076732435590657e-05,
            4.0949640311495795e-06
        ],
        [
            -2.070366154784801e-06,
            -1.3371030118256186e-05,
            8.136399321478905e-06,
            0.0013549318680219052,
            8.447185979921451e-06,
            9.071863853148852e-07,
            7.91064457150658e-06,
            -0.00011099905259718849
        ],
        [
            -2.4584302831941907e-05,
            -0.0026740516584832777,
            -2.918337445552451e-06,
            8.447185979921451e-06,
            0.01713250634964459,
            -0.0005022273498476222,
            4.0809476591131924e-05,
            -9.441139445208433e-05
        ],
        [
            1.9207765767568905e-06,
            9.63301330118184e-05,
            -2.0719987084760577e-06,
            9.071863853148852e-07,
            -0.0005022273498476222,
            0.00048317697719637914,
            -3.928547361107179e-06,
            -1.948745260272705e-06
        ],
        [
            3.636872463926325e-07,
            -1.1020868513181493e-05,
            -4.076732435590657e-05,
            7.91064457150658e-06,
            4.0809476591131924e-05,
            -3.928547361107179e-06,
            0.0002184639504091364,
            2.40461839610079e-06
        ],
        [
            1.0547147116282993e-06,
            1.8872787651122274e-05,
            4.0949640311495795e-06,
            -0.00011099905259718849,
            -9.441139445208433e-05,
            -1.948745260272705e-06,
            2.40461839610079e-06,
            0.0009368684499923025
        ]
    ]
}