{
    "bin_index": "bin3",
    "valid": true,
    "converged": true,
    "fmin": 9999.99999994722,
    "status": 0,
    "parameters": {
        "FL": {
            "value": 0.694753531031766,
            "error": 0.004110460712825979,
            "error_low": -0.004110460712825979,
            "error_up": 0.004110460712825979,
            "error_source": "delta_method"
        },
        "AFB": {
            "value": -0.004263304609034816,
            "error": 0.0037644378070092977,
            "error_low": -0.0037644378070092977,
            "error_up": 0.0037644378070092977,
            "error_source": "delta_method"
        },
        "S3": {
            "value": -0.012391436274198319,
            "error": 0.005634536233986182,
            "error_low": -0.005634536233986182,
            "error_up": 0.005634536233986182,
            "error_source": "delta_method"
        },
        "S4": {
            "value": -0.20868669960197825,
            "error": 0.006312888125416154,
            "error_low": -0.006312888125416154,
            "error_up": 0.006312888125416154,
            "error_source": "delta_method"
        },
        "S5": {
            "value": 0.005061242334853389,
            "error": 0.00652152657500305,
            "error_low": -0.00652152657500305,
            "error_up": 0.00652152657500305,
            "error_source": "delta_method"
        },
        "S7": {
            "value": 0.016791916602922154,
            "error": 0.006723825997527911,
            "error_low": -0.006723825997527911,
            "error_up": 0.006723825997527911,
            "error_source": "delta_method"
        },
        "S8": {
            "value": -0.004252793167036918,
            "error": 0.0067519852259274584,
            "error_low": -0.0067519852259274584,
            "error_up": 0.0067519852259274584,
            "error_source": "delta_method"
        },
        "S9": {
            "value": -0.0016197526675118435,
            "error": 0.005598097915939934,
            "error_low": -0.005598097915939934,
            "error_up": 0.005598097915939934,
            "error_source": "delta_method"
        }
    },
    "covariance": [
        [
            1.6895887271685855e-05,
            1.9693532648667623e-07,
            3.3502681883910064e-07,
            2.420990925509375e-06,
            -1.6759535740355004e-08,
            -7.187468913925003e-08,
            1.7000613908561486e-07,
            -4.358603153787103e-08
        ],
        [
            1.9693532648667623e-07,
            1.4170992002840972e-05,
            2.3087625744225794e-07,
            1.8326795844137466e-07,
            -4.097881844184987e-06,
            -1.6717846060336544e-07,
            2.0382922935251907e-07,
            2.744452616377371e-07
        ],
        [
            3.3502681883910064e-07,
            2.30876257442258e-07,
            3.1747998572103186e-05,
            -3.1023348665612783e-06,
            -1.633345490336161e-07,
            -2.761436562385183e-07,
            1.5534648486409312e-07,
            -3.395127175913807e-07
        ],
        [
            2.4209909255093758e-06,
            1.8326795844137463e-07,
            -3.102334866561276e-06,
            3.985255648402028e-05,
            5.041957208732082e-07,
            3.8923836862154755e-07,
            -7.208876281608038e-07,
            -1.3067237588520526e-07
        ],
        [
            -1.6759535740354987e-08,
            -4.097881844184987e-06,
            -1.6333454903361625e-07,
            5.041957208732083e-07,
            4.2530308868471016e-05,
            -3.647579924176334e-07,
            2.640211443273901e-07,
            5.253065584241658e-07
        ],
        [
            -7.187468913925007e-08,
            -1.6717846060336546e-07,
            -2.761436562385173e-07,
            3.8923836862154755e-07,
            -3.6475799241763337e-07,
            4.520983604503221e-05,
            -3.27916931641972e-07,
            7.063886940193896e-08
        ],
        [
            1.7000613908561486e-07,
            2.038292293525191e-07,
            1.5534648486409333e-07,
            -7.208876281608037e-07,
            2.640211443273901e-07,
            -3.27916931641972e-07,
            4.5589304491142674e-05,
            -3.719374645447868e-06
        ],
        [
            -4.358603153787104e-08,
            2.74445261637737e-07,
            -3.395127175913807e-07,
            -1.306723758852052e-07,
            5.253065584241658e-07,
            7.063886940193896e-08,
            -3.719374645447868e-06,
            3.1338700276451034e-05
        ]
    ]
}