{
    "bin_index": "bin1",
    "valid": true,
    "converged": true,
    "fmin": 9952.621347388002,
    "status": 0,
    "parameters": {
        "FL_bin1": {
            "value": 0.6528203887946105,
            "error": 0.01551922399050052,
            "error_low": -0.015566396530705788,
            "error_up": 0.015472051450295253,
            "error_source": "minos (custom)"
        },
        "S3_bin1": {
            "value": 0.0007342593720819703,
            "error": 0.021238299448993705,
            "error_low": -0.02117432499184608,
            "error_up": 0.021302273906141336,
            "error_source": "minos (custom)"
        },
        "S9_bin1": {
            "value": -0.007510687202036545,
            "error": 0.02058314416739532,
            "error_low": -0.020706071018025487,
            "error_up": 0.020460217316765155,
            "error_source": "minos (custom)"
        },
        "AFB_bin1": {
            "value": 0.019212765704601308,
            "error": 0.014804863167049868,
            "error_low": -0.014808692475958719,
            "error_up": 0.014801033858141016,
            "error_source": "minos (custom)"
        },
        "S4_bin1": {
            "value": 0.01943742333631634,
            "error": 0.02581455238986463,
            "error_low": -0.025925020418165277,
            "error_up": 0.025704084361563986,
            "error_source": "minos (custom)"
        },
        "S7_bin1": {
            "value": -0.020941399050489178,
            "error": 0.024518284935091686,
            "error_low": -0.024436562257490135,
            "error_up": 0.02460000761269324,
            "error_source": "minos (custom)"
        },
        "S5_bin1": {
            "value": -0.02492058707763717,
            "error": 0.02475826622538379,
            "error_low": -0.024898419150343538,
            "error_up": 0.024618113300424044,
            "error_source": "minos (custom)"
        },
        "S8_bin1": {
            "value": 0.020317118012548572,
            "error": 0.024990370221016734,
            "error_low": -0.02493723167372693,
            "error_up": 0.02504350876830654,
            "error_source": "minos (custom)"
        }
    },
    "covariance": [
        [
            0.00024164110808981248,
            4.936940196639104e-07,
            3.8311549279863685e-06,
            -7.120083099198632e-06,
            -6.884700333086266e-07,
            6.264680618443201e-06,
            -4.0668029205572166e-06,
            -6.902827408202967e-06
        ],
        [
            4.936940196639104e-07,
            0.0004529682738178472,
            -1.7416986426909923e-05,
            1.1004590467698707e-05,
            7.000716245671429e-06,
            1.9106903944183062e-05,
            -1.0289409604696961e-05,
            -1.7538680795683134e-05
        ],
        [
            3.8311549279863685e-06,
            -1.7416986426909923e-05,
            0.0004254692471972557,
            -2.2971328087444695e-05,
            -1.7089920379280179e-06,
            7.380379267225502e-06,
            -1.0130767622680423e-05,
            4.766612468568713e-06
        ],
        [
            -7.120083099198632e-06,
            1.1004590467698707e-05,
            -2.2971328087444695e-05,
            0.0002198258471213337,
            -8.166924862607685e-06,
            8.047617084838922e-06,
            4.846385711123124e-06,
            -4.276414616536266e-06
        ],
        [
            -6.884700333086266e-07,
            7.000716245671429e-06,
            -1.7089920379280179e-06,
            -8.166924862607685e-06,
            0.0006687916318685929,
            -1.0048050310092053e-05,
            4.000034392723966e-05,
            -1.6375118841439566e-05
        ],
        [
            6.264680618443201e-06,
            1.9106903944183062e-05,
            7.380379267225502e-06,
            8.047617084838922e-06,
            -1.0048050310092053e-05,
            0.0006030623737446617,
            -5.7005169531459995e-06,
            1.2886911211681816e-05
        ],
        [
            -4.0668029205572166e-06,
            -1.0289409604696961e-05,
            -1.0130767622680423e-05,
            4.846385711123124e-06,
            4.000034392723966e-05,
            -5.7005169531459995e-06,
            0.0006148386006849518,
            -9.647071341684375e-06
        ],
        [
            -6.902827408202967e-06,
            -1.7538680795683134e-05,
            4.766612468568713e-06,
            -4.276414616536266e-06,
            -1.6375118841439566e-05,
            1.2886911211681816e-05,
            -9.647071341684375e-06,
            0.000626835179227272
        ]
    ]
}