{
    "bin_index": "bin1",
    "valid": true,
    "converged": true,
    "fmin": 9625.801871354122,
    "status": 0,
    "parameters": {
        "FL_bin1": {
            "value": 0.677609423274603,
            "error": 0.006214859908088557,
            "error_low": -0.0062380528727653105,
            "error_up": 0.006191666943411803,
            "error_source": "minos (custom)"
        },
        "S3_bin1": {
            "value": 0.0010867955709222836,
            "error": 0.00837519589879323,
            "error_low": -0.00843975605468065,
            "error_up": 0.00831063574290581,
            "error_source": "minos (custom)"
        },
        "S9_bin1": {
            "value": -0.00861674570889867,
            "error": 0.008490454118931474,
            "error_low": -0.008453201275990219,
            "error_up": 0.008527706961872727,
            "error_source": "minos (custom)"
        },
        "AFB_bin1": {
            "value": -0.002448210962862981,
            "error": 0.005817369943111572,
            "error_low": -0.005827594472653757,
            "error_up": 0.005807145413569387,
            "error_source": "minos (custom)"
        },
        "S4_bin1": {
            "value": 0.029086909991627753,
            "error": 0.010159927603049563,
            "error_low": -0.010169723691069499,
            "error_up": 0.010150131515029626,
            "error_source": "minos (custom)"
        },
        "S7_bin1": {
            "value": 0.01268446876435869,
            "error": 0.010071644741978383,
            "error_low": -0.010001041809378266,
            "error_up": 0.0101422476745785,
            "error_source": "minos (custom)"
        },
        "S5_bin1": {
            "value": -0.01048396791143036,
            "error": 0.01005938714595895,
            "error_low": -0.010075424240300047,
            "error_up": 0.010043350051617854,
            "error_source": "minos (custom)"
        },
        "S8_bin1": {
            "value": -0.010140477037907145,
            "error": 0.01035036991926032,
            "error_low": -0.01041634183930103,
            "error_up": 0.01028439799921961,
            "error_source": "minos (custom)"
        }
    },
    "covariance": [
        [
            3.8730266771619034e-05,
            1.5808518795196677e-07,
            1.1121621059097529e-07,
            -1.8198891383644658e-07,
            -2.4087437753515553e-07,
            2.956153042052002e-07,
            4.103779404345437e-08,
            6.207642203388629e-07
        ],
        [
            1.5808518795196677e-07,
            7.034858901474877e-05,
            -9.492687605122412e-07,
            -9.120594876914002e-07,
            1.3978988747471593e-07,
            -7.188932979470578e-07,
            -1.120932349289274e-06,
            4.82314092429391e-07
        ],
        [
            1.1121621059097529e-07,
            -9.492687605122412e-07,
            7.229909580474483e-05,
            8.746835353348139e-07,
            -4.4457143091128174e-07,
            2.421826803773534e-07,
            1.0727799109490486e-07,
            1.060185308644797e-06
        ],
        [
            -1.8198891383644658e-07,
            -9.120594876914002e-07,
            8.746835353348139e-07,
            3.3931028214148504e-05,
            -4.5924251363721424e-07,
            -5.874969042701565e-07,
            9.35288615014783e-07,
            1.335633748952948e-07
        ],
        [
            -2.4087437753515553e-07,
            1.3978988747471593e-07,
            -4.4457143091128174e-07,
            -4.5924251363721424e-07,
            0.00010352081014669417,
            2.684038524442433e-07,
            -9.69528778533868e-07,
            4.942468217756882e-07
        ],
        [
            2.956153042052002e-07,
            -7.188932979470578e-07,
            2.421826803773534e-07,
            -5.874969042701565e-07,
            2.684038524442433e-07,
            0.00010170780316693718,
            -9.48765503485769e-07,
            -2.3636030882528003e-06
        ],
        [
            4.103779404345437e-08,
            -1.120932349289274e-06,
            1.0727799109490486e-07,
            9.35288615014783e-07,
            -9.69528778533868e-07,
            -9.48765503485769e-07,
            0.00010147694824696978,
            2.924855127221993e-07
        ],
        [
            6.207642203388629e-07,
            4.82314092429391e-07,
            1.060185308644797e-06,
            1.335633748952948e-07,
            4.942468217756882e-07,
            -2.3636030882528003e-06,
            2.924855127221993e-07,
            0.00010742579924907131
        ]
    ]
}