{
    "bin_index": "bin4",
    "valid": true,
    "converged": true,
    "fmin": 9162.91387949783,
    "status": 0,
    "parameters": {
        "rFL_bin4_reco": {
            "value": 0.1613680253864554,
            "error": 0.008726581229885589,
            "error_low": -0.008726581229885589,
            "error_up": 0.008726581229885589,
            "error_source": "minos (custom)"
        },
        "rS3_bin4_reco": {
            "value": -0.09641488005601877,
            "error": 0.021302121621791396,
            "error_low": -0.021302121621791396,
            "error_up": 0.021302121621791396,
            "error_source": "minos (custom)"
        },
        "rS9_bin4_reco": {
            "value": -0.004892077061183214,
            "error": 0.027008485610769933,
            "error_low": -0.024740794705594822,
            "error_up": 0.02927617651594504,
            "error_source": "minos (custom)"
        },
        "rAFB_bin4_reco": {
            "value": 0.0919380015003098,
            "error": 0.013492061615583318,
            "error_low": -0.013492061615583318,
            "error_up": 0.013492061615583318,
            "error_source": "minos (custom)"
        },
        "rS4_bin4_reco": {
            "value": -6.533558367059182,
            "error": 68.82605444227295,
            "error_low": -68.82605444227295,
            "error_up": 68.82605444227295,
            "error_source": "minos (custom)"
        },
        "rS7_bin4_reco": {
            "value": -3.33340472541704,
            "error": 861.6122364154999,
            "error_low": -861.6122364154999,
            "error_up": 861.6122364154999,
            "error_source": "minos (custom)"
        },
        "rS5_bin4_reco": {
            "value": 0.0033865690885795034,
            "error": 0.014062944920587402,
            "error_low": -0.012860109318495625,
            "error_up": 0.015265780522679177,
            "error_source": "minos (custom)"
        },
        "rS8_bin4_reco": {
            "value": 0.02397411661055834,
            "error": 0.03218823477514785,
            "error_low": -0.03486301730870902,
            "error_up": 0.02951345224158668,
            "error_source": "minos (custom)"
        }
    },
    "covariance": [
        [
            7.040173870388915e-05,
            1.953823096106168e-07,
            -9.170220376454554e-07,
            -1.6113169174858301e-06,
            0.015745416002284632,
            -5.524078377499972,
            -2.6056463566086085e-07,
            -8.422970540418677e-06
        ],
        [
            1.953823096106168e-07,
            0.000427373464213622,
            -2.957870225388173e-06,
            -6.119853515411101e-06,
            0.19746976105087477,
            -69.27612073265075,
            3.5570949598898676e-06,
            -9.421224526346435e-05
        ],
        [
            -9.170220376454554e-07,
            -2.957870225388173e-06,
            0.0005679311042648477,
            3.45362220662053e-06,
            -0.11458327535941774,
            40.219249350722954,
            -9.651856600511773e-07,
            1.729410981768808e-05
        ],
        [
            -1.6113169174858301e-06,
            -6.119853515411101e-06,
            3.45362220662053e-06,
            0.00017825954796457568,
            -0.22216635290443493,
            77.9798545323887,
            -1.4190136134735613e-05,
            0.00010377916815443859
        ],
        [
            0.015745416002284632,
            0.19746976105087477,
            -0.11458327535941774,
            -0.22216635290443493,
            4743.477449923378,
            -1661811.729651892,
            -0.03761583376583318,
            -2.2324485835779364
        ],
        [
            -5.524078377499972,
            -69.27612073265075,
            40.219249350722954,
            77.9798545323887,
            -1661811.729651892,
            584132662.5644922,
            13.203846677227418,
            783.5925604955853
        ],
        [
            -2.6056463566086085e-07,
            3.5570949598898676e-06,
            -9.651856600511773e-07,
            -1.4190136134735613e-05,
            -0.03761583376583318,
            13.203846677227418,
            0.00015279679330748995,
            1.3762487979013147e-05
        ],
        [
            -8.422970540418677e-06,
            -9.421224526346435e-05,
            1.729410981768808e-05,
            0.00010377916815443859,
            -2.2324485835779364,
            783.5925604955853,
            1.3762487979013147e-05,
            0.0018540360937493068
        ]
    ]
}