{
    "bin_index": "bin9",
    "valid": true,
    "converged": true,
    "fmin": 9226.658651672024,
    "status": 0,
    "parameters": {
        "rFL_bin9": {
            "value": -0.35398870717376696,
            "error": 0.013558804426057837,
            "error_low": -0.013564517709608816,
            "error_up": 0.013553091142506858,
            "error_source": "minos (custom)"
        },
        "rS3_bin9": {
            "value": -0.35961367321236937,
            "error": 0.032107759477933685,
            "error_low": -0.032290218420755364,
            "error_up": 0.03192530053511201,
            "error_source": "minos (custom)"
        },
        "rS9_bin9": {
            "value": 0.0031526992980527363,
            "error": 0.030810822167900206,
            "error_low": -0.030690018288718042,
            "error_up": 0.03093162604708237,
            "error_source": "minos (custom)"
        },
        "rAFB_bin9": {
            "value": 0.04212701321513242,
            "error": 0.01386473570457071,
            "error_low": -0.013805834394136907,
            "error_up": 0.013923637015004512,
            "error_source": "minos (custom)"
        },
        "rS4_bin9": {
            "value": -1.2600357078027111,
            "error": 0.12481380043784937,
            "error_low": -0.13731768892705912,
            "error_up": 0.11230991194863964,
            "error_source": "minos (custom)"
        },
        "rS7_bin9": {
            "value": 0.017680717128940565,
            "error": 0.033009805993730004,
            "error_low": -0.03334506486754192,
            "error_up": 0.03267454711991809,
            "error_source": "minos (custom)"
        },
        "rS5_bin9": {
            "value": -0.011926239908944465,
            "error": 0.023007545576233603,
            "error_low": -0.023036970505395202,
            "error_up": 0.022978120647072005,
            "error_source": "minos (custom)"
        },
        "rS8_bin9": {
            "value": -0.0661943965112098,
            "error": 0.05038162414497594,
            "error_low": -0.050341941540375086,
            "error_up": 0.050421306749576796,
            "error_source": "minos (custom)"
        }
    },
    "covariance": [
        [
            0.00018429522447959549,
            -1.1587043770652551e-05,
            5.315536524512873e-08,
            -9.89145678810006e-07,
            0.00018173052503482972,
            -3.213434601391605e-06,
            9.383177056428552e-07,
            -7.619721095418669e-07
        ],
        [
            -1.1587043770652551e-05,
            0.0010333133423512946,
            -1.8175687980102417e-05,
            -1.0182213540989233e-05,
            -0.0014549608247629215,
            2.3747974660022668e-05,
            4.202267018797574e-06,
            5.690428364828828e-05
        ],
        [
            5.315536524512873e-08,
            -1.8175687980102417e-05,
            0.0009510746129137926,
            -1.715321792777847e-06,
            5.146246981714306e-06,
            3.9808368618164956e-06,
            6.871848259500262e-06,
            -0.00012903640948487427
        ],
        [
            -9.89145678810006e-07,
            -1.0182213540989233e-05,
            -1.715321792777847e-06,
            0.00019267013116370212,
            2.4943791281077938e-05,
            -3.2104451128718455e-06,
            -5.232260106492698e-05,
            -3.3877876432265976e-06
        ],
        [
            0.00018173052503482972,
            -0.0014549608247629215,
            5.146246981714306e-06,
            2.4943791281077938e-05,
            0.01517645499425594,
            -0.00023098851008893586,
            5.5542617646600516e-05,
            -9.323671343334011e-05
        ],
        [
            -3.213434601391605e-06,
            2.3747974660022668e-05,
            3.9808368618164956e-06,
            -3.2104451128718455e-06,
            -0.00023098851008893586,
            0.0010812503675896325,
            -3.208226924084361e-06,
            3.7806941433470145e-05
        ],
        [
            9.383177056428552e-07,
            4.202267018797574e-06,
            6.871848259500262e-06,
            -5.232260106492698e-05,
            5.5542617646600516e-05,
            -3.208226924084361e-06,
            0.0005303849679773394,
            4.061450259621954e-06
        ],
        [
            -7.619721095418669e-07,
            5.690428364828828e-05,
            -0.00012903640948487427,
            -3.3877876432265976e-06,
            -9.323671343334011e-05,
            3.7806941433470145e-05,
            4.061450259621954e-06,
            0.0025393573419220383
        ]
    ]
}