{
    "bin_index": "bin9",
    "valid": true,
    "converged": true,
    "fmin": 9168.595739745862,
    "status": 0,
    "parameters": {
        "rFL_bin9": {
            "value": -0.3892152720307686,
            "error": 0.013704013728167175,
            "error_low": -0.01372832734902909,
            "error_up": 0.01367970010730526,
            "error_source": "minos (custom)"
        },
        "rS3_bin9": {
            "value": -0.28420975370751766,
            "error": 0.03084409423915665,
            "error_low": -0.030923876059007715,
            "error_up": 0.030764312419305585,
            "error_source": "minos (custom)"
        },
        "rS9_bin9": {
            "value": 0.00907569736736861,
            "error": 0.029931567966810683,
            "error_low": -0.029937207592745887,
            "error_up": 0.029925928340875478,
            "error_source": "minos (custom)"
        },
        "rAFB_bin9": {
            "value": 0.030535522548928724,
            "error": 0.013492455138744615,
            "error_low": -0.013471504341053521,
            "error_up": 0.01351340593643571,
            "error_source": "minos (custom)"
        },
        "rS4_bin9": {
            "value": -1.423706354257369,
            "error": 0.17789624371898355,
            "error_low": -0.20650063013008982,
            "error_up": 0.14929185730787728,
            "error_source": "minos (custom)"
        },
        "rS7_bin9": {
            "value": 0.020086921722654902,
            "error": 0.03924785309552308,
            "error_low": -0.03908889305704932,
            "error_up": 0.03940681313399684,
            "error_source": "minos (custom)"
        },
        "rS5_bin9": {
            "value": -0.01162577984774533,
            "error": 0.022290671298903927,
            "error_low": -0.022293517324468767,
            "error_up": 0.022287825273339088,
            "error_source": "minos (custom)"
        },
        "rS8_bin9": {
            "value": -0.0625325962157279,
            "error": 0.048014661680606065,
            "error_low": -0.04829528930113845,
            "error_up": 0.04773403406007368,
            "error_source": "minos (custom)"
        }
    },
    "covariance": [
        [
            0.00018830783017589558,
            -1.0984385598528138e-05,
            4.619282201417088e-08,
            -4.434094583774527e-07,
            0.00025733531472948366,
            -5.334190529102601e-06,
            7.270762071309007e-07,
            -9.562412188237964e-07
        ],
        [
            -1.0984385598528138e-05,
            0.0009535255631627867,
            -1.6318909445185787e-05,
            -5.340723051891299e-06,
            -0.001995686791098675,
            3.837716663295735e-05,
            2.513353202456585e-06,
            4.8269393236270276e-05
        ],
        [
            4.619282201417088e-08,
            -1.6318909445185787e-05,
            0.0008979348170704923,
            -1.815867122812876e-06,
            1.0077790115443069e-05,
            2.566995289342328e-06,
            6.8481279018285685e-06,
            -0.0001199951894643706
        ],
        [
            -4.434094583774527e-07,
            -5.340723051891299e-06,
            -1.815867122812876e-06,
            0.00018253352406330303,
            1.4144535272376528e-05,
            -3.393681293376725e-06,
            -4.832649293989724e-05,
            -2.909933643765337e-06
        ],
        [
            0.00025733531472948366,
            -0.001995686791098675,
            1.0077790115443069e-05,
            1.4144535272376528e-05,
            0.029489668381429492,
            -0.000532235509454689,
            3.033325435619498e-05,
            -0.00011085417837209301
        ],
        [
            -5.334190529102601e-06,
            3.837716663295735e-05,
            2.566995289342328e-06,
            -3.393681293376725e-06,
            -0.000532235509454689,
            0.0015040234995141552,
            -1.437964744400902e-06,
            2.6960011557720285e-05
        ],
        [
            7.270762071309007e-07,
            2.513353202456585e-06,
            6.8481279018285685e-06,
            -4.832649293989724e-05,
            3.033325435619498e-05,
            -1.437964744400902e-06,
            0.0004981010622789016,
            4.110854937640411e-06
        ],
        [
            -9.562412188237964e-07,
            4.8269393236270276e-05,
            -0.0001199951894643706,
            -2.909933643765337e-06,
            -0.00011085417837209301,
            2.6960011557720285e-05,
            4.110854937640411e-06,
            0.0023075353120094897
        ]
    ]
}