{
    "bin_index": "bin4",
    "valid": true,
    "converged": true,
    "fmin": 9378.442329550246,
    "status": 0,
    "parameters": {
        "FL_bin4": {
            "value": 0.6261548557697684,
            "error": 0.00552344313323724,
            "error_low": -0.0055300574018495585,
            "error_up": 0.005516828864624922,
            "error_source": "minos (custom)"
        },
        "S3_bin4": {
            "value": -0.015285162614776988,
            "error": 0.007723501428116523,
            "error_low": -0.0077470932256909686,
            "error_up": 0.007699909630542077,
            "error_source": "minos (custom)"
        },
        "S9_bin4": {
            "value": -0.004309046286926764,
            "error": 0.007660274275368766,
            "error_low": -0.0076107253492587465,
            "error_up": 0.007709823201478786,
            "error_source": "minos (custom)"
        },
        "AFB_bin4": {
            "value": 0.007946745545215295,
            "error": 0.0052431810491147795,
            "error_low": -0.0052244846906543555,
            "error_up": 0.0052618774075752035,
            "error_source": "minos (custom)"
        },
        "S4_bin4": {
            "value": -0.24312369834892741,
            "error": 0.008228614231338536,
            "error_low": -0.008208324395530387,
            "error_up": 0.008248904067146684,
            "error_source": "minos (custom)"
        },
        "S7_bin4": {
            "value": -0.008970658393819428,
            "error": 0.008754371709745589,
            "error_low": -0.008754971583610717,
            "error_up": 0.00875377183588046,
            "error_source": "minos (custom)"
        },
        "S5_bin4": {
            "value": 0.0005239612868338648,
            "error": 0.008499884655981468,
            "error_low": -0.008596927815554883,
            "error_up": 0.008402841496408053,
            "error_source": "minos (custom)"
        },
        "S8_bin4": {
            "value": -0.020565328212609243,
            "error": 0.008961602257214919,
            "error_low": -0.008906763937946975,
            "error_up": 0.009016440576482862,
            "error_source": "minos (custom)"
        }
    },
    "covariance": [
        [
            3.05904801182895e-05,
            1.0995447462883272e-06,
            4.852402365345309e-07,
            -5.818446195188583e-07,
            3.7024276209121246e-06,
            -1.3134342098077365e-07,
            2.436013572497331e-07,
            9.902371976884961e-08
        ],
        [
            1.0995447462883272e-06,
            5.981862226522549e-05,
            8.007971258531204e-07,
            -4.746206544533531e-07,
            -6.125500281251359e-06,
            6.431682171866621e-07,
            2.307599546924245e-07,
            6.898972905461894e-07
        ],
        [
            4.852402365345309e-07,
            8.007971258531204e-07,
            5.884430848716917e-05,
            3.959431788450563e-08,
            -9.692195489022167e-07,
            -1.7122468874605456e-07,
            -4.035450233674806e-07,
            -7.256029177160687e-06
        ],
        [
            -5.818446195188583e-07,
            -4.746206544533531e-07,
            3.959431788450563e-08,
            2.7563390352370673e-05,
            3.135690489321654e-07,
            -7.670764751390101e-07,
            -8.232497790419355e-06,
            1.3794061933117437e-07
        ],
        [
            3.7024276209121246e-06,
            -6.125500281251359e-06,
            -9.692195489022167e-07,
            3.135690489321654e-07,
            6.79027762098467e-05,
            -5.879980279635951e-07,
            1.1592360820968051e-06,
            -1.4065887293053284e-06
        ],
        [
            -1.3134342098077365e-07,
            6.431682171866621e-07,
            -1.7122468874605456e-07,
            -7.670764751390101e-07,
            -5.879980279635951e-07,
            7.684165464945561e-05,
            -4.4941834232925677e-07,
            1.9388927413729267e-07
        ],
        [
            2.436013572497331e-07,
            2.307599546924245e-07,
            -4.035450233674806e-07,
            -8.232497790419355e-06,
            1.1592360820968051e-06,
            -4.4941834232925677e-07,
            7.244561271348597e-05,
            -5.470646939515215e-07
        ],
        [
            9.902371976884961e-08,
            6.898972905461894e-07,
            -7.256029177160687e-06,
            1.3794061933117437e-07,
            -1.4065887293053284e-06,
            1.9388927413729267e-07,
            -5.470646939515215e-07,
            8.052652667763493e-05
        ]
    ]
}