{
    "bin_index": "bin9",
    "valid": true,
    "converged": true,
    "fmin": 7998.925050069285,
    "status": 0,
    "parameters": {
        "FL_bin9": {
            "value": 0.35422563008685654,
            "error": 0.0038632960431747533,
            "error_low": -0.0038556708996967267,
            "error_up": 0.00387092118665278,
            "error_source": "minos (custom)"
        },
        "S3_bin9": {
            "value": -0.14213811431717155,
            "error": 0.005942065255535008,
            "error_low": -0.005932171112319613,
            "error_up": 0.005951959398750402,
            "error_source": "minos (custom)"
        },
        "S9_bin9": {
            "value": 0.006632595798217464,
            "error": 0.006149179338832229,
            "error_low": -0.006175067018465608,
            "error_up": 0.0061232916591988495,
            "error_source": "minos (custom)"
        },
        "AFB_bin9": {
            "value": 0.004527474422930218,
            "error": 0.0044651080723570715,
            "error_low": -0.004471048922235515,
            "error_up": 0.0044591672224786275,
            "error_source": "minos (custom)"
        },
        "S4_bin9": {
            "value": -0.29109613251576216,
            "error": 0.005403348965105588,
            "error_low": -0.005374929760373077,
            "error_up": 0.0054317681698381,
            "error_source": "minos (custom)"
        },
        "S7_bin9": {
            "value": -0.010104608093973684,
            "error": 0.006050244940880316,
            "error_low": -0.0060503252449568825,
            "error_up": 0.006050164636803751,
            "error_source": "minos (custom)"
        },
        "S5_bin9": {
            "value": -0.003393000559429504,
            "error": 0.005351882669515331,
            "error_low": -0.005343735677014671,
            "error_up": 0.005360029662015991,
            "error_source": "minos (custom)"
        },
        "S8_bin9": {
            "value": -0.0032781924861056454,
            "error": 0.006410520347298263,
            "error_low": -0.0063994006564680374,
            "error_up": 0.006421640038128489,
            "error_source": "minos (custom)"
        }
    },
    "covariance": [
        [
            1.4967536346984435e-05,
            1.9588392777398154e-06,
            -1.5422804239269442e-07,
            -2.174260628723214e-08,
            -1.1130379004163574e-06,
            9.302627222051846e-08,
            -6.106045625513659e-08,
            -1.0550630015771447e-07
        ],
        [
            1.9588392777398154e-06,
            3.541068808340627e-05,
            -2.2450224155764987e-07,
            3.566899030044665e-09,
            -5.0229344039633824e-06,
            7.98645472417119e-08,
            6.641474477592392e-08,
            1.5874637673848742e-07
        ],
        [
            -1.5422804239269442e-07,
            -2.2450224155764987e-07,
            3.792155048882348e-05,
            1.3704155392651397e-08,
            1.1549560657950601e-07,
            -8.737941801557037e-08,
            -2.2354051599396518e-07,
            -4.600843091310054e-06
        ],
        [
            -2.174260628723214e-08,
            3.566899030044665e-09,
            1.3704155392651397e-08,
            1.9994027746742843e-05,
            -1.4380041436069306e-09,
            -2.5179677573357397e-08,
            -5.1574304125202796e-06,
            -3.2071775763570394e-07
        ],
        [
            -1.1130379004163574e-06,
            -5.0229344039633824e-06,
            1.1549560657950601e-07,
            -1.4380041436069306e-09,
            2.928476946927935e-05,
            2.1087131946971582e-07,
            1.5048786678330037e-07,
            -4.84158861165048e-07
        ],
        [
            9.302627222051846e-08,
            7.98645472417119e-08,
            -8.737941801557037e-08,
            -2.5179677573357397e-08,
            2.1087131946971582e-07,
            3.670980363520084e-05,
            -1.1431069856431344e-07,
            3.6417330538531257e-07
        ],
        [
            -6.106045625513659e-08,
            6.641474477592392e-08,
            -2.2354051599396518e-07,
            -5.1574304125202796e-06,
            1.5048786678330037e-07,
            -1.1431069856431344e-07,
            2.8724134321710477e-05,
            3.5239330871888393e-07
        ],
        [
            -1.0550630015771447e-07,
            1.5874637673848742e-07,
            -4.600843091310054e-06,
            -3.2071775763570394e-07,
            -4.84158861165048e-07,
            3.6417330538531257e-07,
            3.5239330871888393e-07,
            4.12130142740385e-05
        ]
    ]
}