{
  "nx": 4,
  "ny": 4,
  "coef": [
    -0.004067616068327811,
    0.01683572669171525,
    -0.013452684003189358,
    0.030231773070691966,
    -0.006463908748618304,
    0.05144133658370005,
    0.036667424325931244,
    0.01407267221865021,
    -0.003028131033457572,
    0.048900119929187025,
    0.0015725407602302835,
    0.043723940702040755,
    0.06912008150900507,
    0.07403576522381966,
    0.013787616515710673,
    0.06376711847014559,
    0.0232183160932614,
    -0.01041478693363227,
    0.02299284649645034,
    0.04718284592474187,
    -0.009035334545509833,
    0.002303477352543859,
    0.023821961812550564,
    -0.0023437736546462018,
    0.0027885486695810244
  ],
  "x_range": [
    -1.0,
    1.0
  ],
  "y_range": [
    -1.0,
    1.0
  ]
}