{
  "n": 4,
  "coef": [
    0.022893025017977884,
    0.021911258999749016,
    0.026812936223359677,
    0.021907043334887154,
    0.024435339963343922
  ],
  "range": [
    -3.141592653589793,
    3.141592653589793
  ]
}