{
  "n": 4,
  "coef": [
    0.1298929381061085,
    0.12524084919726625,
    0.13643500494464905,
    0.11614801599410673,
    0.130133747953037
  ],
  "range": [
    -3.141592653589793,
    3.141592653589793
  ]
}