{
  "nx": 4,
  "ny": 4,
  "coef": [
    0.33795254720625184,
    0.08995360966414107,
    0.2887926650297604,
    0.4028751540331887,
    -0.02612517076472057,
    -0.008244007080181937,
    0.21374583344791742,
    -0.13946716969882497,
    0.019168009722492982,
    0.06064583100026023,
    0.16790495963228885,
    0.0019429527053136026,
    0.5189268860906835,
    0.32992558840390224,
    -0.07514245314661011,
    0.11068536356034737,
    -0.11033786259328414,
    0.34255197335021065,
    -0.15413491387168748,
    0.08437774964090256,
    0.20661802545362057,
    0.42722790386905846,
    -0.13080704791558656,
    0.5759167326899273,
    -0.07312624963876009
  ],
  "x_range": [
    -1.0,
    1.0
  ],
  "y_range": [
    -1.0,
    1.0
  ]
}