{
    "bin_index": "bin3",
    "valid": true,
    "converged": true,
    "fmin": 9999.999999950505,
    "status": 0,
    "parameters": {
        "rFL_bin3": {
            "value": 0.411218860484805,
            "error": 0.009677558474958155,
            "error_low": -0.009661467429124354,
            "error_up": 0.009693649520791957,
            "error_source": "minos (custom)"
        },
        "rS3_bin3": {
            "value": -0.08136948409005698,
            "error": 0.03711982607616201,
            "error_low": -0.037212276568856395,
            "error_up": 0.03702737558346762,
            "error_source": "minos (custom)"
        },
        "rr1_bin3": {
            "value": -1.9088925744060334,
            "error": 0.7384136555031717,
            "error_low": -1.0229591164427514,
            "error_up": 0.4538681945635921,
            "error_source": "minos (custom)"
        },
        "a1_bin3": {
            "value": -2.623659882546118,
            "error": 1.2903387743068353,
            "error_low": -1.6668423413840787,
            "error_up": 0.9138352072295919,
            "error_source": "minos (custom)"
        },
        "rr2_bin3": {
            "value": 0.9608958545308814,
            "error": 0.14319086031321432,
            "error_low": -0.12669274735417485,
            "error_up": 0.15968897327225381,
            "error_source": "minos (custom)"
        },
        "a2_bin3": {
            "value": 3.101382686906287,
            "error": 0.016123895510741386,
            "error_low": -0.016156213518024456,
            "error_up": 0.016091577503458313,
            "error_source": "minos (custom)"
        },
        "rr3_bin3": {
            "value": -1.887521240652108,
            "error": 1.664847422746987,
            "error_low": -2.9005411132344103,
            "error_up": 0.42915373225956355,
            "error_source": "minos (custom)"
        },
        "a3_bin3": {
            "value": -1.0340024871236873,
            "error": 0.9111459638434278,
            "error_low": -0.9091378584587645,
            "error_up": 0.9131540692280913,
            "error_source": "minos (custom)"
        }
    },
    "covariance": [
        [
            9.391998709191532e-05,
            -5.45938268379672e-06,
            3.297585602684489e-05,
            7.446983566155121e-05,
            2.6429474930266573e-05,
            -6.910705265893082e-07,
            -1.6507921438813295e-05,
            3.781676959451375e-05
        ],
        [
            -5.45938268379672e-06,
            0.0013807686021855435,
            -2.1548422171831362e-05,
            0.0007394712067584573,
            0.0028699952974923335,
            8.439551615285074e-06,
            -0.0004987486205197175,
            1.5326129262113368e-05
        ],
        [
            3.297585602684489e-05,
            -2.1548422171831362e-05,
            0.3076164156470765,
            0.5197737712808073,
            4.317889618767134e-05,
            -2.2684390730255668e-05,
            -0.015278207692312903,
            0.05662656178192521
        ],
        [
            7.446983566155121e-05,
            0.0007394712067584573,
            0.5197737712808073,
            2.3425165304660784,
            0.0004308404515917082,
            7.513078389934429e-05,
            -0.10459456146498748,
            0.05659734501656485
        ],
        [
            2.6429474930266573e-05,
            0.0028699952974923335,
            4.317889618767134e-05,
            0.0004308404515917082,
            0.019741444156282636,
            0.000134677872832642,
            -0.0024953646397809087,
            0.0006479135383323447
        ],
        [
            -6.910705265893082e-07,
            8.439551615285074e-06,
            -2.2684390730255668e-05,
            7.513078389934429e-05,
            0.000134677872832642,
            0.00026052772650249004,
            -6.412563012344031e-05,
            0.00016300604230038156
        ],
        [
            -1.6507921438813295e-05,
            -0.0004987486205197175,
            -0.015278207692312903,
            -0.10459456146498748,
            -0.0024953646397809087,
            -6.412563012344031e-05,
            0.3887790818276165,
            -0.32302711541833046
        ],
        [
            3.781676959451375e-05,
            1.5326129262113368e-05,
            0.05662656178192521,
            0.05659734501656485,
            0.0006479135383323447,
            0.00016300604230038156,
            -0.32302711541833046,
            0.8132824300093219
        ]
    ]
}