{
    "bin_index": "bin3",
    "valid": true,
    "converged": true,
    "fmin": 9999.999999950505,
    "status": 0,
    "parameters": {
        "FL": {
            "value": 0.6947535554544463,
            "error": 0.004110459749154804,
            "error_low": -0.004110459749154804,
            "error_up": 0.004110459749154804,
            "error_source": "delta_method"
        },
        "AFB": {
            "value": -0.004263182088891232,
            "error": 0.003764027937532438,
            "error_low": -0.003764027937532438,
            "error_up": 0.003764027937532438,
            "error_source": "delta_method"
        },
        "S3": {
            "value": -0.012391536827704507,
            "error": 0.005633836766481761,
            "error_low": -0.005633836766481761,
            "error_up": 0.005633836766481761,
            "error_source": "delta_method"
        },
        "S4": {
            "value": -0.20868702092308292,
            "error": 0.006312627955964107,
            "error_low": -0.006312627955964107,
            "error_up": 0.006312627955964107,
            "error_source": "delta_method"
        },
        "S5": {
            "value": 0.005061409328004991,
            "error": 0.006520237337059002,
            "error_low": -0.006520237337059002,
            "error_up": 0.006520237337059002,
            "error_source": "delta_method"
        },
        "S7": {
            "value": 0.016791647103004653,
            "error": 0.006723836648202422,
            "error_low": -0.006723836648202422,
            "error_up": 0.006723836648202422,
            "error_source": "delta_method"
        },
        "S8": {
            "value": -0.0042527149037817555,
            "error": 0.0067579726393732446,
            "error_low": -0.0067579726393732446,
            "error_up": 0.0067579726393732446,
            "error_source": "delta_method"
        },
        "S9": {
            "value": -0.0016194980351754058,
            "error": 0.005601381705284632,
            "error_low": -0.005601381705284632,
            "error_up": 0.005601381705284632,
            "error_source": "delta_method"
        }
    },
    "covariance": [
        [
            1.6895879349421773e-05,
            1.9681598086289694e-07,
            3.3481369493538253e-07,
            2.4211979092136447e-06,
            -1.7732878645366206e-08,
            -7.228218342103201e-08,
            1.7011827453746575e-07,
            -4.415226715694572e-08
        ],
        [
            1.968159808628969e-07,
            1.4167906314524699e-05,
            2.3024121129887994e-07,
            1.8320900316501943e-07,
            -4.096183093782249e-06,
            -1.6722625905622685e-07,
            2.024849480220705e-07,
            2.8340608866619794e-07
        ],
        [
            3.348136949353824e-07,
            2.3024121129887994e-07,
            3.1740116711361656e-05,
            -3.0946321450725242e-06,
            -1.54823385956716e-07,
            -2.8094954554751297e-07,
            1.5887424496362577e-07,
            -3.394758789188876e-07
        ],
        [
            2.4211979092136447e-06,
            1.8320900316501943e-07,
            -3.094632145072521e-06,
            3.9849271710419576e-05,
            4.991180931126558e-07,
            3.9317547808979617e-07,
            -7.227296844887965e-07,
            -1.3130215411177806e-07
        ],
        [
            -1.7732878645366186e-08,
            -4.096183093782248e-06,
            -1.5482338595671604e-07,
            4.991180931126555e-07,
            4.251349493157826e-05,
            -3.6469826141917455e-07,
            2.845835707559084e-07,
            5.214017392239503e-07
        ],
        [
            -7.228218342103198e-08,
            -1.6722625905622687e-07,
            -2.8094954554751307e-07,
            3.9317547808979564e-07,
            -3.646982614191747e-07,
            4.5209979271709974e-05,
            -3.286094325461095e-07,
            7.088996283989089e-08
        ],
        [
            1.7011827453746573e-07,
            2.024849480220705e-07,
            1.5887424496362582e-07,
            -7.227296844887962e-07,
            2.845835707559067e-07,
            -3.286094325461095e-07,
            4.5670194194517375e-05,
            -3.730677877746027e-06
        ],
        [
            -4.415226715694573e-08,
            2.834060886662005e-07,
            -3.394758789188876e-07,
            -1.3130215411177804e-07,
            5.214017392239503e-07,
            7.088996283989089e-08,
            -3.7306778777460266e-06,
            3.137547700829737e-05
        ]
    ]
}