{
    "bin_index": "bin7",
    "valid": true,
    "converged": true,
    "fmin": 9593.500112543654,
    "status": 0,
    "parameters": {
        "rFL_bin7_reco": {
            "value": -0.17427517111993698,
            "error": 0.015079894831563804,
            "error_low": -0.015111040243123134,
            "error_up": 0.015048749420004476,
            "error_source": "minos (custom)"
        },
        "rS3_bin7_reco": {
            "value": -0.15184178870604031,
            "error": 0.0405311237572511,
            "error_low": -0.047741530884079585,
            "error_up": 0.0333207166304226,
            "error_source": "minos (custom)"
        },
        "rS9_bin7_reco": {
            "value": -0.03963313287649573,
            "error": 0.037074387998603756,
            "error_low": -0.03711055655872894,
            "error_up": 0.03703821943847857,
            "error_source": "minos (custom)"
        },
        "rAFB_bin7_reco": {
            "value": -0.036317367894654715,
            "error": 0.016470450249762972,
            "error_low": -0.01647470914826969,
            "error_up": 0.01646619135125625,
            "error_source": "minos (custom)"
        },
        "rS4_bin7_reco": {
            "value": -3.1950030255220514,
            "error": 12.048963754272725,
            "error_low": -12.048963754272725,
            "error_up": 12.048963754272725,
            "error_source": "minos (custom)"
        },
        "rS7_bin7_reco": {
            "value": -0.3396633164148966,
            "error": 4.432325151126412,
            "error_low": -4.432325151126412,
            "error_up": 4.432325151126412,
            "error_source": "minos (custom)"
        },
        "rS5_bin7_reco": {
            "value": 0.04657224945729479,
            "error": 0.022464485381289298,
            "error_low": -0.022438763816617066,
            "error_up": 0.022490206945961527,
            "error_source": "minos (custom)"
        },
        "rS8_bin7_reco": {
            "value": 0.10421198091949148,
            "error": 0.04832091245498826,
            "error_low": -0.04818760848515564,
            "error_up": 0.048454216424820895,
            "error_source": "minos (custom)"
        }
    },
    "covariance": [
        [
            0.000226970173433502,
            2.801977690880985e-06,
            6.127776698982439e-07,
            -1.6057023142701695e-07,
            0.0033057689547980533,
            0.0012383214217618782,
            1.0319005571613117e-06,
            -5.5590851516913744e-06
        ],
        [
            2.801977690880985e-06,
            0.0011905709468728455,
            -1.0134457110529522e-05,
            5.355221506594853e-06,
            -0.049873576908937844,
            -0.018107027743295423,
            -2.4915921005822475e-05,
            -8.018887814128575e-05
        ],
        [
            6.127776698982439e-07,
            -1.0134457110529522e-05,
            0.0013773406730446488,
            1.341754982386618e-06,
            0.0008993294477166267,
            0.0004364805757776774,
            -1.930058875391005e-05,
            -0.00017274693543038397
        ],
        [
            -1.6057023142701695e-07,
            5.355221506594853e-06,
            1.341754982386618e-06,
            0.00027203535037423847,
            -0.00037166667906161807,
            -7.59732469188054e-05,
            -7.145861142635537e-05,
            -2.100702434565547e-06
        ],
        [
            0.0033057689547980533,
            -0.049873576908937844,
            0.0008993294477166267,
            -0.00037166667906161807,
            17.02825717952424,
            6.1494493873806375,
            0.00025866962677741334,
            0.00515723818527557
        ],
        [
            0.0012383214217618782,
            -0.018107027743295423,
            0.0004364805757776774,
            -7.59732469188054e-05,
            6.1494493873806375,
            2.3006495749605542,
            0.00013856588110011287,
            0.001471653419887682
        ],
        [
            1.0319005571613117e-06,
            -2.4915921005822475e-05,
            -1.930058875391005e-05,
            -7.145861142635537e-05,
            0.00025866962677741334,
            0.00013856588110011287,
            0.0005061323250161859,
            1.4952256697275434e-05
        ],
        [
            -5.5590851516913744e-06,
            -8.018887814128575e-05,
            -0.00017274693543038397,
            -2.100702434565547e-06,
            0.00515723818527557,
            0.001471653419887682,
            1.4952256697275434e-05,
            0.002350795780844474
        ]
    ]
}