{
    "bin_index": "bin5",
    "valid": true,
    "converged": true,
    "fmin": 9587.28016839516,
    "status": 0,
    "parameters": {
        "FL_bin5": {
            "value": 0.556757497124547,
            "error": 0.0,
            "error_low": 0.0,
            "error_up": 0.0,
            "error_source": "none"
        },
        "S3_bin5": {
            "value": -0.03148156695553916,
            "error": 0.0,
            "error_low": 0.0,
            "error_up": 0.0,
            "error_source": "none"
        },
        "S9_bin5": {
            "value": -0.007206260425103662,
            "error": 0.0,
            "error_low": 0.0,
            "error_up": 0.0,
            "error_source": "none"
        },
        "AFB_bin5": {
            "value": 0.007594225381507911,
            "error": 0.0,
            "error_low": 0.0,
            "error_up": 0.0,
            "error_source": "none"
        },
        "S4_bin5": {
            "value": -0.2564633205552004,
            "error": 0.0,
            "error_low": 0.0,
            "error_up": 0.0,
            "error_source": "none"
        },
        "S7_bin5": {
            "value": 0.006653832750869055,
            "error": 0.0,
            "error_low": 0.0,
            "error_up": 0.0,
            "error_source": "none"
        },
        "S5_bin5": {
            "value": -0.005788189847749195,
            "error": 0.0,
            "error_low": 0.0,
            "error_up": 0.0,
            "error_source": "none"
        },
        "S8_bin5": {
            "value": 0.01046040624152051,
            "error": 0.0,
            "error_low": 0.0,
            "error_up": 0.0,
            "error_source": "none"
        }
    },
    "covariance": [
        [
            3.540646105249465e-05,
            1.8824452662675335e-06,
            -8.784396919658634e-08,
            -5.207184591294987e-07,
            1.9921886113350088e-06,
            -4.938269181091946e-07,
            -1.7423232104276558e-07,
            3.253056344864686e-07
        ],
        [
            1.8824452662675335e-06,
            6.863285427461081e-05,
            -3.314843530022893e-07,
            -6.723773272679701e-08,
            -7.71144768147869e-06,
            5.70556770065094e-07,
            5.359131344559484e-07,
            4.381105084774626e-07
        ],
        [
            -8.784396919658634e-08,
            -3.314843530022893e-07,
            6.925215567929166e-05,
            -2.768555686969674e-07,
            1.8753924311927127e-07,
            -7.279236514139779e-07,
            1.241078169802155e-06,
            -7.887026767050921e-06
        ],
        [
            -5.207184591294987e-07,
            -6.723773272679701e-08,
            -2.768555686969674e-07,
            3.4911129107772594e-05,
            1.4658370397535909e-08,
            2.162448324882783e-07,
            -9.138500412793501e-06,
            8.269372939013752e-07
        ],
        [
            1.9921886113350088e-06,
            -7.71144768147869e-06,
            1.8753924311927127e-07,
            1.4658370397535909e-08,
            7.696378272912372e-05,
            -6.617573958544594e-07,
            -9.363230036442537e-07,
            1.1278393002852126e-06
        ],
        [
            -4.938269181091946e-07,
            5.70556770065094e-07,
            -7.279236514139779e-07,
            2.162448324882783e-07,
            -6.617573958544594e-07,
            8.229820802411031e-05,
            -3.261821660372176e-07,
            9.945646074318579e-07
        ],
        [
            -1.7423232104276558e-07,
            5.359131344559484e-07,
            1.241078169802155e-06,
            -9.138500412793501e-06,
            -9.363230036442537e-07,
            -3.261821660372176e-07,
            7.660708629011719e-05,
            -9.748691441510133e-07
        ],
        [
            3.253056344864686e-07,
            4.381105084774626e-07,
            -7.887026767050921e-06,
            8.269372939013752e-07,
            1.1278393002852126e-06,
            9.945646074318579e-07,
            -9.748691441510133e-07,
            8.729925348984716e-05
        ]
    ]
}