{
    "bin_index": "bin4",
    "valid": true,
    "converged": true,
    "fmin": 9833.655535227843,
    "status": 0,
    "parameters": {
        "rFL_bin4": {
            "value": 0.14464172566271083,
            "error": 0.019645030486141142,
            "error_low": -0.022688683187254175,
            "error_up": 0.016601377785028112,
            "error_source": "minos (custom)"
        },
        "rS3_bin4": {
            "value": -0.12129431730412868,
            "error": 0.05599126453758411,
            "error_low": -0.056251016246543564,
            "error_up": 0.05573151282862465,
            "error_source": "minos (custom)"
        },
        "u1_bin4": {
            "value": 0.001298106451990421,
            "error": 0.03541815252258811,
            "error_low": -0.035409771299857055,
            "error_up": 0.03542653374531917,
            "error_source": "minos (custom)"
        },
        "v1_bin4": {
            "value": -0.07433732747999414,
            "error": 0.06422622814782485,
            "error_low": -0.06453749997932746,
            "error_up": 0.06391495631632223,
            "error_source": "minos (custom)"
        },
        "u2_bin4": {
            "value": -7.836775056473425,
            "error": 3.6930643500359666,
            "error_low": -2.1632249435265747,
            "error_up": 5.222903756545358,
            "error_source": "minos (custom)"
        },
        "v2_bin4": {
            "value": 0.07375152016779751,
            "error": 0.31607232133655805,
            "error_low": -0.2956062985573509,
            "error_up": 0.33653834411576516,
            "error_source": "minos (custom)"
        },
        "u3_bin4": {
            "value": 0.002047704256599135,
            "error": 0.029590009121632364,
            "error_low": -0.03425645512553416,
            "error_up": 0.024923563117730575,
            "error_source": "minos (custom)"
        },
        "v3_bin4": {
            "value": 0.018931073856625548,
            "error": 0.07914149428494958,
            "error_low": -0.07895460265854967,
            "error_up": 0.0793283859113495,
            "error_source": "minos (custom)"
        }
    },
    "covariance": [
        [
            0.00041192238747382706,
            -2.6200874232540438e-05,
            3.059884819706434e-07,
            -2.7733088019509006e-05,
            -0.013950136315219953,
            0.0001316450163883404,
            -2.432884261876776e-06,
            7.92732936413523e-06
        ],
        [
            -2.6200874232540438e-05,
            0.0025061705351695548,
            6.444806805554561e-06,
            4.008807561485749e-05,
            -0.2145265648433149,
            0.0020353812724847684,
            1.740755513485857e-05,
            -6.682419985268703e-05
        ],
        [
            3.059884819706434e-07,
            6.444806805554561e-06,
            0.0009972059664095673,
            2.2465443171022926e-05,
            -0.063484257492957,
            0.0006025284487385465,
            -0.00010663003330511394,
            2.479064196877844e-05
        ],
        [
            -2.7733088019509006e-05,
            4.008807561485749e-05,
            2.2465443171022926e-05,
            0.003289461732852525,
            -0.14818287580686518,
            0.001405082039165393,
            -3.73298853973278e-05,
            -0.00021544541434343753
        ],
        [
            -0.013950136315219953,
            -0.2145265648433149,
            -0.063484257492957,
            -0.14818287580686518,
            140437.74360746768,
            -1381.6209360297103,
            -0.5042376565382857,
            0.20369677091168778
        ],
        [
            0.0001316450163883404,
            0.0020353812724847684,
            0.0006025284487385465,
            0.001405082039165393,
            -1381.6209360297103,
            13.641410548984277,
            0.004785651399341422,
            -0.001930091342641324
        ],
        [
            -2.432884261876776e-06,
            1.740755513485857e-05,
            -0.00010663003330511394,
            -3.73298853973278e-05,
            -0.5042376565382857,
            0.004785651399341422,
            0.000932556000522016,
            3.2615956493773866e-05
        ],
        [
            7.92732936413523e-06,
            -6.682419985268703e-05,
            2.479064196877844e-05,
            -0.00021544541434343753,
            0.20369677091168778,
            -0.001930091342641324,
            3.2615956493773866e-05,
            0.00498759789967439
        ]
    ]
}