{
    "bin_index": "bin10",
    "valid": true,
    "converged": true,
    "fmin": 59108.9920833444,
    "status": "Optimization terminated successfully",
    "parameters": {
        "FL": {
            "value": 0.342952819476402,
            "error": 0.0048724503597659344,
            "error_low": -0.0048724503597659344,
            "error_up": 0.0048724503597659344,
            "error_source": "hessian"
        },
        "S3": {
            "value": -0.22119617981922213,
            "error": 0.007330322854312024,
            "error_low": -0.007330322854312024,
            "error_up": 0.007330322854312024,
            "error_source": "hessian"
        },
        "S9": {
            "value": -0.003637190521056709,
            "error": 0.0077310764070917,
            "error_low": -0.0077310764070917,
            "error_up": 0.0077310764070917,
            "error_source": "hessian"
        },
        "AFB": {
            "value": 0.0050035036343898595,
            "error": 0.005662518840136649,
            "error_low": -0.005662518840136649,
            "error_up": 0.005662518840136649,
            "error_source": "hessian"
        },
        "S4": {
            "value": -0.30083703562663805,
            "error": 0.006561695048117155,
            "error_low": -0.006561695048117155,
            "error_up": 0.006561695048117155,
            "error_source": "hessian"
        },
        "S7": {
            "value": 0.0015277472498017803,
            "error": 0.007880169283708962,
            "error_low": -0.007880169283708962,
            "error_up": 0.007880169283708962,
            "error_source": "hessian"
        },
        "S5": {
            "value": -0.00727041175111265,
            "error": 0.006515573814800789,
            "error_low": -0.006515573814800789,
            "error_up": 0.006515573814800789,
            "error_source": "hessian"
        },
        "S8": {
            "value": -0.000923299625126643,
            "error": 0.008312446635900436,
            "error_low": -0.008312446635900436,
            "error_up": 0.008312446635900436,
            "error_source": "hessian"
        }
    },
    "covariance": [
        [
            2.3740772508383183e-05,
            4.690858394111213e-06,
            -2.53574467979704e-08,
            -1.2585995441655882e-07,
            -1.929058594246739e-06,
            4.7539401016534955e-08,
            -4.2435477899153325e-07,
            1.3629066181670438e-07
        ],
        [
            4.690858394111213e-06,
            5.373363314844918e-05,
            -9.430617924387039e-07,
            5.287392741681959e-08,
            -9.809584934696881e-06,
            2.6981493561521645e-07,
            -1.0550890782375993e-07,
            -6.697271646991603e-08
        ],
        [
            -2.5357446797970423e-08,
            -9.430617924387042e-07,
            5.9769542412289905e-05,
            3.905018037802845e-08,
            -4.096141403671917e-07,
            -7.159568199938642e-08,
            2.5407855151777916e-07,
            -7.809019016773419e-06
        ],
        [
            -1.2585995441655885e-07,
            5.287392741681959e-08,
            3.9050180378028455e-08,
            3.206411961490249e-05,
            -3.521551339753533e-08,
            -9.5449808124166e-08,
            -9.338134214037507e-06,
            -1.5835833523308056e-07
        ],
        [
            -1.929058594246739e-06,
            -9.809584934696878e-06,
            -4.0961414036719176e-07,
            -3.52155133975353e-08,
            4.3055841904485194e-05,
            -5.591203231791582e-07,
            -5.040094272573236e-07,
            1.0037465022528296e-07
        ],
        [
            4.7539401016534955e-08,
            2.6981493561521645e-07,
            -7.159568199938639e-08,
            -9.544980812416599e-08,
            -5.591203231791581e-07,
            6.209706793991022e-05,
            -4.0932237825073156e-07,
            -1.9618148033700026e-07
        ],
        [
            -4.243547789915333e-07,
            -1.0550890782375998e-07,
            2.540785515177792e-07,
            -9.338134214037507e-06,
            -5.040094272573235e-07,
            -4.0932237825073156e-07,
            4.2452702136117706e-05,
            -5.346975559692584e-07
        ],
        [
            1.362906618167044e-07,
            -6.697271646991607e-08,
            -7.809019016773417e-06,
            -1.583583352330805e-07,
            1.0037465022528296e-07,
            -1.9618148033700029e-07,
            -5.346975559692584e-07,
            6.909676907469248e-05
        ]
    ]
}