{
    "bin_index": "bin1",
    "valid": true,
    "converged": true,
    "fmin": 9673.754516598676,
    "status": 0,
    "parameters": {
        "rFL_bin1_reco": {
            "value": 0.33191689786561585,
            "error": 0.0138482950591519,
            "error_low": -0.013803901084467196,
            "error_up": 0.013892689033836605,
            "error_source": "minos (custom)"
        },
        "rS3_bin1_reco": {
            "value": 0.012261204764177474,
            "error": 0.03347686183345624,
            "error_low": -0.033585890344512814,
            "error_up": 0.03336783332239966,
            "error_source": "minos (custom)"
        },
        "rS9_bin1_reco": {
            "value": -0.04275516349664042,
            "error": 0.03427299428457187,
            "error_low": -0.03420864155082536,
            "error_up": 0.03433734701831837,
            "error_source": "minos (custom)"
        },
        "rAFB_bin1_reco": {
            "value": 0.05462045641970987,
            "error": 0.03176727684826384,
            "error_low": -0.031711738350143306,
            "error_up": 0.03182281534638437,
            "error_source": "minos (custom)"
        },
        "rS4_bin1_reco": {
            "value": -0.4169707279212857,
            "error": 0.06560034465453657,
            "error_low": -0.06793383909431895,
            "error_up": 0.0632668502147542,
            "error_source": "minos (custom)"
        },
        "rS7_bin1_reco": {
            "value": 0.01042639941592009,
            "error": 0.020137987882873985,
            "error_low": -0.020046667441120113,
            "error_up": 0.020229308324627854,
            "error_source": "minos (custom)"
        },
        "rS5_bin1_reco": {
            "value": 0.007956116986644427,
            "error": 0.01828448192497051,
            "error_low": -0.018378465486796478,
            "error_up": 0.018190498363144545,
            "error_source": "minos (custom)"
        },
        "rS8_bin1_reco": {
            "value": -0.10111015232751243,
            "error": 0.05538967003698293,
            "error_low": -0.05564978360429477,
            "error_up": 0.05512955646967109,
            "error_source": "minos (custom)"
        }
    },
    "covariance": [
        [
            0.00019228034297144887,
            1.3700960012146226e-05,
            -8.460413251819987e-07,
            -3.207514809562225e-07,
            -2.3496888695310006e-06,
            -1.7935439666381363e-06,
            1.0171062405351429e-06,
            2.126005619524695e-06
        ],
        [
            1.3700960012146226e-05,
            0.001122860147634606,
            1.3603595025119558e-05,
            -1.7797733358218854e-05,
            -0.0003263449866120238,
            -9.011842619293756e-07,
            -5.538886424787981e-07,
            7.089952022090574e-05
        ],
        [
            -8.460413251819987e-07,
            1.3603595025119558e-05,
            0.0011770762172661,
            6.488969328255879e-06,
            -2.6623545948138303e-05,
            -1.5247414029714301e-06,
            6.870700056344169e-07,
            -7.269125090217996e-05
        ],
        [
            -3.207514809562225e-07,
            -1.7797733358218854e-05,
            6.488969328255879e-06,
            0.0010113944976444906,
            3.0360440239254167e-05,
            -1.119590304059092e-05,
            -3.499372895111004e-05,
            2.3747891687336224e-05
        ],
        [
            -2.3496888695310006e-06,
            -0.0003263449866120238,
            -2.6623545948138303e-05,
            3.0360440239254167e-05,
            0.004289537696889295,
            8.367186526950859e-06,
            2.4175255050126314e-05,
            -8.71274369939154e-05
        ],
        [
            -1.7935439666381363e-06,
            -9.011842619293756e-07,
            -1.5247414029714301e-06,
            -1.119590304059092e-05,
            8.367186526950859e-06,
            0.0004060610337409885,
            -1.7106516377786257e-06,
            1.0663021676926192e-05
        ],
        [
            1.0171062405351429e-06,
            -5.538886424787981e-07,
            6.870700056344169e-07,
            -3.499372895111004e-05,
            2.4175255050126314e-05,
            -1.7106516377786257e-06,
            0.0003351008561479743,
            1.8912565807692953e-05
        ],
        [
            2.126005619524695e-06,
            7.089952022090574e-05,
            -7.269125090217996e-05,
            2.3747891687336224e-05,
            -8.71274369939154e-05,
            1.0663021676926192e-05,
            1.8912565807692953e-05,
            0.003068857686425898
        ]
    ]
}