{
    "bin_index": "bin1",
    "valid": true,
    "converged": true,
    "fmin": 9673.754516598676,
    "status": 0,
    "parameters": {
        "FL": {
            "value": 0.6601210709199287,
            "error": 0.006222218767450953,
            "error_low": -0.006222218767450953,
            "error_up": 0.006222218767450953,
            "error_source": "delta_method"
        },
        "AFB": {
            "value": 0.013895678891401628,
            "error": 0.008079046834495071,
            "error_low": -0.008079046834495071,
            "error_up": 0.008079046834495071,
            "error_source": "delta_method"
        },
        "S3": {
            "value": 0.0020835581612266034,
            "error": 0.005692666379936758,
            "error_low": -0.005692666379936758,
            "error_up": 0.005692666379936758,
            "error_source": "delta_method"
        },
        "S4": {
            "value": -0.09282712423857183,
            "error": 0.012885624647367035,
            "error_low": -0.012885624647367035,
            "error_up": 0.012885624647367035,
            "error_source": "delta_method"
        },
        "S5": {
            "value": 0.0037915089004924916,
            "error": 0.008723405236451693,
            "error_low": -0.008723405236451693,
            "error_up": 0.008723405236451693,
            "error_source": "delta_method"
        },
        "S7": {
            "value": 0.004510299136387133,
            "error": 0.008718624305879354,
            "error_low": -0.008718624305879354,
            "error_up": 0.008718624305879354,
            "error_source": "delta_method"
        },
        "S8": {
            "value": -0.024010138101819987,
            "error": 0.013057253607145389,
            "error_low": -0.013057253607145389,
            "error_up": 0.013057253607145389,
            "error_source": "delta_method"
        },
        "S9": {
            "value": -0.007260819736019688,
            "error": 0.0058206129288459205,
            "error_low": -0.0058206129288459205,
            "error_up": 0.0058206129288459205,
            "error_source": "delta_method"
        }
    },
    "covariance": [
        [
            3.8716006390018865e-05,
            -1.620689143757242e-06,
            8.072781326429759e-07,
            2.6441465939858754e-06,
            1.242389102880304e-07,
            -4.886527723201715e-07,
            8.156035756555316e-07,
            7.632429627090405e-07
        ],
        [
            -1.620689143757242e-06,
            6.527099775396485e-05,
            -8.317169345394229e-07,
            1.2085924716222552e-06,
            -4.247473814061096e-06,
            -1.185297285803473e-06,
            1.4291371448549678e-06,
            3.651693469844961e-07
        ],
        [
            8.072781326429759e-07,
            -8.317169345394231e-07,
            3.2406450513262276e-05,
            -2.005055022670853e-06,
            3.088192804290734e-07,
            -6.007680576896978e-07,
            5.918167484282007e-07,
            4.266799528844179e-07
        ],
        [
            2.6441465939858754e-06,
            1.2085924716222552e-06,
            -2.0050550226708532e-06,
            0.00016603932255283285,
            2.2628110172920017e-06,
            2.1854402483691464e-06,
            -3.099006926803932e-06,
            -7.38012401088734e-07
        ],
        [
            1.2423891028803037e-07,
            -4.247473814061096e-06,
            3.0881928042907334e-07,
            2.2628110172920013e-06,
            7.609779891935283e-05,
            -3.375464752706798e-07,
            2.1673574837417267e-06,
            6.284549836639371e-08
        ],
        [
            -4.886527723201716e-07,
            -1.185297285803473e-06,
            -6.007680576896977e-07,
            2.185440248369146e-06,
            -3.3754647527067983e-07,
            7.601440978707025e-05,
            1.0460162623672057e-06,
            -1.3571533439570353e-07
        ],
        [
            8.156035756555316e-07,
            1.4291371448549676e-06,
            5.918167484282e-07,
            -3.0990069268039323e-06,
            2.1673574837417262e-06,
            1.0460162623672054e-06,
            0.00017049187176131127,
            -2.918703334570342e-06
        ],
        [
            7.632429627090406e-07,
            3.651693469844962e-07,
            4.266799528844178e-07,
            -7.380124010887336e-07,
            6.284549836639371e-08,
            -1.3571533439570355e-07,
            -2.9187033345703426e-06,
            3.3879534867448284e-05
        ]
    ]
}