{
    "bin_index": "bin4",
    "valid": true,
    "converged": true,
    "fmin": 47024.3513752886,
    "status": "Optimization terminated successfully",
    "parameters": {
        "FL": {
            "value": 0.6172724605824539,
            "error": 0.005586384641929724,
            "error_low": -0.005586384641929724,
            "error_up": 0.005586384641929724,
            "error_source": "hessian"
        },
        "S3": {
            "value": -0.01711198903129143,
            "error": 0.0077845320333253835,
            "error_low": -0.0077845320333253835,
            "error_up": 0.0077845320333253835,
            "error_source": "hessian"
        },
        "S9": {
            "value": -0.0011396265940475866,
            "error": 0.007666856347153553,
            "error_low": -0.007666856347153553,
            "error_up": 0.007666856347153553,
            "error_source": "hessian"
        },
        "AFB": {
            "value": -0.004859248289071903,
            "error": 0.0053350885472585085,
            "error_low": -0.0053350885472585085,
            "error_up": 0.0053350885472585085,
            "error_source": "hessian"
        },
        "S4": {
            "value": -0.23827050069456449,
            "error": 0.008248148314006061,
            "error_low": -0.008248148314006061,
            "error_up": 0.008248148314006061,
            "error_source": "hessian"
        },
        "S7": {
            "value": 0.003477976570181987,
            "error": 0.008766088124318916,
            "error_low": -0.008766088124318916,
            "error_up": 0.008766088124318916,
            "error_source": "hessian"
        },
        "S5": {
            "value": 0.008202086332053776,
            "error": 0.008462307711055087,
            "error_low": -0.008462307711055087,
            "error_up": 0.008462307711055087,
            "error_source": "hessian"
        },
        "S8": {
            "value": -0.010655005348487977,
            "error": 0.008901579444649577,
            "error_low": -0.008901579444649577,
            "error_up": 0.008901579444649577,
            "error_source": "hessian"
        }
    },
    "covariance": [
        [
            3.120769336758829e-05,
            1.0519166019773032e-06,
            7.241762300433467e-08,
            2.136195495617421e-07,
            3.2656938409831626e-06,
            -2.4375244487519114e-08,
            -4.807692279232624e-07,
            -6.383308990127019e-08
        ],
        [
            1.0519166019773039e-06,
            6.059893897786903e-05,
            9.682256740776027e-08,
            -4.1066133051446585e-07,
            -7.144497023263736e-06,
            -8.853804326669677e-07,
            4.445865173625746e-07,
            1.7806370630363724e-07
        ],
        [
            7.241762300433468e-08,
            9.682256740776027e-08,
            5.878068624788872e-05,
            -2.708567311064279e-07,
            -1.6682952872136095e-07,
            3.476273469638567e-07,
            -3.290514961018703e-07,
            -6.034065283444173e-06
        ],
        [
            2.1361954956174207e-07,
            -4.106613305144659e-07,
            -2.708567311064279e-07,
            2.84631698070889e-05,
            8.175815884406649e-07,
            -2.861804947108718e-07,
            -8.089231938172407e-06,
            -9.114451625891774e-08
        ],
        [
            3.2656938409831626e-06,
            -7.144497023263737e-06,
            -1.66829528721361e-07,
            8.175815884406648e-07,
            6.803195060984103e-05,
            -2.987961699460959e-07,
            -1.9913523844205983e-07,
            -1.3839215400096267e-06
        ],
        [
            -2.4375244487519104e-08,
            -8.853804326669675e-07,
            3.476273469638566e-07,
            -2.8618049471087164e-07,
            -2.987961699460958e-07,
            7.684430100332513e-05,
            -4.4721585187367805e-07,
            -6.301070857031702e-08
        ],
        [
            -4.807692279232625e-07,
            4.445865173625745e-07,
            -3.290514961018703e-07,
            -8.089231938172408e-06,
            -1.991352384420598e-07,
            -4.4721585187367794e-07,
            7.161065179658239e-05,
            -3.5023812441416064e-07
        ],
        [
            -6.383308990127019e-08,
            1.7806370630363727e-07,
            -6.034065283444173e-06,
            -9.114451625891771e-08,
            -1.3839215400096267e-06,
            -6.301070857031702e-08,
            -3.5023812441416064e-07,
            7.923811660940788e-05
        ]
    ]
}