{
    "bin_index": "bin10",
    "valid": true,
    "converged": true,
    "fmin": 9999.999999984806,
    "status": 0,
    "parameters": {
        "FL": {
            "value": 0.34208935682923713,
            "error": 0.004884801347151542,
            "error_low": -0.004884801347151542,
            "error_up": 0.004884801347151542,
            "error_source": "delta_method"
        },
        "AFB": {
            "value": -0.006855135069489491,
            "error": 0.005659718138729917,
            "error_low": -0.005659718138729917,
            "error_up": 0.005659718138729917,
            "error_source": "delta_method"
        },
        "S3": {
            "value": -0.22100205996968786,
            "error": 0.007249770878323861,
            "error_low": -0.007249770878323861,
            "error_up": 0.007249770878323861,
            "error_source": "delta_method"
        },
        "S4": {
            "value": -0.30597233622724695,
            "error": 0.006387219734369645,
            "error_low": -0.006387219734369645,
            "error_up": 0.006387219734369645,
            "error_source": "delta_method"
        },
        "S5": {
            "value": 0.007133933967905914,
            "error": 0.006475591874977137,
            "error_low": -0.006475591874977137,
            "error_up": 0.006475591874977137,
            "error_source": "delta_method"
        },
        "S7": {
            "value": -0.002420184781261177,
            "error": 0.007852766265221942,
            "error_low": -0.007852766265221942,
            "error_up": 0.007852766265221942,
            "error_source": "delta_method"
        },
        "S8": {
            "value": -0.0004632441038491739,
            "error": 0.008222257432522827,
            "error_low": -0.008222257432522827,
            "error_up": 0.008222257432522827,
            "error_source": "delta_method"
        },
        "S9": {
            "value": 0.0012315915065309725,
            "error": 0.007817471267532593,
            "error_low": -0.007817471267532593,
            "error_up": 0.007817471267532593,
            "error_source": "delta_method"
        }
    },
    "covariance": [
        [
            2.3861284201133524e-05,
            1.3193992553596843e-07,
            4.74339212765946e-06,
            -1.941448477364186e-06,
            -6.686739169548926e-08,
            -2.9177022684163364e-07,
            7.069287593517508e-08,
            -5.812873004784404e-08
        ],
        [
            1.3193992553596843e-07,
            3.203240940986843e-05,
            1.375839698059782e-07,
            7.501319264155139e-08,
            -9.637563276774923e-06,
            4.643962117389831e-08,
            -2.4240112167504067e-08,
            -7.380738672721281e-09
        ],
        [
            4.74339212765946e-06,
            1.3758396980597847e-07,
            5.2559177788192726e-05,
            -9.205482891268307e-06,
            2.526944140042074e-07,
            -7.906476200093479e-08,
            -2.1641728663908004e-07,
            5.076060117108908e-07
        ],
        [
            -1.9414484773641845e-06,
            7.501319264155156e-08,
            -9.205482891268309e-06,
            4.0796575935121047e-05,
            -1.284378509294247e-07,
            -1.247773420964856e-06,
            7.686821474165232e-07,
            -7.181833406126753e-08
        ],
        [
            -6.686739169548924e-08,
            -9.637563276774923e-06,
            2.5269441400420773e-07,
            -1.2843785092942473e-07,
            4.193329013126991e-05,
            2.2910369082556696e-07,
            -9.958056096169879e-07,
            -5.546097464236516e-07
        ],
        [
            -2.9177022684163274e-07,
            4.643962117389827e-08,
            -7.906476200093201e-08,
            -1.2477734209648494e-06,
            2.2910369082556667e-07,
            6.166593801620776e-05,
            -3.3685033311305835e-07,
            5.727703616825357e-07
        ],
        [
            7.06928759351751e-08,
            -2.4240112167504067e-08,
            -2.1641728663908004e-07,
            7.68682147416523e-07,
            -9.958056096169879e-07,
            -3.368503331130582e-07,
            6.760551728667687e-05,
            -8.222278952793866e-06
        ],
        [
            -5.812873004784404e-08,
            -7.38073867272128e-09,
            5.076060117108909e-07,
            -7.181833406126752e-08,
            -5.546097464236516e-07,
            5.727703616825355e-07,
            -8.222278952793866e-06,
            6.111285701869765e-05
        ]
    ]
}