{
    "bin_index": "bin10",
    "valid": true,
    "converged": true,
    "fmin": 9999.999999984806,
    "status": 0,
    "parameters": {
        "rFL_bin10": {
            "value": -0.3269985706185625,
            "error": 0.010831885521040002,
            "error_low": -0.01084676728499459,
            "error_up": 0.010817003757085414,
            "error_source": "minos (custom)"
        },
        "rS3_bin10": {
            "value": -0.8140712082523769,
            "error": 0.035218516100116906,
            "error_low": -0.03408213721142258,
            "error_up": 0.03635489498881124,
            "error_source": "minos (custom)"
        },
        "rS9_bin10": {
            "value": 0.0050546138365009305,
            "error": 0.03205096422072533,
            "error_low": -0.032054725927334216,
            "error_up": 0.03204720251411645,
            "error_source": "minos (custom)"
        },
        "rAFB_bin10": {
            "value": -0.01875853160089439,
            "error": 0.015481539683240678,
            "error_low": -0.015498873117067848,
            "error_up": 0.015464206249413508,
            "error_source": "minos (custom)"
        },
        "rS4_bin10": {
            "value": -3.3652024281125583,
            "error": 1.4150030509950122,
            "error_low": -1.6347975718874417,
            "error_up": 1.1952085301025825,
            "error_source": "minos (custom)"
        },
        "rS7_bin10": {
            "value": -0.05722027745643793,
            "error": 0.5562218908300108,
            "error_low": -0.2757038456609887,
            "error_up": 0.836739935999033,
            "error_source": "minos (custom)"
        },
        "rS5_bin10": {
            "value": 0.02625585724414674,
            "error": 0.02382795244272061,
            "error_low": -0.02379840631480143,
            "error_up": 0.023857498570639787,
            "error_source": "minos (custom)"
        },
        "rS8_bin10": {
            "value": -0.003410268660294449,
            "error": 0.06053741481506615,
            "error_low": -0.060536829992563754,
            "error_up": 0.06053799963756855,
            "error_source": "minos (custom)"
        }
    },
    "covariance": [
        [
            0.00011776625723803855,
            -4.027588933108317e-05,
            1.403726377756368e-08,
            -1.2172107590628549e-06,
            0.006219455432447387,
            0.00034295872040479477,
            -6.396012792063162e-07,
            1.1682503025383767e-06
        ],
        [
            -4.027588933108317e-05,
            0.001598414127887755,
            6.419934613522427e-06,
            2.207961792063227e-05,
            -0.09000582477054292,
            -0.005162378452409685,
            -2.9149770091141065e-05,
            -5.280446888476173e-06
        ],
        [
            1.403726377756368e-08,
            6.419934613522427e-06,
            0.0010293494810076059,
            -1.0181552415339175e-07,
            -0.00032140246717543574,
            3.7191726754964324e-05,
            -8.543367840609405e-06,
            -0.00024837303643895724
        ],
        [
            -1.2172107590628549e-06,
            2.207961792063227e-05,
            -1.0181552415339175e-07,
            0.00024027263199327619,
            -0.001069425684905643,
            -5.817500324772601e-05,
            -9.752507534006763e-05,
            -5.328389075483289e-07
        ],
        [
            0.006219455432447387,
            -0.09000582477054292,
            -0.00032140246717543574,
            -0.001069425684905643,
            23.524975838358767,
            1.3254554196766524,
            0.0013720921681473737,
            0.0040352473873169065
        ],
        [
            0.00034295872040479477,
            -0.005162378452409685,
            3.7191726754964324e-05,
            -5.817500324772601e-05,
            1.3254554196766524,
            0.10928268572051518,
            9.881919002064545e-05,
            0.00017215180927066865
        ],
        [
            -6.396012792063162e-07,
            -2.9149770091141065e-05,
            -8.543367840609405e-06,
            -9.752507534006763e-05,
            0.0013720921681473737,
            9.881919002064545e-05,
            0.0005690552513228972,
            -2.692234963316161e-05
        ],
        [
            1.1682503025383767e-06,
            -5.280446888476173e-06,
            -0.00024837303643895724,
            -5.328389075483289e-07,
            0.0040352473873169065,
            0.00017215180927066865,
            -2.692234963316161e-05,
            0.00366388668904698
        ]
    ]
}