{
    "bin_index": "bin4",
    "valid": true,
    "converged": true,
    "fmin": 9999.999999923515,
    "status": 0,
    "parameters": {
        "rFL_bin4": {
            "value": 0.23481393807930648,
            "error": 0.011868623582229594,
            "error_low": -0.011855569286052721,
            "error_up": 0.011881677878406468,
            "error_source": "minos (custom)"
        },
        "rS3_bin4": {
            "value": -0.1672337316988503,
            "error": 0.04160768021274728,
            "error_low": -0.04183127951190249,
            "error_up": 0.04138408091359207,
            "error_source": "minos (custom)"
        },
        "rS9_bin4": {
            "value": -0.011937486579437905,
            "error": 0.040949074795242985,
            "error_low": -0.04096341790829277,
            "error_up": 0.04093473168219321,
            "error_source": "minos (custom)"
        },
        "rAFB_bin4": {
            "value": -0.00018321870823743112,
            "error": 0.01887959892512425,
            "error_low": -0.018881364946475174,
            "error_up": 0.018877832903773324,
            "error_source": "minos (custom)"
        },
        "rS4_bin4": {
            "value": -1.6425644803229817,
            "error": 0.293024691554389,
            "error_low": -0.3714099585381599,
            "error_up": 0.21463942457061805,
            "error_source": "minos (custom)"
        },
        "rS7_bin4": {
            "value": 0.06682107360398276,
            "error": 0.05121129771549866,
            "error_low": -0.045531344638061785,
            "error_up": 0.05689125079293555,
            "error_source": "minos (custom)"
        },
        "rS5_bin4": {
            "value": -0.00889655680697791,
            "error": 0.019167226599179042,
            "error_low": -0.019170862235274477,
            "error_up": 0.019163590963083604,
            "error_source": "minos (custom)"
        },
        "rS8_bin4": {
            "value": -0.00973250576222808,
            "error": 0.04033551963816982,
            "error_low": -0.040355097156012695,
            "error_up": 0.04031594212032695,
            "error_source": "minos (custom)"
        }
    },
    "covariance": [
        [
            0.00014126040485341955,
            -7.010351128150565e-06,
            2.7748475330566293e-06,
            -1.724386895472164e-07,
            -9.129554927304558e-06,
            8.867228563641624e-07,
            -2.608184352618649e-06,
            -1.0522006817100841e-06
        ],
        [
            -7.010351128150565e-06,
            0.0017350239464124012,
            2.756691037087174e-05,
            4.2830898375393635e-06,
            -0.0058643226962475275,
            0.0003810584400391841,
            5.15377667697802e-06,
            9.505826623416731e-06
        ],
        [
            2.7748475330566293e-06,
            2.756691037087174e-05,
            0.001680055729160272,
            6.306866422858665e-06,
            -7.971638668779655e-05,
            2.088358445458963e-05,
            3.898515538399177e-06,
            -0.0001635751780470099
        ],
        [
            -1.724386895472164e-07,
            4.2830898375393635e-06,
            6.306866422858665e-06,
            0.00035739639066523145,
            1.7800156887839155e-05,
            -1.721435071098676e-06,
            -6.685446779266988e-05,
            2.7286608423864857e-06
        ],
        [
            -9.129554927304558e-06,
            -0.0058643226962475275,
            -7.971638668779655e-05,
            1.7800156887839155e-05,
            0.07047211967700445,
            -0.004363105594270624,
            6.290805121775539e-06,
            2.1638719290110135e-05
        ],
        [
            8.867228563641624e-07,
            0.0003810584400391841,
            2.088358445458963e-05,
            -1.721435071098676e-06,
            -0.004363105594270624,
            0.0023350680198549415,
            4.563857974115977e-06,
            -2.075314361494854e-05
        ],
        [
            -2.608184352618649e-06,
            5.15377667697802e-06,
            3.898515538399177e-06,
            -6.685446779266988e-05,
            6.290805121775539e-06,
            4.563857974115977e-06,
            0.0003682352731929101,
            5.284354507540994e-06
        ],
        [
            -1.0522006817100841e-06,
            9.505826623416731e-06,
            -0.0001635751780470099,
            2.7286608423864857e-06,
            2.1638719290110135e-05,
            -2.075314361494854e-05,
            5.284354507540994e-06,
            0.0016287872313605438
        ]
    ]
}