{
    "bin_index": "bin4",
    "valid": true,
    "converged": true,
    "fmin": 9999.999999923515,
    "status": 0,
    "parameters": {
        "FL": {
            "value": 0.6152956758876673,
            "error": 0.0056266661774151796,
            "error_low": -0.0056266661774151796,
            "error_up": 0.0056266661774151796,
            "error_source": "delta_method"
        },
        "AFB": {
            "value": -5.212935057369476e-05,
            "error": 0.005378824228400232,
            "error_low": -0.005378824228400232,
            "error_up": 0.005378824228400232,
            "error_source": "delta_method"
        },
        "S3": {
            "value": -0.031871207052042716,
            "error": 0.0077995377241423134,
            "error_low": -0.0077995377241423134,
            "error_up": 0.0077995377241423134,
            "error_source": "delta_method"
        },
        "S4": {
            "value": -0.24368897574458498,
            "error": 0.008294092733687081,
            "error_low": -0.008294092733687081,
            "error_up": 0.008294092733687081,
            "error_source": "delta_method"
        },
        "S5": {
            "value": -0.003953476647560539,
            "error": 0.008526820485704726,
            "error_low": -0.008526820485704726,
            "error_up": 0.008526820485704726,
            "error_source": "delta_method"
        },
        "S7": {
            "value": 0.013073058300516313,
            "error": 0.008864899089317707,
            "error_low": -0.008864899089317707,
            "error_up": 0.008864899089317707,
            "error_source": "delta_method"
        },
        "S8": {
            "value": -0.002162382183811764,
            "error": 0.008966128775184828,
            "error_low": -0.008966128775184828,
            "error_up": 0.008966128775184828,
            "error_source": "delta_method"
        },
        "S9": {
            "value": -0.0022643546821332346,
            "error": 0.007774159682100037,
            "error_low": -0.007774159682100037,
            "error_up": 0.007774159682100037,
            "error_source": "delta_method"
        }
    },
    "covariance": [
        [
            3.1659372272067945e-05,
            -1.8908882134261134e-08,
            2.0019998693451116e-06,
            3.2625457478212176e-06,
            -4.800600922227635e-07,
            -1.5403730594091566e-07,
            -7.311541872056367e-08,
            4.367464246756062e-07
        ],
        [
            -1.8908882134261134e-08,
            2.8931750080025348e-05,
            2.2351228266332054e-07,
            3.069628023961799e-07,
            -8.455249327361684e-06,
            -4.0574135170845695e-08,
            1.7130044023172745e-07,
            3.3957029249334393e-07
        ],
        [
            2.001999869345111e-06,
            2.2351228266332051e-07,
            6.083278871031906e-05,
            -6.896850312023927e-06,
            -3.6045293513755035e-07,
            -1.1805884156640181e-06,
            -2.0727922740558557e-08,
            8.888587156407585e-07
        ],
        [
            3.2625457478212172e-06,
            3.0696280239617985e-07,
            -6.896850312023926e-06,
            6.879197427500083e-05,
            3.643923606905001e-07,
            6.528018093056298e-07,
            4.289329763220193e-07,
            4.2164016736725956e-08
        ],
        [
            -4.800600922227635e-07,
            -8.455249327361682e-06,
            -3.6045293513755046e-07,
            3.643923606905e-07,
            7.270666759543377e-05,
            4.345830425778224e-07,
            5.151108302730517e-07,
            3.148163752126455e-07
        ],
        [
            -1.5403730594091566e-07,
            -4.057413517084571e-08,
            -1.1805884156640204e-06,
            6.528018093056304e-07,
            4.345830425778224e-07,
            7.85864358637859e-05,
            -8.441780833178228e-07,
            5.605640520532827e-07
        ],
        [
            -7.311541872056366e-08,
            1.7130044023172745e-07,
            -2.072792274055857e-08,
            4.289329763220193e-07,
            5.151108302730516e-07,
            -8.441780833178227e-07,
            8.039146521319737e-05,
            -6.89942155586084e-06
        ],
        [
            4.3674642467560617e-07,
            3.39570292493344e-07,
            8.888587156407583e-07,
            4.2164016736725975e-08,
            3.1481637521264544e-07,
            5.605640520532827e-07,
            -6.899421555860841e-06,
            6.0437558762789745e-05
        ]
    ]
}