{
    "bin_index": "bin10",
    "valid": true,
    "converged": true,
    "fmin": 9405.569692837778,
    "status": 0,
    "parameters": {
        "rFL_bin10_reco": {
            "value": -0.37547537673833103,
            "error": 0.016869368855009094,
            "error_low": -0.017128131971592093,
            "error_up": 0.016610605738426095,
            "error_source": "minos (custom)"
        },
        "rS3_bin10_reco": {
            "value": -0.6043980455651985,
            "error": 0.04738978589440718,
            "error_low": -0.047215179129841335,
            "error_up": 0.04756439265897302,
            "error_source": "minos (custom)"
        },
        "rS9_bin10_reco": {
            "value": -0.012476109851618272,
            "error": 0.041169348334745705,
            "error_low": -0.040888397661832145,
            "error_up": 0.041450299007659265,
            "error_source": "minos (custom)"
        },
        "rAFB_bin10_reco": {
            "value": 0.02695170257937981,
            "error": 0.01989917211534687,
            "error_low": -0.02004051656188135,
            "error_up": 0.019757827668812396,
            "error_source": "minos (custom)"
        },
        "rS4_bin10_reco": {
            "value": -1.0009420351707323,
            "error": 0.09414698848416697,
            "error_low": -0.10291081114998948,
            "error_up": 0.08538316581834447,
            "error_source": "minos (custom)"
        },
        "rS7_bin10_reco": {
            "value": -0.011636225375598011,
            "error": 0.031733974766789776,
            "error_low": -0.0321207960872203,
            "error_up": 0.03134715344635925,
            "error_source": "minos (custom)"
        },
        "rS5_bin10_reco": {
            "value": -0.0812868987439603,
            "error": 0.03323225861271811,
            "error_low": -0.032442526923984596,
            "error_up": 0.03402199030145163,
            "error_source": "minos (custom)"
        },
        "rS8_bin10_reco": {
            "value": -0.11773612627911441,
            "error": 0.07873409810450001,
            "error_low": -0.07804944674160826,
            "error_up": 0.07941874946739176,
            "error_source": "minos (custom)"
        }
    },
    "covariance": [
        [
            0.000284705384917329,
            -5.605781629489063e-05,
            3.0198496007689667e-07,
            6.841678693964678e-07,
            0.00013639634004220048,
            -5.412876714299852e-06,
            -1.6853800984030456e-06,
            -3.0941112634731785e-06
        ],
        [
            -5.605781629489063e-05,
            0.002248059689836136,
            -1.1102274744252713e-05,
            -3.462090784297043e-05,
            -0.0014216836500300673,
            -1.183660215458854e-05,
            9.024668033009427e-05,
            0.0002584965264790236
        ],
        [
            3.0198496007689667e-07,
            -1.1102274744252713e-05,
            0.001696036610496931,
            1.1060455390524978e-05,
            2.3657281978450373e-05,
            -1.691520831056076e-05,
            1.0728152439531204e-05,
            -0.00025562609726092735
        ],
        [
            6.841678693964678e-07,
            -3.462090784297043e-05,
            1.1060455390524978e-05,
            0.00039653821764290125,
            -1.1915434224546268e-05,
            -5.886733417700182e-06,
            -0.0001040175075194107,
            -6.629768834684704e-06
        ],
        [
            0.00013639634004220048,
            -0.0014216836500300673,
            2.3657281978450373e-05,
            -1.1915434224546268e-05,
            0.008650671609463138,
            0.000101826625937227,
            -0.0001559061369038559,
            -0.000350686850220539
        ],
        [
            -5.412876714299852e-06,
            -1.183660215458854e-05,
            -1.691520831056076e-05,
            -5.886733417700182e-06,
            0.000101826625937227,
            0.0009985191005917543,
            -7.87274640698288e-06,
            4.733927645779736e-07
        ],
        [
            -1.6853800984030456e-06,
            9.024668033009427e-05,
            1.0728152439531204e-05,
            -0.0001040175075194107,
            -0.0001559061369038559,
            -7.87274640698288e-06,
            0.0011060785519803433,
            5.017225017543058e-05
        ],
        [
            -3.0941112634731785e-06,
            0.0002584965264790236,
            -0.00025562609726092735,
            -6.629768834684704e-06,
            -0.000350686850220539,
            4.733927645779736e-07,
            5.017225017543058e-05,
            0.006188237721656643
        ]
    ]
}