{
    "bin_index": "bin10",
    "valid": true,
    "converged": true,
    "fmin": 8390.225792001242,
    "status": 0,
    "parameters": {
        "FL_bin10": {
            "value": 0.34203320990655434,
            "error": 0.004880077256413132,
            "error_low": -0.004816553435687077,
            "error_up": 0.004943601077139187,
            "error_source": "minos (custom)"
        },
        "S3_bin10": {
            "value": -0.22105699945093807,
            "error": 0.007254241295394552,
            "error_low": -0.007161050430264541,
            "error_up": 0.007347432160524564,
            "error_source": "minos (custom)"
        },
        "S9_bin10": {
            "value": 0.00124240389200257,
            "error": 0.007808682631132361,
            "error_low": -0.007820363893565321,
            "error_up": 0.007797001368699401,
            "error_source": "minos (custom)"
        },
        "AFB_bin10": {
            "value": -0.006760661047788671,
            "error": 0.005653581398103865,
            "error_low": -0.005747671026330858,
            "error_up": 0.005559491769876873,
            "error_source": "minos (custom)"
        },
        "S4_bin10": {
            "value": -0.30586314621466487,
            "error": 0.006432917448674945,
            "error_low": -0.006478762268143658,
            "error_up": 0.006387072629206232,
            "error_source": "minos (custom)"
        },
        "S7_bin10": {
            "value": -0.002416191338150438,
            "error": 0.007843160325265702,
            "error_low": -0.007847058031523035,
            "error_up": 0.00783926261900837,
            "error_source": "minos (custom)"
        },
        "S5_bin10": {
            "value": 0.007113155052913566,
            "error": 0.006468725517641568,
            "error_low": -0.006449034250519439,
            "error_up": 0.006488416784763698,
            "error_source": "minos (custom)"
        },
        "S8_bin10": {
            "value": -0.0004792872112833626,
            "error": 0.008213087103836711,
            "error_low": -0.008196614958923378,
            "error_up": 0.008229559248750046,
            "error_source": "minos (custom)"
        }
    },
    "covariance": [
        [
            2.3867452958186987e-05,
            4.707158843087488e-06,
            -6.388340553909598e-08,
            1.238881762915085e-07,
            -1.871923235411774e-06,
            -2.6340524505551693e-07,
            -6.499346125765277e-08,
            7.255838281106086e-08
        ],
        [
            4.707158843087488e-06,
            5.274262786288048e-05,
            5.274372328884949e-07,
            1.4016784661258774e-07,
            -9.546018194081609e-06,
            -2.293617957905139e-07,
            2.605239622100445e-07,
            -2.2109924922297578e-07
        ],
        [
            -6.388340553909598e-08,
            5.274372328884949e-07,
            6.111925428963606e-05,
            -6.9242477093774646e-09,
            -7.682658454922994e-08,
            5.717116088692755e-07,
            -5.543834655176104e-07,
            -8.21612894243353e-06
        ],
        [
            1.238881762915085e-07,
            1.4016784661258774e-07,
            -6.9242477093774646e-09,
            3.2039877631167124e-05,
            8.589166694517372e-08,
            4.6236185572264407e-08,
            -9.628529105371748e-06,
            -2.3578099150803082e-08
        ],
        [
            -1.871923235411774e-06,
            -9.546018194081609e-06,
            -7.682658454922994e-08,
            8.589166694517372e-08,
            4.1489735896302813e-05,
            -9.607978928913884e-07,
            -1.097800860311308e-07,
            7.84332464594813e-07
        ],
        [
            -2.6340524505551693e-07,
            -2.293617957905139e-07,
            5.717116088692755e-07,
            4.6236185572264407e-08,
            -9.607978928913884e-07,
            6.165587868551304e-05,
            2.272788672553918e-07,
            -3.2050262400410174e-07
        ],
        [
            -6.499346125765277e-08,
            2.605239622100445e-07,
            -5.543834655176104e-07,
            -9.628529105371748e-06,
            -1.097800860311308e-07,
            2.272788672553918e-07,
            4.194326076633619e-05,
            -9.953350546988654e-07
        ],
        [
            7.255838281106086e-08,
            -2.2109924922297578e-07,
            -8.21612894243353e-06,
            -2.3578099150803082e-08,
            7.84332464594813e-07,
            -3.2050262400410174e-07,
            -9.953350546988654e-07,
            6.761968230053594e-05
        ]
    ]
}