{
    "bin_index": "bin10",
    "valid": true,
    "converged": true,
    "fmin": 9687.003207905196,
    "status": 0,
    "parameters": {
        "FL_bin10": {
            "value": 0.3464895287458425,
            "error": 0.011813503055243304,
            "error_low": -0.011616326126128427,
            "error_up": 0.012010679984358182,
            "error_source": "minos (custom)"
        },
        "S3_bin10": {
            "value": -0.25792183748258296,
            "error": 0.016283102610185396,
            "error_low": -0.0158704002502706,
            "error_up": 0.01669580497010019,
            "error_source": "minos (custom)"
        },
        "S9_bin10": {
            "value": -0.0372747992652783,
            "error": 0.018647761211961506,
            "error_low": -0.01863005446637823,
            "error_up": 0.01866546795754478,
            "error_source": "minos (custom)"
        },
        "AFB_bin10": {
            "value": 0.0009021863624570629,
            "error": 0.013679318403233894,
            "error_low": -0.013668846660904663,
            "error_up": 0.013689790145563126,
            "error_source": "minos (custom)"
        },
        "S4_bin10": {
            "value": -0.316874472562679,
            "error": 0.014275528474295439,
            "error_low": -0.013978779193358297,
            "error_up": 0.01457227775523258,
            "error_source": "minos (custom)"
        },
        "S7_bin10": {
            "value": 0.024541204593281036,
            "error": 0.019348261366792262,
            "error_low": -0.019302509966764216,
            "error_up": 0.019394012766820307,
            "error_source": "minos (custom)"
        },
        "S5_bin10": {
            "value": -0.0054100575050912095,
            "error": 0.01491305815290356,
            "error_low": -0.015038125418201148,
            "error_up": 0.01478799088760597,
            "error_source": "minos (custom)"
        },
        "S8_bin10": {
            "value": 0.035343242069199005,
            "error": 0.020177332241346428,
            "error_low": -0.020330578438624066,
            "error_up": 0.020024086044068787,
            "error_source": "minos (custom)"
        }
    },
    "covariance": [
        [
            0.00013990133315741425,
            3.325764031417373e-05,
            2.6062320065462007e-06,
            -8.351042227570782e-07,
            -1.9211302505397786e-05,
            1.678336365803975e-06,
            -8.954481028941712e-06,
            -2.6315368201295493e-06
        ],
        [
            3.325764031417373e-05,
            0.00026612250261041144,
            -9.219785832120212e-06,
            -4.6621301166347366e-07,
            -5.220917243975694e-05,
            3.1439500727041673e-06,
            6.468158997856382e-06,
            5.160259005550985e-06
        ],
        [
            2.6062320065462007e-06,
            -9.219785832120212e-06,
            0.0003488719825419326,
            2.056609707643508e-06,
            6.296736700593283e-06,
            3.549870246630217e-06,
            1.3213640243288787e-05,
            -4.696793180167511e-05
        ],
        [
            -8.351042227570782e-07,
            -4.6621301166347366e-07,
            2.056609707643508e-06,
            0.00018770436265329004,
            5.459238464951611e-06,
            5.799548773069899e-06,
            -5.90456191916335e-05,
            1.2500953845053337e-05
        ],
        [
            -1.9211302505397786e-05,
            -5.220917243975694e-05,
            6.296736700593283e-06,
            5.459238464951611e-06,
            0.00020557150586759666,
            2.4122353484880134e-05,
            -2.8895752960899007e-06,
            -7.466660869055496e-06
        ],
        [
            1.678336365803975e-06,
            3.1439500727041673e-06,
            3.549870246630217e-06,
            5.799548773069899e-06,
            2.4122353484880134e-05,
            0.0003753931588093657,
            -7.15440126336299e-06,
            -1.4964925972117452e-05
        ],
        [
            -8.954481028941712e-06,
            6.468158997856382e-06,
            1.3213640243288787e-05,
            -5.90456191916335e-05,
            -2.8895752960899007e-06,
            -7.15440126336299e-06,
            0.00022301522571597775,
            2.203864932208315e-05
        ],
        [
            -2.6315368201295493e-06,
            5.160259005550985e-06,
            -4.696793180167511e-05,
            1.2500953845053337e-05,
            -7.466660869055496e-06,
            -1.4964925972117452e-05,
            2.203864932208315e-05,
            0.0004085077616106817
        ]
    ]
}