{
    "bin_index": "bin5",
    "valid": true,
    "converged": true,
    "fmin": 9999.999999926655,
    "status": 0,
    "parameters": {
        "rFL_bin5": {
            "value": 0.16448378827606547,
            "error": 0.01122201551198877,
            "error_low": -0.011214263870448568,
            "error_up": 0.011229767153528972,
            "error_source": "minos (custom)"
        },
        "rS3_bin5": {
            "value": -0.04674181560759649,
            "error": 0.03664028950721851,
            "error_low": -0.03670293029848554,
            "error_up": 0.03657764871595148,
            "error_source": "minos (custom)"
        },
        "rr1_bin5": {
            "value": -1.8248185578125842,
            "error": 0.5910064852406398,
            "error_low": -0.7218751524216991,
            "error_up": 0.4601378180595805,
            "error_source": "minos (custom)"
        },
        "a1_bin5": {
            "value": -1.2554312223724367,
            "error": 0.7901056185811974,
            "error_low": -0.7901056185811974,
            "error_up": 0.7901056185811974,
            "error_source": "minos (custom)"
        },
        "rr2_bin5": {
            "value": 2.0239238158640305,
            "error": 0.8619675798105664,
            "error_low": -0.6003573113577345,
            "error_up": 1.1235778482633982,
            "error_source": "minos (custom)"
        },
        "a2_bin5": {
            "value": 3.128979601887046,
            "error": 0.01703005978637975,
            "error_low": -0.01705080027671298,
            "error_up": 0.01700931929604652,
            "error_source": "minos (custom)"
        },
        "rr3_bin5": {
            "value": -1.7785862458392856,
            "error": 1.2116770997342616,
            "error_low": -1.99968756718401,
            "error_up": 0.4236666322845135,
            "error_source": "minos (custom)"
        },
        "a3_bin5": {
            "value": -1.0865745763007197,
            "error": 1.4113619562832984,
            "error_low": -0.7407006341857382,
            "error_up": 2.0820232783808588,
            "error_source": "minos (custom)"
        }
    },
    "covariance": [
        [
            0.00012628834893699476,
            -1.1607964270421556e-06,
            6.211252156247087e-05,
            -6.547417619115168e-05,
            0.00022466197194744228,
            -8.055419623153716e-07,
            -4.0964433166177626e-05,
            1.4474983093859892e-05
        ],
        [
            -1.1607964270421556e-06,
            0.001346077369095882,
            -0.00024713277653394197,
            9.1415839603151e-05,
            0.022105757768498,
            1.7870111995662954e-06,
            -0.00041768662211022256,
            0.00011256659196866759
        ],
        [
            6.211252156247087e-05,
            -0.00024713277653394197,
            0.5095282384345404,
            -0.24707911711565644,
            -0.009655928948906429,
            9.508902196088214e-05,
            -0.04566464879609755,
            0.03232531945275339
        ],
        [
            -6.547417619115168e-05,
            9.1415839603151e-05,
            -0.24707911711565644,
            0.6107777825563007,
            -0.005107255227932823,
            2.5308385005770736e-05,
            0.008919682575659728,
            -0.08093148663631129
        ],
        [
            0.00022466197194744228,
            0.022105757768498,
            -0.009655928948906429,
            -0.005107255227932823,
            1.2704351073982763,
            0.0006044674343124017,
            -0.017948947552949717,
            0.011969674898799458
        ],
        [
            -8.055419623153716e-07,
            1.7870111995662954e-06,
            9.508902196088214e-05,
            2.5308385005770736e-05,
            0.0006044674343124017,
            0.0002905638584616518,
            6.628082327769505e-05,
            6.399706539138468e-05
        ],
        [
            -4.0964433166177626e-05,
            -0.00041768662211022256,
            -0.04566464879609755,
            0.008919682575659728,
            -0.017948947552949717,
            6.628082327769505e-05,
            0.37622768925421046,
            -0.2901388388017683
        ],
        [
            1.4474983093859892e-05,
            0.00011256659196866759,
            0.03232531945275339,
            -0.08093148663631129,
            0.011969674898799458,
            6.399706539138468e-05,
            -0.2901388388017683,
            0.6808429230490165
        ]
    ]
}