{
    "bin_index": "bin5",
    "valid": true,
    "converged": true,
    "fmin": 9999.999999926655,
    "status": 0,
    "parameters": {
        "FL": {
            "value": 0.5815081511294887,
            "error": 0.005469585915527985,
            "error_low": -0.005469585915527985,
            "error_up": 0.005469585915527985,
            "error_source": "delta_method"
        },
        "AFB": {
            "value": 0.0024643362943960827,
            "error": 0.005355103942190832,
            "error_low": -0.005355103942190832,
            "error_up": 0.005355103942190832,
            "error_source": "delta_method"
        },
        "S3": {
            "value": -0.00977341780738756,
            "error": 0.007660965503162075,
            "error_low": -0.007660965503162075,
            "error_up": 0.007660965503162075,
            "error_source": "delta_method"
        },
        "S4": {
            "value": -0.2480003455872693,
            "error": 0.0081510048666344,
            "error_low": -0.0081510048666344,
            "error_up": 0.0081510048666344,
            "error_source": "delta_method"
        },
        "S5": {
            "value": 0.0062172689740650966,
            "error": 0.008196493249577979,
            "error_low": -0.008196493249577979,
            "error_up": 0.008196493249577979,
            "error_source": "delta_method"
        },
        "S7": {
            "value": 0.006256414141610821,
            "error": 0.008449942907150695,
            "error_low": -0.008449942907150695,
            "error_up": 0.008449942907150695,
            "error_source": "delta_method"
        },
        "S8": {
            "value": -0.005910078557990199,
            "error": 0.00877398016443413,
            "error_low": -0.00877398016443413,
            "error_up": 0.00877398016443413,
            "error_source": "delta_method"
        },
        "S9": {
            "value": -0.005035628909360183,
            "error": 0.0076621037632743205,
            "error_low": -0.0076621037632743205,
            "error_up": 0.0076621037632743205,
            "error_source": "delta_method"
        }
    },
    "covariance": [
        [
            2.991637008734211e-05,
            -2.717148000816595e-07,
            5.807032786205068e-07,
            1.4887023601568357e-06,
            -2.2190472391021332e-07,
            1.5694059904395874e-07,
            3.120017644131885e-07,
            1.1008199281212823e-08
        ],
        [
            -2.717148000816596e-07,
            2.867713823166779e-05,
            -7.699987018795425e-08,
            6.423750375588825e-07,
            -7.227855461031257e-06,
            -3.3888831872529136e-07,
            3.2870900218580003e-07,
            -7.8010703075803e-08
        ],
        [
            5.807032786205067e-07,
            -7.699987018795422e-08,
            5.869039244063935e-05,
            -6.038594473093422e-06,
            1.3301864068850057e-07,
            -2.821124526237698e-08,
            2.1305483978734126e-07,
            4.705866831153373e-07
        ],
        [
            1.4887023601568357e-06,
            6.423750375588825e-07,
            -6.03859447309342e-06,
            6.643888033589766e-05,
            8.738145382791431e-08,
            1.2384873839389212e-06,
            -1.3481117999234414e-06,
            -4.322716870562201e-07
        ],
        [
            -2.2190472391021335e-07,
            -7.227855461031257e-06,
            1.3301864068850062e-07,
            8.738145382791447e-08,
            6.718250159037738e-05,
            -7.782737135671436e-07,
            1.2667220487339689e-06,
            2.803857393514487e-07
        ],
        [
            1.5694059904395876e-07,
            -3.3888831872529136e-07,
            -2.8211245262377117e-08,
            1.2384873839389205e-06,
            -7.782737135671436e-07,
            7.140153513410634e-05,
            3.163212537357385e-07,
            4.5586682396033994e-07
        ],
        [
            3.120017644131886e-07,
            3.2870900218579897e-07,
            2.130548397873413e-07,
            -1.3481117999234417e-06,
            1.266722048733952e-06,
            3.163212537357384e-07,
            7.698272792588357e-05,
            -6.724686459345302e-06
        ],
        [
            1.1008199281212886e-08,
            -7.801070307580045e-08,
            4.7058668311533727e-07,
            -4.3227168705622014e-07,
            2.803857393514483e-07,
            4.5586682396034005e-07,
            -6.724686459345302e-06,
            5.8707834079182504e-05
        ]
    ]
}