{
  "nx": 4,
  "ny": 4,
  "coef": [
    -0.007796602155474418,
    0.028165215123852314,
    -0.023107575665149604,
    0.020188432831795552,
    -0.011035811173572803,
    0.05060623384180117,
    -0.032507443969047804,
    0.06967422216662274,
    0.0008370112996388527,
    0.04699765571140923,
    0.016230821510457853,
    0.13650558673829483,
    -0.03132235815866773,
    0.09223426188925339,
    0.02527848002491271,
    0.033858111380020234,
    -0.007865732788045674,
    0.05464058134598054,
    -0.00585433592103585,
    0.04233262492349219,
    0.003440687175267596,
    0.0025515976422281596,
    -0.00015449989516866182,
    0.00911941407195795,
    -0.007541058479091496
  ],
  "x_range": [
    -1.0,
    1.0
  ],
  "y_range": [
    -1.0,
    1.0
  ]
}