{
  "n": 4,
  "coef": [
    0.024189010642217408,
    0.023089681146712095,
    0.02133816591908446,
    0.022363596039248274,
    0.023455673178246806
  ],
  "range": [
    -3.141592653589793,
    3.141592653589793
  ]
}