{
  "nx": 4,
  "ny": 4,
  "coef": [
    0.22759301537454424,
    0.427085780620347,
    -0.15125838952377157,
    0.5330432615011095,
    -0.047888071159631763,
    0.11122159593116233,
    -0.2465030606891755,
    0.8260972203875347,
    -0.17811982407315935,
    0.036270009770247996,
    0.08753047851588643,
    0.39414364268868296,
    -0.46117765592461446,
    0.3928854632393713,
    0.016825448651769073,
    0.11771825342116593,
    -0.19950775080506875,
    0.7362196841657376,
    -0.007796044619699443,
    -0.056044973984601086,
    0.2238981409841241,
    0.3113912363752252,
    0.03903528100170003,
    0.33879469423943026,
    0.04587520772543897
  ],
  "x_range": [
    -1.0,
    1.0
  ],
  "y_range": [
    -1.0,
    1.0
  ]
}