{
  "n": 4,
  "coef": [
    0.12595423861576627,
    0.12164494924457052,
    0.14813005967786266,
    0.09953018714746012,
    0.13413720221005368
  ],
  "range": [
    -3.141592653589793,
    3.141592653589793
  ]
}