{
    "bin_index": "bin5",
    "valid": true,
    "converged": true,
    "fmin": 13582.713361078242,
    "status": "Optimization terminated successfully",
    "parameters": {
        "FL": {
            "value": 0.5314223923314149,
            "error": 0.010880019431426033,
            "error_low": -0.010880019431426033,
            "error_up": 0.010880019431426033,
            "error_source": "hessian"
        },
        "S3": {
            "value": -0.04481789110909346,
            "error": 0.01377071301421548,
            "error_low": -0.01377071301421548,
            "error_up": 0.01377071301421548,
            "error_source": "hessian"
        },
        "S9": {
            "value": 0.011720740771106098,
            "error": 0.013726666505348062,
            "error_low": -0.013726666505348062,
            "error_up": 0.013726666505348062,
            "error_source": "hessian"
        },
        "AFB": {
            "value": -0.006745852517127005,
            "error": 0.01074807967553209,
            "error_low": -0.01074807967553209,
            "error_up": 0.01074807967553209,
            "error_source": "hessian"
        },
        "S4": {
            "value": -0.2723062014845591,
            "error": 0.01580231195691969,
            "error_low": -0.01580231195691969,
            "error_up": 0.01580231195691969,
            "error_source": "hessian"
        },
        "S7": {
            "value": -0.006665269505926994,
            "error": 0.01632950689140267,
            "error_low": -0.01632950689140267,
            "error_up": 0.01632950689140267,
            "error_source": "hessian"
        },
        "S5": {
            "value": 0.03018446845184476,
            "error": 0.015206763621279927,
            "error_low": -0.015206763621279927,
            "error_up": 0.015206763621279927,
            "error_source": "hessian"
        },
        "S8": {
            "value": -0.01039570287833586,
            "error": 0.01709538073085488,
            "error_low": -0.01709538073085488,
            "error_up": 0.01709538073085488,
            "error_source": "hessian"
        }
    },
    "covariance": [
        [
            0.00011837482282820805,
            1.244197436604752e-05,
            -4.002253374528807e-06,
            -9.466879120261929e-07,
            4.204080637966862e-06,
            -1.5041353124588222e-06,
            6.443297223786026e-07,
            -2.1893975729582673e-06
        ],
        [
            1.244197436604752e-05,
            0.00018963253691988357,
            2.0837681611487054e-06,
            5.228525207613607e-07,
            -2.1312238878693483e-05,
            1.7062733482071813e-06,
            1.3097568381095263e-06,
            1.7420644950288212e-07
        ],
        [
            -4.002253374528808e-06,
            2.0837681611487054e-06,
            0.0001884213733490444,
            3.2074704405150872e-06,
            -5.60189583078437e-07,
            7.012891933870855e-06,
            -9.126923442659885e-07,
            -1.7452716766404654e-05
        ],
        [
            -9.466879120261929e-07,
            5.228525207613609e-07,
            3.2074704405150876e-06,
            0.00011552121671158597,
            4.469252812235915e-06,
            -5.478737425454748e-07,
            -2.3528023508904617e-05,
            3.5297155035653414e-06
        ],
        [
            4.20408063796686e-06,
            -2.1312238878693477e-05,
            -5.601895830784367e-07,
            4.469252812235915e-06,
            0.0002497130631838069,
            5.594757223248523e-06,
            7.316734524559337e-06,
            -1.3932194781207956e-05
        ],
        [
            -1.5041353124588222e-06,
            1.7062733482071817e-06,
            7.0128919338708546e-06,
            -5.478737425454747e-07,
            5.594757223248523e-06,
            0.0002666527953163674,
            -3.2053891203487067e-06,
            5.0710670314255205e-06
        ],
        [
            6.443297223786027e-07,
            1.3097568381095263e-06,
            -9.126923442659886e-07,
            -2.352802350890462e-05,
            7.316734524559337e-06,
            -3.2053891203487067e-06,
            0.0002312456598334826,
            5.050233613557297e-06
        ],
        [
            -2.1893975729582677e-06,
            1.7420644950288238e-07,
            -1.7452716766404654e-05,
            3.529715503565341e-06,
            -1.3932194781207957e-05,
            5.07106703142552e-06,
            5.050233613557297e-06,
            0.0002922520423328844
        ]
    ]
}