{
    "bin_index": "bin7",
    "valid": true,
    "converged": true,
    "fmin": 9545.937557199803,
    "status": 0,
    "parameters": {
        "rFL_bin7_reco": {
            "value": -0.2132491518215482,
            "error": 0.014928710906802724,
            "error_low": -0.014949081495513572,
            "error_up": 0.014908340318091877,
            "error_source": "minos (custom)"
        },
        "rS3_bin7_reco": {
            "value": -0.1197336737773337,
            "error": 0.033428135398969216,
            "error_low": -0.035730399637209274,
            "error_up": 0.03112587116072915,
            "error_source": "minos (custom)"
        },
        "rS9_bin7_reco": {
            "value": -0.03492271619771823,
            "error": 0.03768346327008114,
            "error_low": -0.04023618773006833,
            "error_up": 0.03513073881009394,
            "error_source": "minos (custom)"
        },
        "rAFB_bin7_reco": {
            "value": -0.013161107309084933,
            "error": 0.01683814156829655,
            "error_low": -0.016139252591802926,
            "error_up": 0.017537030544790173,
            "error_source": "minos (custom)"
        },
        "rS4_bin7_reco": {
            "value": -6.846654080162639,
            "error": 4.58372523122091,
            "error_low": 6.846654080162639,
            "error_up": 2.320796382279181,
            "error_source": "minos (custom)"
        },
        "rS7_bin7_reco": {
            "value": -0.5288260607859138,
            "error": 53.83613203787961,
            "error_low": -53.83613203787961,
            "error_up": 53.83613203787961,
            "error_source": "minos (custom)"
        },
        "rS5_bin7_reco": {
            "value": 0.005893163282278024,
            "error": 0.022569238106067504,
            "error_low": -0.022651992357058538,
            "error_up": 0.02248648385507647,
            "error_source": "minos (custom)"
        },
        "rS8_bin7_reco": {
            "value": 0.01146483256737766,
            "error": 0.050109364007873386,
            "error_low": -0.05222771953048166,
            "error_up": 0.04799100848526511,
            "error_source": "minos (custom)"
        }
    },
    "covariance": [
        [
            8.387818791473538e-05,
            1.574798774546208e-06,
            -2.459508473764796e-06,
            1.8282758376527383e-07,
            -0.1142987855719973,
            0.11495054661630037,
            -9.064863206014059e-07,
            1.772574007215258e-06
        ],
        [
            1.574798774546208e-06,
            0.00036579291773231417,
            -2.8270001881410433e-06,
            -2.0670448383191587e-07,
            -0.09093740920740018,
            0.0914687508177718,
            1.5231058724433314e-07,
            -1.6819621324080715e-06
        ],
        [
            -2.459508473764796e-06,
            -2.8270001881410433e-06,
            0.0004739923240873677,
            -4.70419237619658e-07,
            0.6328098361105345,
            -0.6364176864777662,
            2.104443968353852e-06,
            -2.7323758011349394e-05
        ],
        [
            1.8282758376527383e-07,
            -2.0670448383191587e-07,
            -4.70419237619658e-07,
            9.53004177196519e-05,
            0.04147942442141918,
            -0.04171550104631627,
            -7.480416292044483e-06,
            3.5116739670960145e-07
        ],
        [
            -0.1142987855719973,
            -0.09093740920740018,
            0.6328098361105345,
            0.04147942442141918,
            31454.560797426755,
            -31588.363975654218,
            0.15454816003303684,
            -0.3354157765927149
        ],
        [
            0.11495054661630037,
            0.0914687508177718,
            -0.6364176864777662,
            -0.04171550104631627,
            -31588.363975654218,
            31809.93277574222,
            -0.15542969140380264,
            0.33732417325073083
        ],
        [
            -9.064863206014059e-07,
            1.5231058724433314e-07,
            2.104443968353852e-06,
            -7.480416292044483e-06,
            0.15454816003303684,
            -0.15542969140380264,
            0.00018596495002283094,
            -2.7877799744237268e-06
        ],
        [
            1.772574007215258e-06,
            -1.6819621324080715e-06,
            -2.7323758011349394e-05,
            3.5116739670960145e-07,
            -0.3354157765927149,
            0.33732417325073083,
            -2.7877799744237268e-06,
            0.0008601508732366435
        ]
    ]
}