{
    "bin_index": "bin7",
    "valid": true,
    "converged": true,
    "fmin": 8985.187482242349,
    "status": 0,
    "parameters": {
        "FL_bin7": {
            "value": 0.4313476432309363,
            "error": 0.004131035833833925,
            "error_low": -0.004113653475654081,
            "error_up": 0.00414841819201377,
            "error_source": "minos (custom)"
        },
        "S3_bin7": {
            "value": -0.07257166808563652,
            "error": 0.006219272748603207,
            "error_low": -0.006215341783786244,
            "error_up": 0.006223203713420169,
            "error_source": "minos (custom)"
        },
        "S9_bin7": {
            "value": -0.011790593996647067,
            "error": 0.006227116861998489,
            "error_low": -0.006248632442716153,
            "error_up": 0.006205601281280824,
            "error_source": "minos (custom)"
        },
        "AFB_bin7": {
            "value": 0.0015173767028130976,
            "error": 0.004466713000002956,
            "error_low": -0.004468405544031925,
            "error_up": 0.004465020455973986,
            "error_source": "minos (custom)"
        },
        "S4_bin7": {
            "value": -0.26551915154563227,
            "error": 0.005971256424845562,
            "error_low": -0.005955690281920063,
            "error_up": 0.00598682256777106,
            "error_source": "minos (custom)"
        },
        "S7_bin7": {
            "value": 0.0044228204231814465,
            "error": 0.006361695429959089,
            "error_low": -0.006355436042254887,
            "error_up": 0.006367954817663291,
            "error_source": "minos (custom)"
        },
        "S5_bin7": {
            "value": 0.008524100239785195,
            "error": 0.005932687490558891,
            "error_low": -0.005885828088435356,
            "error_up": 0.005979546892682426,
            "error_source": "minos (custom)"
        },
        "S8_bin7": {
            "value": 0.009010102094998784,
            "error": 0.006634299065543898,
            "error_low": -0.006630785622003346,
            "error_up": 0.00663781250908445,
            "error_source": "minos (custom)"
        }
    },
    "covariance": [
        [
            1.7112715499058003e-05,
            1.234163670961098e-06,
            2.5795576012609175e-07,
            -3.611926236375283e-08,
            -4.901847287495159e-08,
            -2.7642835753965697e-08,
            4.7065562846016903e-08,
            1.5397048046384407e-07
        ],
        [
            1.234163670961098e-06,
            3.8789735465841966e-05,
            -6.183239593823804e-07,
            7.78062633754765e-08,
            -4.238343384139091e-06,
            -1.0532727479638874e-07,
            3.7905801745863924e-07,
            1.6489577296466408e-07
        ],
        [
            2.5795576012609175e-07,
            -6.183239593823804e-07,
            3.888707082142469e-05,
            -9.68715267855573e-08,
            2.3485770862911876e-07,
            4.530723057808821e-07,
            -2.0669128438834018e-07,
            -4.3652007544231685e-06
        ],
        [
            -3.611926236375283e-08,
            7.78062633754765e-08,
            -9.68715267855573e-08,
            2.0007783712080916e-05,
            1.1208905736858051e-07,
            8.514521340135929e-08,
            -4.844661450321164e-06,
            4.051097977158811e-07
        ],
        [
            -4.901847287495159e-08,
            -4.238343384139091e-06,
            2.3485770862911876e-07,
            1.1208905736858051e-07,
            3.5759313147665446e-05,
            -7.899102428947783e-08,
            7.351509590931326e-07,
            3.32566616169945e-07
        ],
        [
            -2.7642835753965697e-08,
            -1.0532727479638874e-07,
            4.530723057808821e-07,
            8.514521340135929e-08,
            -7.899102428947783e-08,
            4.05834850998588e-05,
            3.301293461361224e-08,
            -2.9233922917032217e-07
        ],
        [
            4.7065562846016903e-08,
            3.7905801745863924e-07,
            -2.0669128438834018e-07,
            -4.844661450321164e-06,
            7.351509590931326e-07,
            3.301293461361224e-08,
            3.529521902962277e-05,
            -1.5996997526680086e-07
        ],
        [
            1.5397048046384407e-07,
            1.6489577296466408e-07,
            -4.3652007544231685e-06,
            4.051097977158811e-07,
            3.32566616169945e-07,
            -2.9233922917032217e-07,
            -1.5996997526680086e-07,
            4.4138209750442373e-05
        ]
    ]
}