{
    "bin_index": "bin7",
    "valid": true,
    "converged": true,
    "fmin": 9805.56060672955,
    "status": 0,
    "parameters": {
        "FL_bin7": {
            "value": 0.43638767740657963,
            "error": 0.010081482366557065,
            "error_low": -0.010111071487213255,
            "error_up": 0.010051893245900877,
            "error_source": "minos (custom)"
        },
        "S3_bin7": {
            "value": -0.06290458510583437,
            "error": 0.015619100074513555,
            "error_low": -0.015756412441458544,
            "error_up": 0.015481787707568565,
            "error_source": "minos (custom)"
        },
        "S9_bin7": {
            "value": -0.019820146245883852,
            "error": 0.015129288043097298,
            "error_low": -0.014892540401412234,
            "error_up": 0.01536603568478236,
            "error_source": "minos (custom)"
        },
        "AFB_bin7": {
            "value": 0.005797605914658969,
            "error": 0.010791131362222824,
            "error_low": -0.010759781054900884,
            "error_up": 0.010822481669544765,
            "error_source": "minos (custom)"
        },
        "S4_bin7": {
            "value": -0.2906809338920173,
            "error": 0.014154384922426757,
            "error_low": -0.013820557002116022,
            "error_up": 0.014488212842737493,
            "error_source": "minos (custom)"
        },
        "S7_bin7": {
            "value": 0.0064698130537552525,
            "error": 0.015488999232709688,
            "error_low": -0.015488625609020298,
            "error_up": 0.015489372856399076,
            "error_source": "minos (custom)"
        },
        "S5_bin7": {
            "value": -0.005176738271916641,
            "error": 0.014282397695256943,
            "error_low": -0.014307101971071387,
            "error_up": 0.014257693419442498,
            "error_source": "minos (custom)"
        },
        "S8_bin7": {
            "value": -0.013017370722527365,
            "error": 0.016080338940377144,
            "error_low": -0.015965049522361566,
            "error_up": 0.016195628358392722,
            "error_source": "minos (custom)"
        }
    },
    "covariance": [
        [
            0.00010187632856744422,
            5.15405828461832e-06,
            3.1419983465456335e-06,
            -2.847414647770188e-07,
            -1.2592340571946985e-06,
            3.6025562677410896e-07,
            -1.9443148748487504e-06,
            -1.6729525447988754e-06
        ],
        [
            5.15405828461832e-06,
            0.00024460532313774427,
            1.4278040553919278e-06,
            1.0141838012117713e-06,
            -3.0346836429351203e-05,
            3.923180090687117e-06,
            3.85240561140011e-06,
            -7.856034572742089e-07
        ],
        [
            3.1419983465456335e-06,
            1.4278040553919278e-06,
            0.00022947534720762602,
            3.3370835840321715e-06,
            -3.576522709728749e-06,
            -1.2481926755288854e-06,
            5.641143976736515e-06,
            -2.7734304214976983e-05
        ],
        [
            -2.847414647770188e-07,
            1.0141838012117713e-06,
            3.3370835840321715e-06,
            0.00011670151120226283,
            2.2092976346394805e-06,
            -8.985759799826646e-07,
            -3.1159545899711914e-05,
            -1.2141715531273732e-06
        ],
        [
            -1.2592340571946985e-06,
            -3.0346836429351203e-05,
            -3.576522709728749e-06,
            2.2092976346394805e-06,
            0.00020084855506823164,
            6.048090213349267e-07,
            7.94696495610871e-06,
            3.4909670917421993e-06
        ],
        [
            3.6025562677410896e-07,
            3.923180090687117e-06,
            -1.2481926755288854e-06,
            -8.985759799826646e-07,
            6.048090213349267e-07,
            0.00024043496342677156,
            -1.0043936521080517e-06,
            -1.5308463989412412e-06
        ],
        [
            -1.9443148748487504e-06,
            3.85240561140011e-06,
            5.641143976736515e-06,
            -3.1159545899711914e-05,
            7.94696495610871e-06,
            -1.0043936521080517e-06,
            0.0002044640076310593,
            9.220789911170136e-07
        ],
        [
            -1.6729525447988754e-06,
            -7.856034572742089e-07,
            -2.7734304214976983e-05,
            -1.2141715531273732e-06,
            3.4909670917421993e-06,
            -1.5308463989412412e-06,
            9.220789911170136e-07,
            0.0002591828083025034
        ]
    ]
}