{
    "bin_index": "bin2",
    "valid": true,
    "converged": true,
    "fmin": 9999.99999996861,
    "status": 0,
    "parameters": {
        "rFL_bin2": {
            "value": 0.5664229712066629,
            "error": 0.011160572977936135,
            "error_low": -0.011130435792783347,
            "error_up": 0.011190710163088922,
            "error_source": "minos (custom)"
        },
        "rS3_bin2": {
            "value": -0.11841764472542593,
            "error": 0.04592436112076713,
            "error_low": -0.046145278748164986,
            "error_up": 0.045703443493369265,
            "error_source": "minos (custom)"
        },
        "rr1_bin2": {
            "value": -1.751648859094054,
            "error": 0.6528826234790825,
            "error_low": -0.8092709420226853,
            "error_up": 0.4964943049354797,
            "error_source": "minos (custom)"
        },
        "a1_bin2": {
            "value": 1.7711376525795473,
            "error": 0.7612147432893686,
            "error_low": -0.7612147432893686,
            "error_up": 0.7612147432893686,
            "error_source": "minos (custom)"
        },
        "rr2_bin2": {
            "value": -0.11931442387439972,
            "error": 0.06479251617745325,
            "error_low": -0.0648708847241188,
            "error_up": 0.06471414763078771,
            "error_source": "minos (custom)"
        },
        "a2_bin2": {
            "value": 3.021895734869794,
            "error": 0.03633472051737994,
            "error_low": -0.03679412168219315,
            "error_up": 0.03587531935256673,
            "error_source": "minos (custom)"
        },
        "rr3_bin2": {
            "value": -1.7111007568821464,
            "error": 0.42016716617711813,
            "error_low": -0.5120300205139698,
            "error_up": 0.32830431184026637,
            "error_source": "minos (custom)"
        },
        "a3_bin2": {
            "value": 0.526618495589311,
            "error": 0.9463745719993863,
            "error_low": -1.2036945678475373,
            "error_up": 0.6890545761512353,
            "error_source": "minos (custom)"
        }
    },
    "covariance": [
        [
            0.00012490980441705538,
            -1.2015791612882378e-05,
            3.365754542007061e-05,
            1.5063272483382393e-05,
            1.7744090109432863e-05,
            -1.8197821866315134e-06,
            -7.508411991986769e-07,
            -6.582456380641972e-05
        ],
        [
            -1.2015791612882378e-05,
            0.002112712722194976,
            -9.810553727203301e-05,
            0.0004099295737444532,
            0.0009559477869865604,
            7.520140794627767e-06,
            -0.0005055529931040281,
            -0.000128424072642939
        ],
        [
            3.365754542007061e-05,
            -9.810553727203301e-05,
            0.6449360595133276,
            -0.2088900865656739,
            -0.0004984642958611227,
            -0.0004381182331821465,
            -0.0032408274274710143,
            -0.03847398569236889
        ],
        [
            1.5063272483382393e-05,
            0.0004099295737444532,
            -0.2088900865656739,
            0.570603440238092,
            0.0005721902791799545,
            0.00038063481542369615,
            0.008186053424684191,
            -0.020767661379840447
        ],
        [
            1.7744090109432863e-05,
            0.0009559477869865604,
            -0.0004984642958611227,
            0.0005721902791799545,
            0.0041963320189588845,
            0.00041107431812785207,
            -0.0003264907708878784,
            -0.00027744626011801934
        ],
        [
            -1.8197821866315134e-06,
            7.520140794627767e-06,
            -0.0004381182331821465,
            0.00038063481542369615,
            0.00041107431812785207,
            0.001318533536557719,
            2.200500860587105e-05,
            0.00020814363045935154
        ],
        [
            -7.508411991986769e-07,
            -0.0005055529931040281,
            -0.0032408274274710143,
            0.008186053424684191,
            -0.0003264907708878784,
            2.200500860587105e-05,
            0.14446068297337458,
            0.21206129919574138
        ],
        [
            -6.582456380641972e-05,
            -0.000128424072642939,
            -0.03847398569236889,
            -0.020767661379840447,
            -0.00027744626011801934,
            0.00020814363045935154,
            0.21206129919574138,
            0.9896698996171235
        ]
    ]
}