{
    "bin_index": "bin2",
    "valid": true,
    "converged": true,
    "fmin": 9999.99999996861,
    "status": 0,
    "parameters": {
        "FL": {
            "value": 0.7563637252044457,
            "error": 0.004119086408293756,
            "error_low": -0.004119086408293756,
            "error_up": 0.004119086408293756,
            "error_source": "delta_method"
        },
        "AFB": {
            "value": -0.0010550799439521105,
            "error": 0.003696496043905117,
            "error_low": -0.003696496043905117,
            "error_up": 0.003696496043905117,
            "error_source": "delta_method"
        },
        "S3": {
            "value": -0.014358365040634053,
            "error": 0.005521149172481032,
            "error_low": -0.005521149172481032,
            "error_up": 0.005521149172481032,
            "error_source": "delta_method"
        },
        "S4": {
            "value": -0.09927759672544009,
            "error": 0.006918097367675928,
            "error_low": -0.006918097367675928,
            "error_up": 0.006918097367675928,
            "error_source": "delta_method"
        },
        "S5": {
            "value": 0.011017466522602505,
            "error": 0.006954880995948177,
            "error_low": -0.006954880995948177,
            "error_up": 0.006954880995948177,
            "error_source": "delta_method"
        },
        "S7": {
            "value": 0.0238806025373825,
            "error": 0.007095001986712549,
            "error_low": -0.007095001986712549,
            "error_up": 0.007095001986712549,
            "error_source": "delta_method"
        },
        "S8": {
            "value": 0.0032026872114559856,
            "error": 0.007076574549011844,
            "error_low": -0.007076574549011844,
            "error_up": 0.007076574549011844,
            "error_source": "delta_method"
        },
        "S9": {
            "value": 0.0034638426324204727,
            "error": 0.005606189778294102,
            "error_low": -0.005606189778294102,
            "error_up": 0.005606189778294102,
            "error_source": "delta_method"
        }
    },
    "covariance": [
        [
            1.6966872838990354e-05,
            1.97706103948958e-08,
            4.6794412935282595e-07,
            1.4311007222493638e-06,
            -1.3783768908108874e-07,
            -2.0914691086236962e-07,
            -2.18881959575399e-07,
            -1.635108866723946e-07
        ],
        [
            1.977061039489579e-08,
            1.3664083002606182e-05,
            -2.644138007642251e-07,
            1.45711409004152e-07,
            -1.9739502439370794e-06,
            1.8330561483390371e-07,
            8.017787494272886e-07,
            1.9774642933917698e-07
        ],
        [
            4.6794412935282585e-07,
            -2.6441380076422504e-07,
            3.0483088184787993e-05,
            -1.6411639762143688e-06,
            3.658190886536725e-07,
            2.2077140552583538e-07,
            -1.7905956786629242e-08,
            -1.2351067945658017e-08
        ],
        [
            1.4311007222493636e-06,
            1.45711409004152e-07,
            -1.6411639762143688e-06,
            4.78600711886446e-05,
            6.061637172016323e-08,
            8.076229325474021e-07,
            1.602865850391017e-07,
            3.986655071997264e-07
        ],
        [
            -1.378376890810887e-07,
            -1.9739502439370794e-06,
            3.658190886536726e-07,
            6.061637172016319e-08,
            4.8370369667801117e-05,
            1.479903834871202e-07,
            6.861856311612941e-07,
            9.720361344022023e-07
        ],
        [
            -2.0914691086236954e-07,
            1.833056148339036e-07,
            2.207714055258357e-07,
            8.076229325474046e-07,
            1.479903834871202e-07,
            5.033905319145502e-05,
            -3.0032141720611095e-07,
            5.489914265707795e-07
        ],
        [
            -2.18881959575399e-07,
            8.017787494272887e-07,
            -1.7905956786629242e-08,
            1.6028658503910173e-07,
            6.861856311612941e-07,
            -3.0032141720611095e-07,
            5.0077907347722186e-05,
            -1.5147709771961387e-06
        ],
        [
            -1.635108866723946e-07,
            1.9774642933917867e-07,
            -1.2351067945658028e-08,
            3.9866550719972636e-07,
            9.720361344022028e-07,
            5.489914265707796e-07,
            -1.5147709771961385e-06,
            3.1429363830249274e-05
        ]
    ]
}