{
    "bin_index": "bin5",
    "valid": true,
    "converged": true,
    "fmin": 9999.999999860209,
    "status": 0,
    "parameters": {
        "rFL_bin5": {
            "value": 0.1534795474286001,
            "error": 0.011153288820052143,
            "error_low": -0.011146196727672687,
            "error_up": 0.0111603809124316,
            "error_source": "minos (custom)"
        },
        "rS3_bin5": {
            "value": -0.10799451709110885,
            "error": 0.03719104251316735,
            "error_low": -0.03730395338238061,
            "error_up": 0.03707813164395409,
            "error_source": "minos (custom)"
        },
        "rS9_bin5": {
            "value": -0.008540672389415985,
            "error": 0.0370607660862764,
            "error_low": -0.03706700724784402,
            "error_up": 0.037054524924708766,
            "error_source": "minos (custom)"
        },
        "rAFB_bin5": {
            "value": -0.023125898950472595,
            "error": 0.016843775473974917,
            "error_low": -0.016847558298248362,
            "error_up": 0.01683999264970147,
            "error_source": "minos (custom)"
        },
        "rS4_bin5": {
            "value": -1.8987001908479773,
            "error": 0.6137168791790941,
            "error_low": -0.9173703145303096,
            "error_up": 0.31006344382787876,
            "error_source": "minos (custom)"
        },
        "rS7_bin5": {
            "value": -0.03920732863019899,
            "error": 0.07300591205167098,
            "error_low": -0.08921502418761293,
            "error_up": 0.05679679991572903,
            "error_source": "minos (custom)"
        },
        "rS5_bin5": {
            "value": -0.009840578056465335,
            "error": 0.017800147357785186,
            "error_low": -0.01780386593488709,
            "error_up": 0.01779642878068328,
            "error_source": "minos (custom)"
        },
        "rS8_bin5": {
            "value": -0.005632077740565227,
            "error": 0.03727921135444863,
            "error_low": -0.03729656663662194,
            "error_up": 0.037261856072275314,
            "error_source": "minos (custom)"
        }
    },
    "covariance": [
        [
            0.0001247462675238504,
            -1.698563143639049e-06,
            -1.90531825512892e-07,
            6.385565435267507e-09,
            2.8488523864962117e-05,
            -3.0071798765527335e-06,
            -4.6491858225094103e-07,
            -3.369144717900653e-07
        ],
        [
            -1.698563143639049e-06,
            0.0013861339568079008,
            1.2595712655430732e-05,
            7.037036622701375e-06,
            -0.008367252000066373,
            -0.00032523616413978896,
            3.588469985714932e-06,
            1.6276791907208538e-05
        ],
        [
            -1.90531825512892e-07,
            1.2595712655430732e-05,
            0.0013764173988035885,
            1.3773468246722294e-07,
            -7.846735112321852e-05,
            -5.171092708840564e-06,
            -2.6314397532537728e-06,
            -0.00012037864369769576
        ],
        [
            6.385565435267507e-09,
            7.037036622701375e-06,
            1.3773468246722294e-07,
            0.0002844918026581723,
            -0.00010390548890840642,
            -5.281286094656852e-06,
            -5.327583529773508e-05,
            4.767214316729828e-06
        ],
        [
            2.8488523864962117e-05,
            -0.008367252000066373,
            -7.846735112321852e-05,
            -0.00010390548890840642,
            0.180810292029233,
            0.0068187223044637755,
            -5.253722491744515e-05,
            6.832822632385225e-05
        ],
        [
            -3.0071798765527335e-06,
            -0.00032523616413978896,
            -5.171092708840564e-06,
            -5.281286094656852e-06,
            0.0068187223044637755,
            0.003443193799135178,
            1.081087651405669e-06,
            -1.7919079177669703e-05
        ],
        [
            -4.6491858225094103e-07,
            3.588469985714932e-06,
            -2.6314397532537728e-06,
            -5.327583529773508e-05,
            -5.253722491744515e-05,
            1.081087651405669e-06,
            0.00031762600455739363,
            -1.1050669965834496e-06
        ],
        [
            -3.369144717900653e-07,
            1.6276791907208538e-05,
            -0.00012037864369769576,
            4.767214316729828e-06,
            6.832822632385225e-05,
            -1.7919079177669703e-05,
            -1.1050669965834496e-06,
            0.0013917717520231462
        ]
    ]
}