{
    "bin_index": "bin5",
    "valid": true,
    "converged": true,
    "fmin": 9999.999999860209,
    "status": 0,
    "parameters": {
        "FL": {
            "value": 0.5761428376737469,
            "error": 0.005454983851857836,
            "error_low": -0.005454983851857836,
            "error_up": 0.005454983851857836,
            "error_source": "delta_method"
        },
        "AFB": {
            "value": -0.007307326654276936,
            "error": 0.00532829009302825,
            "error_low": -0.00532829009302825,
            "error_up": 0.00532829009302825,
            "error_source": "delta_method"
        },
        "S3": {
            "value": -0.02279856180879104,
            "error": 0.007803282561454505,
            "error_low": -0.007803282561454505,
            "error_up": 0.007803282561454505,
            "error_source": "delta_method"
        },
        "S4": {
            "value": -0.24862619865934207,
            "error": 0.008117442617635093,
            "error_low": -0.008117442617635093,
            "error_up": 0.008117442617635093,
            "error_source": "delta_method"
        },
        "S5": {
            "value": -0.004593745249147723,
            "error": 0.008319111588370785,
            "error_low": -0.008319111588370785,
            "error_up": 0.008319111588370785,
            "error_source": "delta_method"
        },
        "S7": {
            "value": -0.005970467730529177,
            "error": 0.00858660823099584,
            "error_low": -0.00858660823099584,
            "error_up": 0.00858660823099584,
            "error_source": "delta_method"
        },
        "S8": {
            "value": -0.0013145385922438617,
            "error": 0.00870694360148681,
            "error_low": -0.00870694360148681,
            "error_up": 0.00870694360148681,
            "error_source": "delta_method"
        },
        "S9": {
            "value": -0.0017994649570272994,
            "error": 0.007816334571393288,
            "error_low": -0.007816334571393288,
            "error_up": 0.007816334571393288,
            "error_source": "delta_method"
        }
    },
    "covariance": [
        [
            2.9756848824029752e-05,
            5.146531735721198e-07,
            1.4267923689547185e-06,
            2.5252998084446588e-06,
            -6.126005602253801e-08,
            -2.4966925921531704e-07,
            -2.5602147815694486e-08,
            1.068863674913056e-07
        ],
        [
            5.146531735721197e-07,
            2.8390675315463e-05,
            2.618863476195327e-07,
            -4.162664895548276e-07,
            -7.860308452020926e-06,
            -6.633268169048331e-08,
            3.491711308728225e-07,
            -9.387171125919107e-09
        ],
        [
            1.4267923689547185e-06,
            2.618863476195327e-07,
            6.089121873389998e-05,
            -6.7807522323334225e-06,
            -3.9133085243236476e-07,
            4.0129648008458113e-07,
            5.829556936436224e-07,
            5.046910088908179e-07
        ],
        [
            2.5252998084446583e-06,
            -4.162664895548277e-07,
            -6.780752232333423e-06,
            6.589287465059846e-05,
            -2.820661294160312e-07,
            -1.8215669986713503e-07,
            7.994631211602954e-07,
            -5.89440834551399e-08
        ],
        [
            -6.126005602253801e-08,
            -7.860308452020926e-06,
            -3.9133085243236476e-07,
            -2.8206612941603127e-07,
            6.92076176197651e-05,
            2.1563191511394776e-07,
            -1.3070705445983126e-07,
            -2.6546716869884046e-07
        ],
        [
            -2.4966925921531704e-07,
            -6.633268169048331e-08,
            4.012964800845829e-07,
            -1.821566998671345e-07,
            2.1563191511394773e-07,
            7.37298409126055e-05,
            -7.187577225957605e-07,
            -6.577096261681509e-08
        ],
        [
            -2.5602147815694492e-08,
            3.491711308728225e-07,
            5.829556936436225e-07,
            7.994631211602952e-07,
            -1.3070705445983123e-07,
            -7.187577225957605e-07,
            7.58108668794721e-05,
            -5.921947105267027e-06
        ],
        [
            1.068863674913056e-07,
            -9.387171125919107e-09,
            5.046910088908179e-07,
            -5.8944083455139825e-08,
            -2.654671686988405e-07,
            -6.577096261681513e-08,
            -5.921947105267027e-06,
            6.10950861319579e-05
        ]
    ]
}