{
    "bin_index": "bin3",
    "valid": true,
    "converged": true,
    "fmin": 9669.072449415151,
    "status": 0,
    "parameters": {
        "rFL_bin3": {
            "value": 0.35157584071070846,
            "error": 0.019340364147156106,
            "error_low": -0.019278460765176562,
            "error_up": 0.01940226752913565,
            "error_source": "minos (custom)"
        },
        "rS3_bin3": {
            "value": 0.0421509008083476,
            "error": 0.050077603007703475,
            "error_low": -0.049967375304647496,
            "error_up": 0.05018783071075945,
            "error_source": "minos (custom)"
        },
        "rS9_bin3": {
            "value": 0.01736592969536171,
            "error": 0.05654456955190762,
            "error_low": -0.056495048628067625,
            "error_up": 0.05659409047574762,
            "error_source": "minos (custom)"
        },
        "rAFB_bin3": {
            "value": -0.009811283786585245,
            "error": 0.03474981755892896,
            "error_low": -0.034848334508134814,
            "error_up": 0.03465130060972311,
            "error_source": "minos (custom)"
        },
        "rS4_bin3": {
            "value": -4.66634420683753,
            "error": 1.8985796341463308,
            "error_low": -1.723069504138411,
            "error_up": 2.0740897641542504,
            "error_source": "minos (custom)"
        },
        "rS7_bin3": {
            "value": -3.010568106183199,
            "error": 58.66445500615705,
            "error_low": -58.66445500615705,
            "error_up": 58.66445500615705,
            "error_source": "minos (custom)"
        },
        "rS5_bin3": {
            "value": 0.034353695683200104,
            "error": 0.027008119002227264,
            "error_low": -0.0269562252414286,
            "error_up": 0.02706001276302593,
            "error_source": "minos (custom)"
        },
        "rS8_bin3": {
            "value": -0.0028662885993366387,
            "error": 0.06200501882562942,
            "error_low": -0.06202917943558763,
            "error_up": 0.0619808582156712,
            "error_source": "minos (custom)"
        }
    },
    "covariance": [
        [
            0.0003750504580982435,
            2.4345983286523555e-05,
            1.6982763896574012e-05,
            -1.0362289791509223e-05,
            4.953015093396846e-06,
            -3.783216681211805e-05,
            9.439338360264056e-07,
            -2.9057451072252907e-05
        ],
        [
            2.4345983286523555e-05,
            0.002511828191439949,
            6.423010251723294e-05,
            1.5309910356407142e-05,
            0.0006534078649781437,
            -0.0046612024864819655,
            -2.5609684744424412e-05,
            -1.5216362829564648e-05
        ],
        [
            1.6982763896574012e-05,
            6.423010251723294e-05,
            0.003200778806349632,
            -2.8138064833200183e-05,
            -0.00019330014260816075,
            0.00038680726607199665,
            -9.157827050694244e-06,
            -0.00028294317837636215
        ],
        [
            -1.0362289791509223e-05,
            1.5309910356407142e-05,
            -2.8138064833200183e-05,
            0.001210310981577578,
            -0.0004922590684515725,
            0.0005718469008383747,
            -0.00013356312904254402,
            -1.1758432420982527e-05
        ],
        [
            4.953015093396846e-06,
            0.0006534078649781437,
            -0.00019330014260816075,
            -0.0004922590684515725,
            2.5437503291795105,
            32.40412684067941,
            -0.00021402597741750618,
            0.00036833760092715607
        ],
        [
            -3.783216681211805e-05,
            -0.0046612024864819655,
            0.00038680726607199665,
            0.0005718469008383747,
            32.40412684067941,
            3099.2817557482063,
            0.00021730892324187443,
            -0.0006597818252364101
        ],
        [
            9.439338360264056e-07,
            -2.5609684744424412e-05,
            -9.157827050694244e-06,
            -0.00013356312904254402,
            -0.00021402597741750618,
            0.00021730892324187443,
            0.0007311411368821184,
            -1.526608938146688e-05
        ],
        [
            -2.9057451072252907e-05,
            -1.5216362829564648e-05,
            -0.00028294317837636215,
            -1.1758432420982527e-05,
            0.00036833760092715607,
            -0.0006597818252364101,
            -1.526608938146688e-05,
            0.0038444112951309542
        ]
    ]
}