{
    "bin_index": "bin3",
    "valid": true,
    "converged": true,
    "fmin": 9697.613499683786,
    "status": 0,
    "parameters": {
        "rFL_bin3_reco": {
            "value": 0.31517507002791556,
            "error": 0.01903600527588734,
            "error_low": -0.01900837957426353,
            "error_up": 0.019063630977511146,
            "error_source": "minos (custom)"
        },
        "rS3_bin3_reco": {
            "value": -0.14123585256638482,
            "error": 0.0483215760927921,
            "error_low": -0.04851078995693722,
            "error_up": 0.04813236222864698,
            "error_source": "minos (custom)"
        },
        "rS9_bin3_reco": {
            "value": -0.012846700967313928,
            "error": 0.05490627501784229,
            "error_low": -0.05493217417427012,
            "error_up": 0.05488037586141445,
            "error_source": "minos (custom)"
        },
        "rAFB_bin3_reco": {
            "value": 0.026454471275765126,
            "error": 0.03358500630556889,
            "error_low": -0.03355124487289997,
            "error_up": 0.03361876773823782,
            "error_source": "minos (custom)"
        },
        "rS4_bin3_reco": {
            "value": -5.724114154676595,
            "error": 4.758737673308391,
            "error_low": -5.921766653721578,
            "error_up": 3.595708692895204,
            "error_source": "minos (custom)"
        },
        "rS7_bin3_reco": {
            "value": 1.2939969029027554,
            "error": 13.430757505516754,
            "error_low": -13.430757505516754,
            "error_up": 13.430757505516754,
            "error_source": "minos (custom)"
        },
        "rS5_bin3_reco": {
            "value": -0.009982636653885412,
            "error": 0.028659328813787716,
            "error_low": -0.0286727620943924,
            "error_up": 0.028645895533183027,
            "error_source": "minos (custom)"
        },
        "rS8_bin3_reco": {
            "value": 0.029139954992569442,
            "error": 0.06794228157605431,
            "error_low": -0.06781457226463321,
            "error_up": 0.06806999088747541,
            "error_source": "minos (custom)"
        }
    },
    "covariance": [
        [
            0.00036331337490461455,
            1.5031929592414024e-05,
            2.02240982428288e-08,
            1.1886091253071918e-05,
            0.0009870724227257612,
            -0.003046144453396287,
            1.0939215818743088e-05,
            2.705034525728362e-05
        ],
        [
            1.5031929592414024e-05,
            0.0023386679554035865,
            -2.5268244546360507e-05,
            -1.1997360493320064e-06,
            0.0005974405837454577,
            0.0013785414210466065,
            2.4002275798140942e-05,
            -1.3835079022527243e-05
        ],
        [
            2.02240982428288e-08,
            -2.5268244546360507e-05,
            0.0030181088234586886,
            2.3072869963100922e-05,
            0.0009207285458690813,
            -0.002824652167989031,
            -3.3263597200032214e-05,
            -0.00035815053566834096
        ],
        [
            1.1886091253071918e-05,
            -1.1997360493320064e-06,
            2.3072869963100922e-05,
            0.0011305560192721297,
            -0.0008582351399028898,
            0.0027513484309996017,
            -0.00018309841167417197,
            2.781118525188094e-05
        ],
        [
            0.0009870724227257612,
            0.0005974405837454577,
            0.0009207285458690813,
            -0.0008582351399028898,
            21.824278288600066,
            -217.85376498348992,
            8.31341871884603e-05,
            -0.0025163122741178583
        ],
        [
            -0.003046144453396287,
            0.0013785414210466065,
            -0.002824652167989031,
            0.0027513484309996017,
            -217.85376498348992,
            114049.24745265003,
            -0.00042104784023583,
            0.007678246306405458
        ],
        [
            1.0939215818743088e-05,
            2.4002275798140942e-05,
            -3.3263597200032214e-05,
            -0.00018309841167417197,
            8.31341871884603e-05,
            -0.00042104784023583,
            0.0008230986641488838,
            1.4305788466218511e-05
        ],
        [
            2.705034525728362e-05,
            -1.3835079022527243e-05,
            -0.00035815053566834096,
            2.781118525188094e-05,
            -0.0025163122741178583,
            0.007678246306405458,
            1.4305788466218511e-05,
            0.004613673249792227
        ]
    ]
}