{
    "bin_index": "bin3",
    "valid": true,
    "converged": true,
    "fmin": 9830.662616665557,
    "status": 0,
    "parameters": {
        "rFL_bin3": {
            "value": 0.0560949104126149,
            "error": 0.018997243687042396,
            "error_low": -0.01897623115933165,
            "error_up": 0.01901825621475314,
            "error_source": "minos (custom)"
        },
        "rS3_bin3": {
            "value": 0.02894423477732794,
            "error": 0.044707574211956536,
            "error_low": -0.04466620106177521,
            "error_up": 0.044748947362137866,
            "error_source": "minos (custom)"
        },
        "rS9_bin3": {
            "value": 0.009155925861826638,
            "error": 0.04919438785998144,
            "error_low": -0.04919976608611893,
            "error_up": 0.04918900963384394,
            "error_source": "minos (custom)"
        },
        "rAFB_bin3": {
            "value": -0.019744732428668036,
            "error": 0.03136047803558863,
            "error_low": -0.03136005334303299,
            "error_up": 0.03136090272814428,
            "error_source": "minos (custom)"
        },
        "rS4_bin3": {
            "value": -4.582648169485134,
            "error": 1.7719252661783775,
            "error_low": -1.516479827900069,
            "error_up": 2.027370704456686,
            "error_source": "minos (custom)"
        },
        "rS7_bin3": {
            "value": -3.0371538278070345,
            "error": 58.0161530416263,
            "error_low": -58.0161530416263,
            "error_up": 58.0161530416263,
            "error_source": "minos (custom)"
        },
        "rS5_bin3": {
            "value": 0.030385446499704358,
            "error": 0.025654618772829638,
            "error_low": -0.0256218186278304,
            "error_up": 0.025687418917828875,
            "error_source": "minos (custom)"
        },
        "rS8_bin3": {
            "value": 0.018343859334937786,
            "error": 0.06147297318386155,
            "error_low": -0.06141143615391894,
            "error_up": 0.06153451021380417,
            "error_source": "minos (custom)"
        }
    },
    "covariance": [
        [
            0.00036186518642467827,
            1.8230002669613083e-05,
            1.0702053342874468e-05,
            -4.180554236033453e-06,
            5.4851706176802676e-05,
            -0.00012871655637541424,
            1.511355091341797e-06,
            -2.316534591771637e-05
        ],
        [
            1.8230002669613083e-05,
            0.0020024955327695325,
            4.620732997529951e-05,
            6.0757520642834385e-06,
            0.0007561133930496745,
            -0.0044738285336709685,
            -2.3797123310473258e-05,
            -3.526819903922193e-05
        ],
        [
            1.0702053342874468e-05,
            4.620732997529951e-05,
            0.0024237835593254715,
            -2.0217738812938003e-05,
            0.0002788310336426823,
            -0.00010264425987243794,
            -8.395006386474332e-06,
            -0.00023345698734464544
        ],
        [
            -4.180554236033453e-06,
            6.0757520642834385e-06,
            -2.0217738812938003e-05,
            0.000985850515075687,
            -0.00039662724501244066,
            0.00042810758039243745,
            -0.00010345310043417354,
            -1.8341141800400326e-05
        ],
        [
            5.4851706176802676e-05,
            0.0007561133930496745,
            0.0002788310336426823,
            -0.00039662724501244066,
            1.9531927630331614,
            29.932157287925243,
            -0.00014534270395310503,
            0.0008670067414131936
        ],
        [
            -0.00012871655637541424,
            -0.0044738285336709685,
            -0.00010264425987243794,
            0.00042810758039243745,
            29.932157287925243,
            3001.866054883366,
            9.965023129818073e-05,
            -0.0011331371622546927
        ],
        [
            1.511355091341797e-06,
            -2.3797123310473258e-05,
            -8.395006386474332e-06,
            -0.00010345310043417354,
            -0.00014534270395310503,
            9.965023129818073e-05,
            0.0006597542673410633,
            -1.7588489090616323e-05
        ],
        [
            -2.316534591771637e-05,
            -3.526819903922193e-05,
            -0.00023345698734464544,
            -1.8341141800400326e-05,
            0.0008670067414131936,
            -0.0011331371622546927,
            -1.7588489090616323e-05,
            0.0037789983378932928
        ]
    ]
}