{
    "bin_index": "bin1",
    "valid": true,
    "converged": true,
    "fmin": 9671.010782636928,
    "status": 0,
    "parameters": {
        "FL_bin1": {
            "value": 0.664822574774042,
            "error": 0.006201562658728314,
            "error_low": -0.00622630408110082,
            "error_up": 0.006176821236355809,
            "error_source": "minos (custom)"
        },
        "S3_bin1": {
            "value": -0.0070344137485210245,
            "error": 0.008630187620626416,
            "error_low": -0.008545047293337535,
            "error_up": 0.008715327947915298,
            "error_source": "minos (custom)"
        },
        "S9_bin1": {
            "value": -0.0017253293723990984,
            "error": 0.008441926268106671,
            "error_low": -0.008410406505215339,
            "error_up": 0.008473446030998005,
            "error_source": "minos (custom)"
        },
        "AFB_bin1": {
            "value": 0.0033543932139049157,
            "error": 0.005829008611247801,
            "error_low": -0.005898056783243583,
            "error_up": 0.005759960439252019,
            "error_source": "minos (custom)"
        },
        "S4_bin1": {
            "value": 0.021613800302769697,
            "error": 0.010106204228707318,
            "error_low": -0.010104538667214703,
            "error_up": 0.010107869790199933,
            "error_source": "minos (custom)"
        },
        "S7_bin1": {
            "value": 0.01469333309929783,
            "error": 0.010162407470888344,
            "error_low": -0.010076961290434979,
            "error_up": 0.01024785365134171,
            "error_source": "minos (custom)"
        },
        "S5_bin1": {
            "value": 0.010694122403199183,
            "error": 0.009948751585952879,
            "error_low": -0.009968116049699006,
            "error_up": 0.009929387122206751,
            "error_source": "minos (custom)"
        },
        "S8_bin1": {
            "value": -0.021433989926982158,
            "error": 0.010363439585833712,
            "error_low": -0.010344418380757765,
            "error_up": 0.010382460790909659,
            "error_source": "minos (custom)"
        }
    },
    "covariance": [
        [
            3.855834741794562e-05,
            -4.7107736322838176e-07,
            -1.82676779983716e-07,
            -3.8219557303251093e-07,
            -3.6278693005091765e-07,
            3.928642073158004e-07,
            -1.682032326778939e-07,
            2.4664731068860987e-07
        ],
        [
            -4.7107736322838176e-07,
            7.468665078721713e-05,
            8.120041339137383e-07,
            -2.597938546279521e-07,
            1.4045162754404094e-06,
            -1.1040609020258629e-06,
            4.313660769486465e-07,
            4.4688847019270975e-07
        ],
        [
            -1.82676779983716e-07,
            8.120041339137383e-07,
            7.146208848669051e-05,
            -3.831652983539468e-07,
            -1.4533458111535266e-06,
            1.1276159273750646e-06,
            -8.851018140793388e-07,
            3.3409677387551554e-07
        ],
        [
            -3.8219557303251093e-07,
            -2.597938546279521e-07,
            -3.831652983539468e-07,
            3.406084874887554e-05,
            2.9579111378984583e-07,
            -8.742670575627201e-07,
            8.749662118039048e-07,
            6.90931169240601e-07
        ],
        [
            -3.6278693005091765e-07,
            1.4045162754404094e-06,
            -1.4533458111535266e-06,
            2.9579111378984583e-07,
            0.00010239749627844298,
            2.9736583971176064e-07,
            -1.4264993789773099e-06,
            -5.019862807522475e-07
        ],
        [
            3.928642073158004e-07,
            -1.1040609020258629e-06,
            1.1276159273750646e-06,
            -8.742670575627201e-07,
            2.9736583971176064e-07,
            0.0001035538642687359,
            -5.846207392873182e-07,
            1.8199548151122097e-06
        ],
        [
            -1.682032326778939e-07,
            4.313660769486465e-07,
            -8.851018140793388e-07,
            8.749662118039048e-07,
            -1.4264993789773099e-06,
            -5.846207392873182e-07,
            9.922068587871757e-05,
            3.695886450231448e-07
        ],
        [
            2.4664731068860987e-07,
            4.4688847019270975e-07,
            3.3409677387551554e-07,
            6.90931169240601e-07,
            -5.019862807522475e-07,
            1.8199548151122097e-06,
            3.695886450231448e-07,
            0.00010769363557230473
        ]
    ]
}