{
    "bin_index": "bin3",
    "valid": true,
    "converged": true,
    "fmin": 18710.267828696004,
    "status": "Optimization terminated successfully",
    "parameters": {
        "FL": {
            "value": 0.6498084511376236,
            "error": 0.008637773550656272,
            "error_low": -0.008637773550656272,
            "error_up": 0.008637773550656272,
            "error_source": "hessian"
        },
        "S3": {
            "value": -0.018375092569470355,
            "error": 0.00929873251018448,
            "error_low": -0.00929873251018448,
            "error_up": 0.00929873251018448,
            "error_source": "hessian"
        },
        "S9": {
            "value": 0.003988798247411797,
            "error": 0.009560204297491338,
            "error_low": -0.009560204297491338,
            "error_up": 0.009560204297491338,
            "error_source": "hessian"
        },
        "AFB": {
            "value": 0.02133094310297905,
            "error": 0.008734987731844529,
            "error_low": -0.008734987731844529,
            "error_up": 0.008734987731844529,
            "error_source": "hessian"
        },
        "S4": {
            "value": -0.25063461098370354,
            "error": 0.01401167142295463,
            "error_low": -0.01401167142295463,
            "error_up": 0.01401167142295463,
            "error_source": "hessian"
        },
        "S7": {
            "value": 0.012929738716729868,
            "error": 0.013120508747148265,
            "error_low": -0.013120508747148265,
            "error_up": 0.013120508747148265,
            "error_source": "hessian"
        },
        "S5": {
            "value": -0.004885835034836372,
            "error": 0.012608852699183755,
            "error_low": -0.012608852699183755,
            "error_up": 0.012608852699183755,
            "error_source": "hessian"
        },
        "S8": {
            "value": -0.003281211543083467,
            "error": 0.015127658507310177,
            "error_low": -0.015127658507310177,
            "error_up": 0.015127658507310177,
            "error_source": "hessian"
        }
    },
    "covariance": [
        [
            7.461113191241707e-05,
            5.096072354653012e-06,
            7.239478452421694e-07,
            -5.213400872233617e-06,
            1.0635181591225864e-05,
            9.245666062952693e-07,
            -9.818789844750538e-07,
            -9.892215740793031e-07
        ],
        [
            5.096072354653012e-06,
            8.646642629596177e-05,
            -1.6877344980608228e-06,
            2.9799096097382964e-06,
            -1.0319770161000332e-05,
            3.047345654014637e-08,
            4.991452237169074e-07,
            1.9766055076074052e-06
        ],
        [
            7.239478452421694e-07,
            -1.6877344980608233e-06,
            9.139750620977183e-05,
            -5.381371701234974e-08,
            3.040615992225032e-06,
            2.0126460333453794e-06,
            1.2980441883798757e-06,
            -1.220406008969671e-05
        ],
        [
            -5.213400872233619e-06,
            2.9799096097382973e-06,
            -5.381371701234981e-08,
            7.630001067547443e-05,
            9.402694259670482e-07,
            3.841822537444912e-07,
            -1.7635702845691657e-05,
            -1.0449048727645633e-07
        ],
        [
            1.063518159122587e-05,
            -1.0319770161000333e-05,
            3.040615992225033e-06,
            9.402694259670489e-07,
            0.0001963269360648434,
            2.2949198991322237e-06,
            5.968480036608489e-06,
            2.7682183951133562e-06
        ],
        [
            9.245666062952694e-07,
            3.0473456540146357e-08,
            2.012646033345379e-06,
            3.841822537444912e-07,
            2.2949198991322232e-06,
            0.0001721477497839941,
            2.6159556396481095e-06,
            8.345926096742464e-07
        ],
        [
            -9.818789844750528e-07,
            4.991452237169074e-07,
            1.298044188379876e-06,
            -1.7635702845691657e-05,
            5.968480036608489e-06,
            2.6159556396481095e-06,
            0.00015898316638971344,
            2.112944173583603e-06
        ],
        [
            -9.89221574079303e-07,
            1.9766055076074052e-06,
            -1.2204060089696706e-05,
            -1.0449048727645629e-07,
            2.7682183951133562e-06,
            8.345926096742466e-07,
            2.112944173583603e-06,
            0.00022884605191379398
        ]
    ]
}