{
    "bin_index": "bin1",
    "valid": true,
    "converged": true,
    "fmin": 9999.999999998536,
    "status": 0,
    "parameters": {
        "rFL_bin1": {
            "value": 0.371390187643847,
            "error": 0.014224095573625056,
            "error_low": -0.014191844111255637,
            "error_up": 0.014256347035994477,
            "error_source": "minos (custom)"
        },
        "rS3_bin1": {
            "value": 0.006347216064817474,
            "error": 0.05199867341409168,
            "error_low": -0.051982877177769594,
            "error_up": 0.052014469650413765,
            "error_source": "minos (custom)"
        },
        "rr1_bin1": {
            "value": -1.4296015303763028,
            "error": 0.8537126638163532,
            "error_low": -1.3413594962132491,
            "error_up": 0.36606583141945725,
            "error_source": "minos (custom)"
        },
        "a1_bin1": {
            "value": -1.7595247483665162,
            "error": 0.96746974158392,
            "error_low": -1.326214441528673,
            "error_up": 0.6087250416391671,
            "error_source": "minos (custom)"
        },
        "rr2_bin1": {
            "value": -0.9602097940472802,
            "error": 0.19912454622063186,
            "error_low": -0.22712819846548576,
            "error_up": 0.17112089397577795,
            "error_source": "minos (custom)"
        },
        "a2_bin1": {
            "value": 0.21588609328738784,
            "error": 0.19028696267905193,
            "error_low": -0.17044441655858295,
            "error_up": 0.21012950879952094,
            "error_source": "minos (custom)"
        },
        "rr3_bin1": {
            "value": -1.4831813705722894,
            "error": 0.5177950770408714,
            "error_low": -0.703372774539707,
            "error_up": 0.3322173795420357,
            "error_source": "minos (custom)"
        },
        "a3_bin1": {
            "value": -2.045834608020968,
            "error": 0.7885242542312176,
            "error_low": -1.123231194101563,
            "error_up": 0.4538173143608723,
            "error_source": "minos (custom)"
        }
    },
    "covariance": [
        [
            0.00020289110411997712,
            4.24818954712874e-06,
            0.0001328643886045833,
            -3.5315187079989687e-05,
            3.3715174685277865e-05,
            1.4993784838544235e-05,
            -2.2645271346032978e-05,
            -5.3395184246927664e-05
        ],
        [
            4.24818954712874e-06,
            0.002707703870920048,
            0.00040572089043969,
            -0.0002976057176949928,
            0.0007891888196452108,
            -7.955170466078918e-05,
            -0.000758775253106508,
            -0.000394451705445838
        ],
        [
            0.0001328643886045833,
            0.00040572089043969,
            0.2581055291174931,
            0.06915001704977382,
            0.0006858486982554216,
            -0.00036752250428889396,
            0.0026283273344597834,
            0.001973597058056993
        ],
        [
            -3.5315187079989687e-05,
            -0.0002976057176949928,
            0.06915001704977382,
            0.22103816682372157,
            -0.0006628462202742213,
            -0.0006338405087754826,
            -0.00013607191822649967,
            0.003108557898592499
        ],
        [
            3.3715174685277865e-05,
            0.0007891888196452108,
            0.0006858486982554216,
            -0.0006628462202742213,
            0.03731622720580987,
            -0.010533425212050257,
            -0.00020076285994877013,
            -0.0010898635728107749
        ],
        [
            1.4993784838544235e-05,
            -7.955170466078918e-05,
            -0.00036752250428889396,
            -0.0006338405087754826,
            -0.010533425212050257,
            0.03267567865062795,
            0.0018402905563556044,
            0.0013626746907891374
        ],
        [
            -2.2645271346032978e-05,
            -0.000758775253106508,
            0.0026283273344597834,
            -0.00013607191822649967,
            -0.00020076285994877013,
            0.0018402905563556044,
            0.18978677439455463,
            0.13295477994709287
        ],
        [
            -5.3395184246927664e-05,
            -0.000394451705445838,
            0.001973597058056993,
            0.003108557898592499,
            -0.0010898635728107749,
            0.0013626746907891374,
            0.13295477994709287,
            0.32188790293921626
        ]
    ]
}