{
    "bin_index": "bin1",
    "valid": true,
    "converged": true,
    "fmin": 9999.999999998536,
    "status": 0,
    "parameters": {
        "FL": {
            "value": 0.6776035483157115,
            "error": 0.006223395811761718,
            "error_low": -0.006223395811761718,
            "error_up": 0.006223395811761718,
            "error_source": "delta_method"
        },
        "AFB": {
            "value": -0.002459000374012652,
            "error": 0.005825250651151753,
            "error_low": -0.005825250651151753,
            "error_up": 0.005825250651151753,
            "error_source": "delta_method"
        },
        "S3": {
            "value": 0.0010231462288397665,
            "error": 0.008387618846529629,
            "error_low": -0.008387618846529629,
            "error_up": 0.008387618846529629,
            "error_source": "delta_method"
        },
        "S4": {
            "value": 0.02908380729290104,
            "error": 0.010177160338271256,
            "error_low": -0.010177160338271256,
            "error_up": 0.010177160338271256,
            "error_source": "delta_method"
        },
        "S5": {
            "value": -0.010501387560717133,
            "error": 0.010072892218211659,
            "error_low": -0.010072892218211659,
            "error_up": 0.010072892218211659,
            "error_source": "delta_method"
        },
        "S7": {
            "value": 0.012756375547985071,
            "error": 0.010084730369949635,
            "error_low": -0.010084730369949635,
            "error_up": 0.010084730369949635,
            "error_source": "delta_method"
        },
        "S8": {
            "value": -0.010208991432601367,
            "error": 0.010366043949991249,
            "error_low": -0.010366043949991249,
            "error_up": 0.010366043949991249,
            "error_source": "delta_method"
        },
        "S9": {
            "value": -0.0085828287307859,
            "error": 0.00850201693876514,
            "error_low": -0.00850201693876514,
            "error_up": 0.00850201693876514,
            "error_source": "delta_method"
        }
    },
    "covariance": [
        [
            3.873065542985329e-05,
            -1.732237383451154e-07,
            1.7627262720157296e-07,
            -2.373992197580946e-07,
            4.2273504823699703e-08,
            2.952571559589003e-07,
            6.266608016222269e-07,
            1.140265031226056e-07
        ],
        [
            -1.7322373834511533e-07,
            3.393354514874392e-05,
            -9.121507483194915e-07,
            -4.606672620009236e-07,
            9.349308083829632e-07,
            -5.923506121446504e-07,
            1.394224648248255e-07,
            8.879893878321637e-07
        ],
        [
            1.762726272015729e-07,
            -9.121507483194914e-07,
            7.035214991465902e-05,
            1.420031979243945e-07,
            -1.1299506403317894e-06,
            -7.207444292942394e-07,
            4.955805908920374e-07,
            -9.517389320705048e-07
        ],
        [
            -2.3739921975809472e-07,
            -4.606672620009236e-07,
            1.4200319792439432e-07,
            0.00010357459255088148,
            -9.724569492473857e-07,
            2.0502607832933794e-07,
            5.018770674257669e-07,
            -4.4979206580625464e-07
        ],
        [
            4.22735048236998e-08,
            9.349308083829634e-07,
            -1.1299506403317899e-06,
            -9.724569492473857e-07,
            0.000101463157639709,
            -9.42563589141767e-07,
            2.834906896562086e-07,
            1.1433252809188475e-07
        ],
        [
            2.952571559589002e-07,
            -5.923506121446504e-07,
            -7.207444292942397e-07,
            2.050260783293481e-07,
            -9.425635891417671e-07,
            0.0001017017866345845,
            -2.366753975555015e-06,
            2.4019910073572944e-07
        ],
        [
            6.26660801622227e-07,
            1.3942246482482542e-07,
            4.955805908920368e-07,
            5.01877067425767e-07,
            2.834906896561815e-07,
            -2.3667539755550153e-06,
            0.00010745486717315019,
            1.0594374618600646e-06
        ],
        [
            1.1402650312260563e-07,
            8.879893878321603e-07,
            -9.51738932070505e-07,
            -4.497920658062544e-07,
            1.1433252809188471e-07,
            2.4019910073572944e-07,
            1.0594374618600646e-06,
            7.228429202704935e-05
        ]
    ]
}