{
    "bin_index": "bin10",
    "valid": true,
    "converged": true,
    "fmin": 9435.863503349841,
    "status": 0,
    "parameters": {
        "FL_bin10": {
            "value": 0.3484078850484229,
            "error": 0.00849758867114423,
            "error_low": -0.00845316796770243,
            "error_up": 0.008542009374586032,
            "error_source": "minos (custom)"
        },
        "S3_bin10": {
            "value": -0.23028294464237167,
            "error": 0.012054261382677036,
            "error_low": -0.011893854881733786,
            "error_up": 0.012214667883620288,
            "error_source": "minos (custom)"
        },
        "S9_bin10": {
            "value": -0.027027532345051036,
            "error": 0.013423620218779493,
            "error_low": -0.01339043084932381,
            "error_up": 0.013456809588235178,
            "error_source": "minos (custom)"
        },
        "AFB_bin10": {
            "value": 0.007935402356649527,
            "error": 0.009824359269928641,
            "error_low": -0.009881987682858263,
            "error_up": 0.00976673085699902,
            "error_source": "minos (custom)"
        },
        "S4_bin10": {
            "value": -0.32199220782682336,
            "error": 0.010625639225033547,
            "error_low": -0.010413840967683184,
            "error_up": 0.01083743748238391,
            "error_source": "minos (custom)"
        },
        "S7_bin10": {
            "value": 0.01869011541485091,
            "error": 0.013546555215492681,
            "error_low": -0.013564055178042848,
            "error_up": 0.013529055252942516,
            "error_source": "minos (custom)"
        },
        "S5_bin10": {
            "value": -0.011415014666280128,
            "error": 0.010976991034635303,
            "error_low": -0.010971420635837866,
            "error_up": 0.010982561433432741,
            "error_source": "minos (custom)"
        },
        "S8_bin10": {
            "value": 0.0157815183090005,
            "error": 0.014132372786704768,
            "error_low": -0.014184718846283991,
            "error_up": 0.014080026727125543,
            "error_source": "minos (custom)"
        }
    },
    "covariance": [
        [
            7.240917952638302e-05,
            1.6281074423930383e-05,
            2.162765866760817e-06,
            -8.629499832259945e-07,
            -9.338644887171165e-06,
            1.882821994380537e-06,
            -4.134799618933017e-06,
            -1.7009070520878837e-06
        ],
        [
            1.6281074423930383e-05,
            0.00014574261137868233,
            -5.831219866692357e-06,
            8.539380079459088e-07,
            -2.6462987014914436e-05,
            6.870735005713389e-08,
            -7.72940469847801e-07,
            2.156042491951366e-06
        ],
        [
            2.162765866760817e-06,
            -5.831219866692357e-06,
            0.0001807504028710377,
            4.4491935232852847e-07,
            3.7123982612611383e-06,
            3.4865012613788767e-07,
            2.5095192806223324e-06,
            -2.498277879431271e-05
        ],
        [
            -8.629499832259945e-07,
            8.539380079459088e-07,
            4.4491935232852847e-07,
            9.680150597503141e-05,
            3.7187150612399322e-06,
            1.8756482186835582e-06,
            -2.999456573075279e-05,
            1.1703422463718845e-06
        ],
        [
            -9.338644887171165e-06,
            -2.6462987014914436e-05,
            3.7123982612611383e-06,
            3.7187150612399322e-06,
            0.00011352288280028731,
            4.2419717520770455e-06,
            1.9153075717900807e-06,
            -7.429746312090611e-07
        ],
        [
            1.882821994380537e-06,
            6.870735005713389e-08,
            3.4865012613788767e-07,
            1.8756482186835582e-06,
            4.2419717520770455e-06,
            0.00018404742891952632,
            -5.9059936601587e-07,
            -2.264844555468709e-06
        ],
        [
            -4.134799618933017e-06,
            -7.72940469847801e-07,
            2.5095192806223324e-06,
            -2.999456573075279e-05,
            1.9153075717900807e-06,
            -5.9059936601587e-07,
            0.00012083418936020476,
            4.138884176884007e-06
        ],
        [
            -1.7009070520878837e-06,
            2.156042491951366e-06,
            -2.498277879431271e-05,
            1.1703422463718845e-06,
            -7.429746312090611e-07,
            -2.264844555468709e-06,
            4.138884176884007e-06,
            0.0002003444370538773
        ]
    ]
}