{
    "bin_index": "bin10",
    "valid": true,
    "converged": true,
    "fmin": 3340.7801942828555,
    "status": 0,
    "parameters": {
        "rFL_bin10": {
            "value": -0.3351783261347251,
            "error": 0.005981025166611979,
            "error_low": -0.005998872617519278,
            "error_up": 0.0059631777157046805,
            "error_source": "minos (custom)"
        },
        "rS3_bin10": {
            "value": -0.8210489047744642,
            "error": 0.017477971406728625,
            "error_low": -0.014281040467049432,
            "error_up": 0.020674902346407814,
            "error_source": "minos (custom)"
        },
        "rS9_bin10": {
            "value": 0.0010130560012977753,
            "error": 0.017410247611734653,
            "error_low": -0.01743082196088444,
            "error_up": 0.017389673262584865,
            "error_source": "minos (custom)"
        },
        "rAFB_bin10": {
            "value": 0.00016002139308463525,
            "error": 0.008527670393653892,
            "error_low": -0.008521919374919546,
            "error_up": 0.008533421412388236,
            "error_source": "minos (custom)"
        },
        "rS4_bin10": {
            "value": -3.3827049293178315,
            "error": 1.762156586665558,
            "error_low": -2.6080585192246195,
            "error_up": 0.9162546541064962,
            "error_source": "minos (custom)"
        },
        "rS7_bin10": {
            "value": -0.056386642683737706,
            "error": 0.1840230929258612,
            "error_low": -0.1840230929258612,
            "error_up": 0.1840230929258612,
            "error_source": "minos (custom)"
        },
        "rS5_bin10": {
            "value": 0.006395421226779601,
            "error": 0.012975601341424205,
            "error_low": -0.012998860618184132,
            "error_up": 0.012952342064664278,
            "error_source": "minos (custom)"
        },
        "rS8_bin10": {
            "value": -0.0022386260418560196,
            "error": 0.03327637158620999,
            "error_low": -0.03328198425500912,
            "error_up": 0.03327075891741086,
            "error_source": "minos (custom)"
        }
    },
    "covariance": [
        [
            3.5755839178983904e-05,
            -1.1015055848029313e-05,
            -2.177441059483911e-07,
            -2.3750477743453642e-07,
            0.0013718414148562214,
            8.05582348675274e-05,
            -1.8784882729371607e-07,
            6.839084109094137e-08
        ],
        [
            -1.1015055848029313e-05,
            0.0004542527858802258,
            -1.0858083459340872e-07,
            -5.4470560201105106e-09,
            -0.02177178059727377,
            -0.001230067605708645,
            -1.598783559742454e-06,
            6.33426020819747e-07
        ],
        [
            -2.177441059483911e-07,
            -1.0858083459340872e-07,
            0.00030342658694532376,
            -3.948573503084788e-07,
            9.217027320475609e-06,
            -4.95772303356568e-06,
            -2.3122672392818568e-07,
            -7.301344464067214e-05
        ],
        [
            -2.3750477743453642e-07,
            -5.4470560201105106e-09,
            -3.948573503084788e-07,
            7.280971933103467e-05,
            0.00024014524272217438,
            1.4573053571730772e-05,
            -2.8982955351593734e-05,
            -5.138695183452895e-07
        ],
        [
            0.0013718414148562214,
            -0.02177178059727377,
            9.217027320475609e-06,
            0.00024014524272217438,
            5.862068484304412,
            0.33119053324723996,
            0.00032829747472857797,
            0.00042726936028868396
        ],
        [
            8.05582348675274e-05,
            -0.001230067605708645,
            -4.95772303356568e-06,
            1.4573053571730772e-05,
            0.33119053324723996,
            0.029339984336174026,
            1.8533714253745287e-05,
            2.4416713057065054e-06
        ],
        [
            -1.8784882729371607e-07,
            -1.598783559742454e-06,
            -2.3122672392818568e-07,
            -2.8982955351593734e-05,
            0.00032829747472857797,
            1.8533714253745287e-05,
            0.0001686466202471975,
            -1.1468913613144508e-07
        ],
        [
            6.839084109094137e-08,
            6.33426020819747e-07,
            -7.301344464067214e-05,
            -5.138695183452895e-07,
            0.00042726936028868396,
            2.4416713057065054e-06,
            -1.1468913613144508e-07,
            0.001108083934389297
        ]
    ]
}