{
    "bin_index": "bin10",
    "valid": true,
    "converged": true,
    "fmin": 3340.7801942829738,
    "status": 0,
    "parameters": {
        "rFL_bin10": {
            "value": -0.3351783262537109,
            "error": 0.0059810251666348145,
            "error_low": -0.005998872498100042,
            "error_up": 0.005963177835169587,
            "error_source": "minos (custom)"
        },
        "rS3_bin10": {
            "value": -0.8210489048758349,
            "error": 0.0174779815256274,
            "error_low": -0.014281060617376162,
            "error_up": 0.02067490243387864,
            "error_source": "minos (custom)"
        },
        "rS9_bin10": {
            "value": 0.0010130559729837668,
            "error": 0.01741024761362462,
            "error_low": -0.017430821934452216,
            "error_up": 0.017389673292797028,
            "error_source": "minos (custom)"
        },
        "rAFB_bin10": {
            "value": 0.00016002134517554054,
            "error": 0.008527670394714405,
            "error_low": -0.008521919328002453,
            "error_up": 0.008533421461426357,
            "error_source": "minos (custom)"
        },
        "rS4_bin10": {
            "value": -3.3827049245150995,
            "error": 1.7621565486046724,
            "error_low": -2.6080584478624047,
            "error_up": 0.9162546493469402,
            "error_source": "minos (custom)"
        },
        "rS7_bin10": {
            "value": -0.056386642624946845,
            "error": 0.18402308838745712,
            "error_low": -0.18402308838745712,
            "error_up": 0.18402308838745712,
            "error_source": "minos (custom)"
        },
        "rS5_bin10": {
            "value": 0.006395421220208017,
            "error": 0.012975601342852621,
            "error_low": -0.012998860612992066,
            "error_up": 0.012952342072713174,
            "error_source": "minos (custom)"
        },
        "rS8_bin10": {
            "value": -0.0022386260437819916,
            "error": 0.03327637159008821,
            "error_low": -0.033281984256956304,
            "error_up": 0.03327075892322013,
            "error_source": "minos (custom)"
        }
    },
    "covariance": [
        [
            3.5755832416695685e-05,
            -1.1015049293594785e-05,
            -2.1774419758101706e-07,
            -2.3750523088344623e-07,
            0.0013718401012468044,
            8.055816417331865e-05,
            -1.878468618835361e-07,
            6.838890871630171e-08
        ],
        [
            -1.1015049293594785e-05,
            0.000454252689593181,
            -1.0857539214198303e-07,
            -5.447005864103254e-09,
            -0.021771757341858235,
            -0.0012300662666127548,
            -1.5987940201325553e-06,
            6.33456219668981e-07
        ],
        [
            -2.1774419758101706e-07,
            -1.0857539214198303e-07,
            0.0003034265871492958,
            -3.9485667736222093e-07,
            9.216862851984035e-06,
            -4.957748437856513e-06,
            -2.3122386793480218e-07,
            -7.301344568239237e-05
        ],
        [
            -2.3750523088344623e-07,
            -5.447005864103254e-09,
            -3.9485667736222093e-07,
            7.280971916138433e-05,
            0.00024014560532549384,
            1.4573075843994971e-05,
            -2.8982954338681978e-05,
            -5.1387206518842e-07
        ],
        [
            0.0013718401012468044,
            -0.021771757341858235,
            9.216862851984035e-06,
            0.00024014560532549384,
            5.862062906999922,
            0.33119021530792314,
            0.000328300140644746,
            0.0004272609555398599
        ],
        [
            8.055816417331865e-05,
            -0.0012300662666127548,
            -4.957748437856513e-06,
            1.4573075843994971e-05,
            0.33119021530792314,
            0.02933996619354808,
            1.8533854026826146e-05,
            2.4412244386237554e-06
        ],
        [
            -1.878468618835361e-07,
            -1.5987940201325553e-06,
            -2.3122386793480218e-07,
            -2.8982954338681978e-05,
            0.000328300140644746,
            1.8533854026826146e-05,
            0.00016864661995092593,
            -1.1468924089606936e-07
        ],
        [
            6.838890871630171e-08,
            6.33456219668981e-07,
            -7.301344568239237e-05,
            -5.1387206518842e-07,
            0.0004272609555398599,
            2.4412244386237554e-06,
            -1.1468924089606936e-07,
            0.0011080839488968367
        ]
    ]
}