{
    "bin_index": "bin7",
    "valid": true,
    "converged": true,
    "fmin": 9999.999999931835,
    "status": 0,
    "parameters": {
        "rFL_bin7": {
            "value": -0.13814557188040766,
            "error": 0.008420492755449862,
            "error_low": -0.008426728863136385,
            "error_up": 0.00841425664776334,
            "error_source": "minos (custom)"
        },
        "rS3_bin7": {
            "value": -0.26103087919696577,
            "error": 0.023391033324730023,
            "error_low": -0.023502269413182213,
            "error_up": 0.023279797236277832,
            "error_source": "minos (custom)"
        },
        "rr1_bin7": {
            "value": -1.5497318967609388,
            "error": 0.3021064575282507,
            "error_low": -0.3815981607164159,
            "error_up": 0.22261475434008557,
            "error_source": "minos (custom)"
        },
        "a1_bin7": {
            "value": -1.4854682603738638,
            "error": 0.29061029320122855,
            "error_low": -0.2683213774018771,
            "error_up": 0.31289920900058,
            "error_source": "minos (custom)"
        },
        "rr2_bin7": {
            "value": 1.5523637427068948,
            "error": 0.3286197718184337,
            "error_low": -0.23435282375083588,
            "error_up": 0.4228867198860315,
            "error_source": "minos (custom)"
        },
        "a2_bin7": {
            "value": 3.1332526824202986,
            "error": 0.011981998369590477,
            "error_low": -0.011984875087707554,
            "error_up": 0.011979121651473402,
            "error_source": "minos (custom)"
        },
        "rr3_bin7": {
            "value": -1.508010006395942,
            "error": 0.34905414208231433,
            "error_low": -0.43793034298942424,
            "error_up": 0.26017794117520443,
            "error_source": "minos (custom)"
        },
        "a3_bin7": {
            "value": 1.1270120678665023,
            "error": 0.48254827743027995,
            "error_low": -0.6525006450116169,
            "error_up": 0.31259590984894303,
            "error_source": "minos (custom)"
        }
    },
    "covariance": [
        [
            7.110540472775396e-05,
            -7.269527538604873e-06,
            9.585364130804845e-06,
            -1.7759158739224828e-07,
            -0.0001408158006156619,
            1.1247269203275365e-07,
            1.3242220429297773e-05,
            9.169661213469355e-06
        ],
        [
            -7.269527538604873e-06,
            0.0005484737402251326,
            3.213565919324715e-05,
            -3.233031810528267e-07,
            0.0030895184980752263,
            1.1906317333288134e-06,
            -0.00013822501255611556,
            -4.0139591061168335e-05
        ],
        [
            9.585364130804845e-06,
            3.213565919324715e-05,
            0.07511907866432477,
            -0.009276361938570203,
            0.0004677674185248775,
            3.7458886345294875e-05,
            0.00911091272011775,
            0.008437481001837643
        ],
        [
            -1.7759158739224828e-07,
            -3.233031810528267e-07,
            -0.009276361938570203,
            0.06473804592314124,
            -0.00035241394036737255,
            -1.5427693804675244e-05,
            -0.0034980421706086507,
            0.011968270964167579
        ],
        [
            -0.0001408158006156619,
            0.0030895184980752263,
            0.0004677674185248775,
            -0.00035241394036737255,
            0.08549815647871394,
            3.272062818039232e-05,
            -0.0019059379030719938,
            0.0006445286496213564
        ],
        [
            1.1247269203275365e-07,
            1.1906317333288134e-06,
            3.7458886345294875e-05,
            -1.5427693804675244e-05,
            3.272062818039232e-05,
            0.00014390693185659177,
            2.41804811592039e-05,
            2.6894368293240276e-05
        ],
        [
            1.3242220429297773e-05,
            -0.00013822501255611556,
            0.00911091272011775,
            -0.0034980421706086507,
            -0.0019059379030719938,
            2.41804811592039e-05,
            0.10377467297927803,
            0.07239501488514348
        ],
        [
            9.169661213469355e-06,
            -4.0139591061168335e-05,
            0.008437481001837643,
            0.011968270964167579,
            0.0006445286496213564,
            2.6894368293240276e-05,
            0.07239501488514348,
            0.15455664685899553
        ]
    ]
}