{
    "bin_index": "bin7",
    "valid": true,
    "converged": true,
    "fmin": 9999.999999931835,
    "status": 0,
    "parameters": {
        "FL": {
            "value": 0.4313632851333408,
            "error": 0.004136750967409703,
            "error_low": -0.004136750967409703,
            "error_up": 0.004136750967409703,
            "error_source": "delta_method"
        },
        "AFB": {
            "value": 0.0015156655264495903,
            "error": 0.004472756171285867,
            "error_low": -0.004472756171285867,
            "error_up": 0.004472756171285867,
            "error_source": "delta_method"
        },
        "S3": {
            "value": -0.07257496054297276,
            "error": 0.006227696377262141,
            "error_low": -0.006227696377262141,
            "error_up": 0.006227696377262141,
            "error_source": "delta_method"
        },
        "S4": {
            "value": -0.2655291847658211,
            "error": 0.005979831582073743,
            "error_low": -0.005979831582073743,
            "error_up": 0.005979831582073743,
            "error_source": "delta_method"
        },
        "S5": {
            "value": 0.00857133993010493,
            "error": 0.005940787467778947,
            "error_low": -0.005940787467778947,
            "error_up": 0.005940787467778947,
            "error_source": "delta_method"
        },
        "S7": {
            "value": 0.00442911418087701,
            "error": 0.006370542675110927,
            "error_low": -0.006370542675110927,
            "error_up": 0.006370542675110927,
            "error_source": "delta_method"
        },
        "S8": {
            "value": 0.009014648224187153,
            "error": 0.006644409406423518,
            "error_low": -0.006644409406423518,
            "error_up": 0.006644409406423518,
            "error_source": "delta_method"
        },
        "S9": {
            "value": -0.011813114129769011,
            "error": 0.006236594062034693,
            "error_low": -0.006236594062034693,
            "error_up": 0.006236594062034693,
            "error_source": "delta_method"
        }
    },
    "covariance": [
        [
            1.7112708566365116e-05,
            -3.4896730427949326e-08,
            1.236201319913469e-06,
            -4.9918291159753095e-08,
            4.691799225076594e-08,
            -2.847139510914699e-08,
            1.539216535628513e-07,
            2.5986521805911806e-07
        ],
        [
            -3.4896730427949326e-08,
            2.000554776777581e-05,
            7.772590092962587e-08,
            1.1348189085675714e-07,
            -4.8449404732847095e-06,
            8.542295512248629e-08,
            4.0296403583782546e-07,
            -7.956780445188503e-08
        ],
        [
            1.236201319913469e-06,
            7.772590092962587e-08,
            3.8784202167364e-05,
            -4.236379281450738e-06,
            3.7991834159847515e-07,
            -1.0114707143173483e-07,
            1.6489209266849694e-07,
            -6.192980787854339e-07
        ],
        [
            -4.9918291159753095e-08,
            1.1348189085675717e-07,
            -4.236379281450736e-06,
            3.575838574996656e-05,
            7.354383212959638e-07,
            -9.152776776354612e-08,
            3.305915477185566e-07,
            2.340110143728174e-07
        ],
        [
            4.691799225076592e-08,
            -4.8449404732847095e-06,
            3.79918341598475e-07,
            7.354383212959637e-07,
            3.529295573731939e-05,
            3.191545037103009e-08,
            -1.6301393520266895e-07,
            -2.1017478294479044e-07
        ],
        [
            -2.8471395109146986e-08,
            8.542295512248628e-08,
            -1.0114707143173476e-07,
            -9.152776776354607e-08,
            3.191545037103007e-08,
            4.058381397540948e-05,
            -2.911006036723215e-07,
            4.5542765731769556e-07
        ],
        [
            1.539216535628513e-07,
            4.0296403583782546e-07,
            1.648920926684969e-07,
            3.305915477185564e-07,
            -1.6301393520266725e-07,
            -2.911006036723215e-07,
            4.4148176360169325e-05,
            -4.369328075423176e-06
        ],
        [
            2.59865218059118e-07,
            -7.956780445188588e-08,
            -6.192980787854339e-07,
            2.340110143728175e-07,
            -2.1017478294479063e-07,
            4.5542765731769566e-07,
            -4.369328075423175e-06,
            3.88951054946064e-05
        ]
    ]
}