{
  "nx": 4,
  "ny": 4,
  "coef": [
    0.054021682867686424,
    0.037752629100449214,
    0.047574740967429675,
    0.044736323683390214,
    0.04875556461556729,
    0.05763692059809671,
    0.024433062608619147,
    0.08597377926128724,
    0.02206234840726679,
    0.05977803549868724,
    0.029245256051005364,
    0.09374935034248572,
    -0.02371588675607944,
    0.10356470757131041,
    0.02297847323070777,
    0.06953694760391482,
    0.011714448734690157,
    0.11459457554116753,
    -0.027016260915942156,
    0.07500475009183236,
    0.03573205235755022,
    0.05702430947580096,
    0.019373094552313196,
    0.0744094317456373,
    0.03462987408891242
  ],
  "x_range": [
    -1.0,
    1.0
  ],
  "y_range": [
    -1.0,
    1.0
  ]
}