{
  "nx": 4,
  "ny": 4,
  "coef": [
    0.06254264722142458,
    0.024309213818190727,
    0.06731444247895961,
    0.02513895019636153,
    0.054997459638097365,
    0.045286142423091154,
    0.058777111622604926,
    0.02228470509975516,
    0.08763829370235719,
    0.03818460122360654,
    0.03814367869255026,
    0.054169063369507275,
    0.052929649261915346,
    0.022656902909850146,
    0.05218564529661359,
    0.06829433645119276,
    0.023231123781462505,
    0.08489196527572167,
    0.015415706186285651,
    0.05373839994414261,
    0.03317278980683419,
    0.06322623773706366,
    0.018288752678069963,
    0.06708289588675813,
    0.04030610747291285
  ],
  "x_range": [
    -1.0,
    1.0
  ],
  "y_range": [
    -1.0,
    1.0
  ]
}