{
  "n": 4,
  "coef": [
    0.04665728961919471,
    0.04877761956501493,
    0.04762331028020788,
    0.04580595984088284,
    0.04866607806986743
  ],
  "range": [
    -3.141592653589793,
    3.141592653589793
  ]
}