{
  "nx": 4,
  "ny": 4,
  "coef": [
    0.05392515777044326,
    0.03969454871908284,
    0.04324648061915549,
    0.0480239781411281,
    0.04713704811508429,
    0.05690918602519669,
    0.025705286594498847,
    0.08703170456667134,
    0.0200936229173521,
    0.061544600278052475,
    0.02841830980230781,
    0.09204606203121193,
    -0.02308434447418954,
    0.10505473278378837,
    0.02147683250504428,
    0.07104606144155569,
    0.012083746233519772,
    0.11510651771267678,
    -0.029872696339093462,
    0.07616031813697503,
    0.03465241095313883,
    0.05902264321849914,
    0.015427936237072367,
    0.07856200389894345,
    0.03334774846200115
  ],
  "x_range": [
    -1.0,
    1.0
  ],
  "y_range": [
    -1.0,
    1.0
  ]
}