{
  "n": 4,
  "coef": [
    0.04658202712107018,
    0.05056837219585921,
    0.04320601798223134,
    0.04951161017292987,
    0.047356859587645836
  ],
  "range": [
    -3.141592653589793,
    3.141592653589793
  ]
}