{
  "n": 4,
  "coef": [
    0.04653941062498084,
    0.05048646613590935,
    0.043449700622650446,
    0.049543106963766986,
    0.04734915814533951
  ],
  "range": [
    -3.141592653589793,
    3.141592653589793
  ]
}