{
  "nx": 4,
  "ny": 4,
  "coef": [
    0.2650561294633456,
    0.02594530066466108,
    0.16510353911277442,
    0.13143626073546794,
    0.07117087495816281,
    -0.013085091501285173,
    0.46155047629205914,
    -0.2040663100591698,
    0.21829661801287054,
    -0.03748871860903086,
    0.38431480135676055,
    -0.34795523293657715,
    0.7121939641292061,
    -0.1661546705712234,
    0.17304684748737556,
    -0.07001171909990304,
    0.5215112645752231,
    -0.25774259867572913,
    0.25302580607827163,
    -0.05521096814978521,
    0.3059589414487788,
    -0.005642411584982344,
    0.18853022200760516,
    0.12591628575713507,
    0.07039734564748289
  ],
  "x_range": [
    -1.0,
    1.0
  ],
  "y_range": [
    -1.0,
    1.0
  ]
}