{
  "n": 4,
  "coef": [
    0.12791889182605143,
    0.09883614029599808,
    0.1450613906654222,
    0.10123374874874003,
    0.12199119843407263
  ],
  "range": [
    -3.141592653589793,
    3.141592653589793
  ]
}