{
  "n": 4,
  "coef": [
    0.16140897622952288,
    0.12786304047592256,
    0.18854144410068263,
    0.1243197927481523,
    0.15964016959191513
  ],
  "range": [
    -3.141592653589793,
    3.141592653589793
  ]
}