{
  "n": 4,
  "coef": [
    0.12908719527370813,
    0.09754502621652583,
    0.14657106464709085,
    0.0967703163839342,
    0.12367869930707766
  ],
  "range": [
    -3.141592653589793,
    3.141592653589793
  ]
}