{
  "nx": 4,
  "ny": 4,
  "coef": [
    0.26069666858706037,
    -0.010928687208988146,
    0.21626120839275642,
    0.11054912287591315,
    0.0692947921695734,
    0.010711475061681634,
    0.49469123195737763,
    -0.2880057176571487,
    0.2598396778885356,
    -0.044632455290610676,
    0.3641163713605857,
    -0.38328356060327223,
    0.8218627591284646,
    -0.22244226827731367,
    0.1824589088403531,
    -0.043937971482575854,
    0.49508155232865797,
    -0.2663608048111061,
    0.2646160469832317,
    -0.05246981681515313,
    0.28401940973932516,
    0.032300385711552644,
    0.17168562592214393,
    0.1281391470031389,
    0.06560522320128505
  ],
  "x_range": [
    -1.0,
    1.0
  ],
  "y_range": [
    -1.0,
    1.0
  ]
}