{
  "nx": 4,
  "ny": 4,
  "coef": [
    0.34241142300772365,
    0.008849787948314626,
    0.22101578638466501,
    0.19051020806007063,
    0.07804092427460993,
    0.004116366579593209,
    0.5963758757115181,
    -0.24354185312441665,
    0.22684333555845712,
    -0.032143773186626395,
    0.4584112529657804,
    -0.4661965398958284,
    0.9329012093075209,
    -0.17527395991363903,
    0.2059332416046203,
    -0.07036954329588069,
    0.6746281302421578,
    -0.3247588703536628,
    0.28687700577829034,
    -0.04408770382314352,
    0.3877510092164142,
    0.0035484010974815173,
    0.2314265547878203,
    0.179414427647245,
    0.07102477410649762
  ],
  "x_range": [
    -1.0,
    1.0
  ],
  "y_range": [
    -1.0,
    1.0
  ]
}