{
    "bin_index": "bin1",
    "valid": true,
    "converged": true,
    "fmin": 9987.451870799356,
    "status": 0,
    "parameters": {
        "rFL_bin1_reco": {
            "value": 0.25001777613777815,
            "error": 0.09293829018224742,
            "error_low": -0.09257255198546725,
            "error_up": 0.0933040283790276,
            "error_source": "minos (custom)"
        },
        "rS3_bin1_reco": {
            "value": -0.0002803352348457358,
            "error": 0.1975990623971325,
            "error_low": -0.19688564996190963,
            "error_up": 0.1983124748323554,
            "error_source": "minos (custom)"
        },
        "rS9_bin1_reco": {
            "value": -0.16592474756095016,
            "error": 0.23962566492078724,
            "error_low": -0.2477281494722856,
            "error_up": 0.2315231803692889,
            "error_source": "minos (custom)"
        },
        "rAFB_bin1_reco": {
            "value": -0.29510620757045847,
            "error": 0.23529144110978298,
            "error_low": -0.2454367930442458,
            "error_up": 0.22514608917532017,
            "error_source": "minos (custom)"
        },
        "rS4_bin1_reco": {
            "value": -1.745357292317323,
            "error": 0.7512464667169596,
            "error_low": -0.49063616385738607,
            "error_up": 1.011856769576533,
            "error_source": "minos (custom)"
        },
        "rS7_bin1_reco": {
            "value": 2.9348046634623928,
            "error": 6.71694515564422,
            "error_low": -2.5381758498304983,
            "error_up": 10.895714461457942,
            "error_source": "minos (custom)"
        },
        "rS5_bin1_reco": {
            "value": -0.127819241418514,
            "error": 0.13101833779774294,
            "error_low": -0.13101833779774294,
            "error_up": 0.13101833779774294,
            "error_source": "minos (custom)"
        },
        "rS8_bin1_reco": {
            "value": 0.8169150516737831,
            "error": 0.7336704313085253,
            "error_low": -0.7336704313085253,
            "error_up": 0.7336704313085253,
            "error_source": "minos (custom)"
        }
    },
    "covariance": [
        [
            0.008707465738075876,
            -0.0004722716987518878,
            -0.0014154505432894889,
            -0.0001629090079019553,
            0.0026461327474795243,
            4.791028856527499e-08,
            8.927600951987505e-06,
            0.003640228226185953
        ],
        [
            -0.0004722716987518878,
            0.03870910947234679,
            0.0027617766964208035,
            -0.003100718410032508,
            0.004410369170566056,
            4.1049651873472634e-05,
            0.0016152104815541437,
            -0.02689348199123369
        ],
        [
            -0.0014154505432894889,
            0.0027617766964208035,
            0.055800819938994134,
            0.007643793173291883,
            -0.00876902732722279,
            -1.2680553384450921e-05,
            0.0011256098367872275,
            -0.012152396016950659
        ],
        [
            -0.0001629090079019553,
            -0.003100718410032508,
            0.007643793173291883,
            0.05395325454141656,
            0.006848138007896359,
            -2.2446768864972986e-06,
            -0.003425248525488905,
            0.009041338535045568
        ],
        [
            0.0026461327474795243,
            0.004410369170566056,
            -0.00876902732722279,
            0.006848138007896359,
            0.1652526765102432,
            -0.002559815282762843,
            -0.00018231553917102128,
            -0.038007804049105885
        ],
        [
            4.791028856527499e-08,
            4.1049651873472634e-05,
            -1.2680553384450921e-05,
            -2.2446768864972986e-06,
            -0.002559815282762843,
            1.558598481025525,
            3.5266455772367752e-06,
            -7.746538526418533e-05
        ],
        [
            8.927600951987505e-06,
            0.0016152104815541437,
            0.0011256098367872275,
            -0.003425248525488905,
            -0.00018231553917102128,
            3.5266455772367752e-06,
            0.017171848739586246,
            -0.0013328111351509253
        ],
        [
            0.003640228226185953,
            -0.02689348199123369,
            -0.012152396016950659,
            0.009041338535045568,
            -0.038007804049105885,
            -7.746538526418533e-05,
            -0.0013328111351509253,
            0.5376774612393215
        ]
    ]
}