{
    "bin_index": "bin1",
    "valid": true,
    "converged": true,
    "fmin": 9926.130142686023,
    "status": 0,
    "parameters": {
        "rFL_bin1": {
            "value": 0.34693181786142047,
            "error": 0.030751836867043393,
            "error_low": -0.0305616423767534,
            "error_up": 0.030942031357333383,
            "error_source": "minos (custom)"
        },
        "rS3_bin1": {
            "value": -0.11379596177316233,
            "error": 0.07668003170316975,
            "error_low": -0.07743840109631366,
            "error_up": 0.07592166231002587,
            "error_source": "minos (custom)"
        },
        "rS9_bin1": {
            "value": -0.1111217816886605,
            "error": 0.07812641657153785,
            "error_low": -0.07855062468870423,
            "error_up": 0.07770220845437147,
            "error_source": "minos (custom)"
        },
        "rAFB_bin1": {
            "value": 0.11005391558811749,
            "error": 0.0724984698255118,
            "error_low": -0.0719509605450516,
            "error_up": 0.07304597910597199,
            "error_source": "minos (custom)"
        },
        "rS4_bin1": {
            "value": -0.3706625555195016,
            "error": 0.1324883678019871,
            "error_low": -0.1386882973613722,
            "error_up": 0.12628843824260202,
            "error_source": "minos (custom)"
        },
        "rS7_bin1": {
            "value": -0.01987987393740704,
            "error": 0.042629078952026195,
            "error_low": -0.042565830735606956,
            "error_up": 0.04269232716844543,
            "error_source": "minos (custom)"
        },
        "rS5_bin1": {
            "value": 0.0020038086808430726,
            "error": 0.04321464403784543,
            "error_low": -0.04323223255615622,
            "error_up": 0.043197055519534636,
            "error_source": "minos (custom)"
        },
        "rS8_bin1": {
            "value": -0.09700085890990258,
            "error": 0.13617915246623857,
            "error_low": -0.13811126882495026,
            "error_up": 0.1342470361075269,
            "error_source": "minos (custom)"
        }
    },
    "covariance": [
        [
            0.0009479969874834926,
            -3.139517441853738e-05,
            -9.899682089310054e-05,
            5.697221095232482e-05,
            -5.235009800128475e-05,
            -3.271824722474816e-05,
            -9.605376970542119e-06,
            -2.221884547780884e-06
        ],
        [
            -3.139517441853738e-05,
            0.005877118392423604,
            -4.719532842955496e-05,
            -0.0002885179984828773,
            -0.0014553776698937428,
            -7.430585282557867e-05,
            -3.646651706192786e-05,
            0.00041762310851259853
        ],
        [
            -9.899682089310054e-05,
            -4.719532842955496e-05,
            0.0061000997796925895,
            -0.0003475931794980541,
            -0.00012109327582190405,
            2.4701373815515576e-05,
            3.4290996244056216e-05,
            -0.00015794119184697896
        ],
        [
            5.697221095232482e-05,
            -0.0002885179984828773,
            -0.0003475931794980541,
            0.005255509922830823,
            0.0005979211904627951,
            -4.012744086783392e-05,
            -0.00015624830412131082,
            6.027233192558993e-05
        ],
        [
            -5.235009800128475e-05,
            -0.0014553776698937428,
            -0.00012109327582190405,
            0.0005979211904627951,
            0.01731089963605842,
            0.00018529989505935423,
            0.00012248231299779683,
            -0.0011710450359323247
        ],
        [
            -3.271824722474816e-05,
            -7.430585282557867e-05,
            2.4701373815515576e-05,
            -4.012744086783392e-05,
            0.00018529989505935423,
            0.0018161162551031866,
            -6.0703612039095814e-05,
            0.00029110106891197816
        ],
        [
            -9.605376970542119e-06,
            -3.646651706192786e-05,
            3.4290996244056216e-05,
            -0.00015624830412131082,
            0.00012248231299779683,
            -6.0703612039095814e-05,
            0.0018689624879823408,
            5.5744844270478487e-05
        ],
        [
            -2.221884547780884e-06,
            0.00041762310851259853,
            -0.00015794119184697896,
            6.027233192558993e-05,
            -0.0011710450359323247,
            0.00029110106891197816,
            5.5744844270478487e-05,
            0.018323115989173477
        ]
    ]
}