{
    "bin_index": "bin1",
    "valid": true,
    "converged": true,
    "fmin": 9989.948743037265,
    "status": 0,
    "parameters": {
        "rFL_bin1": {
            "value": 0.044788249826279505,
            "error": 0.02969872741440001,
            "error_low": -0.029691910379201016,
            "error_up": 0.029705544449598997,
            "error_source": "minos (custom)"
        },
        "rS3_bin1": {
            "value": -0.09018483475059523,
            "error": 0.06655691080623352,
            "error_low": -0.06745699472518206,
            "error_up": 0.06565682688728498,
            "error_source": "minos (custom)"
        },
        "rS9_bin1": {
            "value": -0.08811174369754186,
            "error": 0.0670742799729794,
            "error_low": -0.0672847599556348,
            "error_up": 0.06686379999032402,
            "error_source": "minos (custom)"
        },
        "rAFB_bin1": {
            "value": 0.12445166848503035,
            "error": 0.06372425619552238,
            "error_low": -0.062236934240489226,
            "error_up": 0.06521157815055555,
            "error_source": "minos (custom)"
        },
        "rS4_bin1": {
            "value": -0.3545191117657748,
            "error": 0.12701338621674926,
            "error_low": -0.1304651099030694,
            "error_up": 0.12356166253042912,
            "error_source": "minos (custom)"
        },
        "rS7_bin1": {
            "value": -0.01523998249029623,
            "error": 0.040380145749181515,
            "error_low": -0.04015204230796695,
            "error_up": 0.04060824919039609,
            "error_source": "minos (custom)"
        },
        "rS5_bin1": {
            "value": 0.004140616649183187,
            "error": 0.04027375706611292,
            "error_low": -0.03982731278673465,
            "error_up": 0.04072020134549119,
            "error_source": "minos (custom)"
        },
        "rS8_bin1": {
            "value": -0.0890317593010319,
            "error": 0.1293127745333637,
            "error_low": -0.13239876127553055,
            "error_up": 0.12622678779119684,
            "error_source": "minos (custom)"
        }
    },
    "covariance": [
        [
            0.000883487642084763,
            -3.544841444418636e-05,
            -6.221475470596123e-05,
            3.533049114955777e-05,
            -5.4596179738393186e-05,
            -2.4876836854030816e-05,
            -9.732367325009886e-06,
            -2.361472602945885e-05
        ],
        [
            -3.544841444418636e-05,
            0.004426705164697124,
            -6.18876732700334e-05,
            -0.00019651274637623795,
            -0.00103055487913547,
            -4.3804957567231884e-05,
            -2.153418778881378e-05,
            0.00026003749955960296
        ],
        [
            -6.221475470596123e-05,
            -6.18876732700334e-05,
            0.004496359281280944,
            -0.00019426237566439085,
            -5.89689033221991e-05,
            1.790023564109829e-05,
            7.249339383183097e-06,
            -0.0001435255658926247
        ],
        [
            3.533049114955777e-05,
            -0.00019651274637623795,
            -0.00019426237566439085,
            0.004057237938842501,
            0.00046234486351623373,
            -1.9099281144934388e-05,
            -0.00010238814679249901,
            0.00012546904811401666
        ],
        [
            -5.4596179738393186e-05,
            -0.00103055487913547,
            -5.89689033221991e-05,
            0.00046234486351623373,
            0.015993460161542027,
            0.00015801736524626074,
            0.00024057447652839874,
            -0.0007407951868408306
        ],
        [
            -2.4876836854030816e-05,
            -4.3804957567231884e-05,
            1.790023564109829e-05,
            -1.9099281144934388e-05,
            0.00015801736524626074,
            0.001631728876690833,
            -4.1194264297759214e-05,
            0.0003303606726758145
        ],
        [
            -9.732367325009886e-06,
            -2.153418778881378e-05,
            7.249339383183097e-06,
            -0.00010238814679249901,
            0.00024057447652839874,
            -4.1194264297759214e-05,
            0.001622110003114457,
            6.726215545243136e-05
        ],
        [
            -2.361472602945885e-05,
            0.00026003749955960296,
            -0.0001435255658926247,
            0.00012546904811401666,
            -0.0007407951868408306,
            0.0003303606726758145,
            6.726215545243136e-05,
            0.016516720110527492
        ]
    ]
}