{
    "bin_index": "bin9",
    "valid": true,
    "converged": true,
    "fmin": 9689.853524234073,
    "status": 0,
    "parameters": {
        "FL_bin9": {
            "value": 0.3760050823262233,
            "error": 0.00950759077337774,
            "error_low": -0.009515385548939029,
            "error_up": 0.00949979599781645,
            "error_source": "minos (custom)"
        },
        "S3_bin9": {
            "value": -0.1509493394519245,
            "error": 0.014005750439099332,
            "error_low": -0.013798554350000887,
            "error_up": 0.014212946528197778,
            "error_source": "minos (custom)"
        },
        "S9_bin9": {
            "value": -0.009222019253084218,
            "error": 0.014794598743059443,
            "error_low": -0.014575899263418355,
            "error_up": 0.015013298222700531,
            "error_source": "minos (custom)"
        },
        "AFB_bin9": {
            "value": 0.009844353372373459,
            "error": 0.010785983322254382,
            "error_low": -0.010712388797594667,
            "error_up": 0.010859577846914097,
            "error_source": "minos (custom)"
        },
        "S4_bin9": {
            "value": -0.30075970106431954,
            "error": 0.013870666869895524,
            "error_low": -0.01347423712574143,
            "error_up": 0.014267096614049618,
            "error_source": "minos (custom)"
        },
        "S7_bin9": {
            "value": -0.003529397243148601,
            "error": 0.014752787163578565,
            "error_low": -0.014776831786261569,
            "error_up": 0.014728742540895562,
            "error_source": "minos (custom)"
        },
        "S5_bin9": {
            "value": -0.01671388063814897,
            "error": 0.013250795838617421,
            "error_low": -0.013263909327173551,
            "error_up": 0.01323768235006129,
            "error_source": "minos (custom)"
        },
        "S8_bin9": {
            "value": 0.0005207966072462065,
            "error": 0.01547127194203325,
            "error_low": -0.015677891782512932,
            "error_up": 0.015264652101553568,
            "error_source": "minos (custom)"
        }
    },
    "covariance": [
        [
            9.057720846198788e-05,
            1.3270581261982076e-05,
            2.7939365457660035e-07,
            -1.1810084365334375e-06,
            -2.0125027468331118e-06,
            1.3106599783151586e-06,
            -7.716987516911619e-07,
            -1.0246968606915467e-06
        ],
        [
            1.3270581261982076e-05,
            0.0001965165262627771,
            -4.1063795769938185e-06,
            2.756511139775435e-07,
            -2.923671060701275e-05,
            3.0404412570996005e-08,
            -1.5309486470113503e-07,
            2.5439948188456906e-06
        ],
        [
            2.7939365457660035e-07,
            -4.1063795769938185e-06,
            0.00021933738440991547,
            6.367481534653565e-07,
            2.911450057635034e-06,
            -4.298920643730198e-06,
            -2.2752456439992265e-06,
            -3.0179806812513138e-05
        ],
        [
            -1.1810084365334375e-06,
            2.756511139775435e-07,
            6.367481534653565e-07,
            0.00011654330378033639,
            -3.194941480692224e-06,
            3.2152940649030567e-07,
            -3.109540334413905e-05,
            -2.0714400172145085e-06
        ],
        [
            -2.0125027468331118e-06,
            -2.923671060701275e-05,
            2.911450057635034e-06,
            -3.194941480692224e-06,
            0.00019267708928887166,
            -1.676582079920351e-06,
            -7.8370689205002e-06,
            -4.9568321556272054e-06
        ],
        [
            1.3106599783151586e-06,
            3.0404412570996005e-08,
            -4.298920643730198e-06,
            3.2152940649030567e-07,
            -1.676582079920351e-06,
            0.00021810039350765885,
            -2.0571177534970195e-06,
            1.0391934622607688e-06
        ],
        [
            -7.716987516911619e-07,
            -1.5309486470113503e-07,
            -2.2752456439992265e-06,
            -3.109540334413905e-05,
            -7.8370689205002e-06,
            -2.0571177534970195e-06,
            0.00017581176088384223,
            -6.128157407529368e-07
        ],
        [
            -1.0246968606915467e-06,
            2.5439948188456906e-06,
            -3.0179806812513138e-05,
            -2.0714400172145085e-06,
            -4.9568321556272054e-06,
            1.0391934622607688e-06,
            -6.128157407529368e-07,
            0.00023986970176737552
        ]
    ]
}