{
    "bin_index": "bin9",
    "valid": true,
    "converged": true,
    "fmin": 8006.550690518732,
    "status": 0,
    "parameters": {
        "FL_bin9": {
            "value": 0.3627987008694097,
            "error": 0.0038832211476762446,
            "error_low": -0.0038916257915465875,
            "error_up": 0.003874816503805901,
            "error_source": "minos (custom)"
        },
        "S3_bin9": {
            "value": -0.14331543103776853,
            "error": 0.005935289209375701,
            "error_low": -0.005923432038685528,
            "error_up": 0.005947146380065872,
            "error_source": "minos (custom)"
        },
        "S9_bin9": {
            "value": 0.010630245457269526,
            "error": 0.0061310911442481325,
            "error_low": -0.0060870867718221325,
            "error_up": 0.006175095516674133,
            "error_source": "minos (custom)"
        },
        "AFB_bin9": {
            "value": 0.0036780760901567247,
            "error": 0.004449844064911883,
            "error_low": -0.0044587328960763485,
            "error_up": 0.004440955233747416,
            "error_source": "minos (custom)"
        },
        "S4_bin9": {
            "value": -0.2919603839094571,
            "error": 0.005305435725349141,
            "error_low": -0.00532093097629081,
            "error_up": 0.005289940474407472,
            "error_source": "minos (custom)"
        },
        "S7_bin9": {
            "value": -0.016660406801892246,
            "error": 0.006092795005194397,
            "error_low": -0.006216237835568939,
            "error_up": 0.0059693521748198555,
            "error_source": "minos (custom)"
        },
        "S5_bin9": {
            "value": -0.0026713011992753936,
            "error": 0.005304458707000491,
            "error_low": -0.005283965050591338,
            "error_up": 0.005324952363409643,
            "error_source": "minos (custom)"
        },
        "S8_bin9": {
            "value": -0.006626174476556153,
            "error": 0.006391783328725487,
            "error_low": -0.006420028975795696,
            "error_up": 0.006363537681655277,
            "error_source": "minos (custom)"
        }
    },
    "covariance": [
        [
            1.5114233960641785e-05,
            1.8911227065942302e-06,
            -8.639008969391823e-09,
            -5.680796720195941e-08,
            -1.2703009487104196e-06,
            7.046884777533925e-08,
            -6.848716924483919e-08,
            1.3479918662761468e-07
        ],
        [
            1.8911227065942302e-06,
            3.5308985419014896e-05,
            3.2379519894425166e-07,
            1.1534812119563258e-07,
            -5.319437850338166e-06,
            4.562252787669369e-07,
            2.0410039822613003e-07,
            2.246704347889653e-08
        ],
        [
            -8.639008969391823e-09,
            3.2379519894425166e-07,
            3.7677886421508046e-05,
            -9.974139660190717e-08,
            3.025440294539572e-08,
            -1.74913289767285e-07,
            -1.1750957008118458e-09,
            -4.409564158161398e-06
        ],
        [
            -5.680796720195941e-08,
            1.1534812119563258e-07,
            -9.974139660190717e-08,
            1.984621348013421e-05,
            -3.0378102594004964e-08,
            -1.4169076584245705e-07,
            -5.218068574838838e-06,
            -6.194753724970095e-07
        ],
        [
            -1.2703009487104196e-06,
            -5.319437850338166e-06,
            3.025440294539572e-08,
            -3.0378102594004964e-08,
            2.8213585913474682e-05,
            -3.584080183012137e-07,
            -5.6484504586644756e-08,
            9.746967064155781e-08
        ],
        [
            7.046884777533925e-08,
            4.562252787669369e-07,
            -1.74913289767285e-07,
            -1.4169076584245705e-07,
            -3.584080183012137e-07,
            3.7209326525085306e-05,
            3.8317401703120075e-07,
            1.6858344596343565e-07
        ],
        [
            -6.848716924483919e-08,
            2.0410039822613003e-07,
            -1.1750957008118458e-09,
            -5.218068574838838e-06,
            -5.6484504586644756e-08,
            3.8317401703120075e-07,
            2.8205464499273018e-05,
            -1.3962876521162875e-07
        ],
        [
            1.3479918662761468e-07,
            2.246704347889653e-08,
            -4.409564158161398e-06,
            -6.194753724970095e-07,
            9.746967064155781e-08,
            1.6858344596343565e-07,
            -1.3962876521162875e-07,
            4.095271720922155e-05
        ]
    ]
}