{
    "bin_index": "bin5",
    "valid": true,
    "converged": true,
    "fmin": 9814.537175765505,
    "status": 0,
    "parameters": {
        "rFL_bin5": {
            "value": -0.14586939945114108,
            "error": 0.021993770632474575,
            "error_low": -0.021929046483285922,
            "error_up": 0.02205849478166323,
            "error_source": "minos (custom)"
        },
        "rS3_bin5": {
            "value": -0.06425469100946495,
            "error": 0.04759226864585643,
            "error_low": -0.04787582237211869,
            "error_up": 0.04730871491959418,
            "error_source": "minos (custom)"
        },
        "rS9_bin5": {
            "value": 0.01520218103365775,
            "error": 0.052360097581692445,
            "error_low": -0.051736223151293476,
            "error_up": 0.052983972012091415,
            "error_source": "minos (custom)"
        },
        "rAFB_bin5": {
            "value": 0.03654505939477544,
            "error": 0.02885236537135001,
            "error_low": -0.028773271041665802,
            "error_up": 0.028931459701034216,
            "error_source": "minos (custom)"
        },
        "rS4_bin5": {
            "value": -4.945823169012385,
            "error": 2.4741285237724258,
            "error_low": -2.531195255990414,
            "error_up": 2.417061791554437,
            "error_source": "minos (custom)"
        },
        "rS7_bin5": {
            "value": 1.7094441167809518,
            "error": 12.382435469478928,
            "error_low": -12.382435469478928,
            "error_up": 12.382435469478928,
            "error_source": "minos (custom)"
        },
        "rS5_bin5": {
            "value": -0.03097411250327856,
            "error": 0.03113311652561406,
            "error_low": -0.03095051453590238,
            "error_up": 0.03131571851532574,
            "error_source": "minos (custom)"
        },
        "rS8_bin5": {
            "value": 0.004077269545211846,
            "error": 0.07272007443051895,
            "error_low": -0.07176210031723937,
            "error_up": 0.07367804854379853,
            "error_source": "minos (custom)"
        }
    },
    "covariance": [
        [
            0.00048450202834228283,
            -4.555647650804973e-06,
            1.4961763326766712e-05,
            -1.1234329850883523e-05,
            -0.000844177211317777,
            -6.298095570182546e-06,
            -1.066514446779308e-05,
            -4.734848744905838e-06
        ],
        [
            -4.555647650804973e-06,
            0.0022663626513991695,
            3.2463768883692504e-05,
            -4.985125717128053e-06,
            -0.0010281676070814714,
            0.00040334322825215195,
            2.9721012017348185e-05,
            -1.2271642314661894e-05
        ],
        [
            1.4961763326766712e-05,
            3.2463768883692504e-05,
            0.002742186564150937,
            3.629367021483373e-05,
            0.0018473354174083868,
            7.562526258890731e-06,
            5.970094756738013e-06,
            -0.00027231327170869856
        ],
        [
            -1.1234329850883523e-05,
            -4.985125717128053e-06,
            3.629367021483373e-05,
            0.0008336067674353479,
            -2.3714667366818912e-05,
            -4.027129180865059e-06,
            -0.00012866895174864037,
            2.9226213686729855e-05
        ],
        [
            -0.000844177211317777,
            -0.0010281676070814714,
            0.0018473354174083868,
            -2.3714667366818912e-05,
            5.137327842595181,
            -5.47207600064343,
            0.0009256732650845453,
            0.004786545620103925
        ],
        [
            -6.298095570182546e-06,
            0.00040334322825215195,
            7.562526258890731e-06,
            -4.027129180865059e-06,
            -5.47207600064343,
            2776.7609886508512,
            -2.0849930842062668e-06,
            1.0313738282248329e-05
        ],
        [
            -1.066514446779308e-05,
            2.9721012017348185e-05,
            5.970094756738013e-06,
            -0.00012866895174864037,
            0.0009256732650845453,
            -2.0849930842062668e-06,
            0.0009704660388817516,
            -1.1773586479331232e-05
        ],
        [
            -4.734848744905838e-06,
            -1.2271642314661894e-05,
            -0.00027231327170869856,
            2.9226213686729855e-05,
            0.004786545620103925,
            1.0313738282248329e-05,
            -1.1773586479331232e-05,
            0.00527571305595992
        ]
    ]
}