{
    "bin_index": "bin5",
    "valid": true,
    "converged": true,
    "fmin": 9838.41943264827,
    "status": 0,
    "parameters": {
        "rFL_bin5": {
            "value": 0.040674373472713535,
            "error": 0.018975865963377865,
            "error_low": -0.02142089430197332,
            "error_up": 0.016530837624782413,
            "error_source": "minos (custom)"
        },
        "rS3_bin5": {
            "value": -0.07958388863650037,
            "error": 0.04394534241982357,
            "error_low": -0.04987544436684326,
            "error_up": 0.03801524047280388,
            "error_source": "minos (custom)"
        },
        "rS9_bin5": {
            "value": 0.028683448078927545,
            "error": 0.04960521155734897,
            "error_low": -0.042641393111545495,
            "error_up": 0.05656903000315245,
            "error_source": "minos (custom)"
        },
        "rAFB_bin5": {
            "value": 0.032609274695866115,
            "error": 0.02641030604499575,
            "error_low": -0.02253192529194947,
            "error_up": 0.030288686798042037,
            "error_source": "minos (custom)"
        },
        "rS4_bin5": {
            "value": -6.106927826176017,
            "error": 146.4585520696075,
            "error_low": -146.4585520696075,
            "error_up": 146.4585520696075,
            "error_source": "minos (custom)"
        },
        "rS7_bin5": {
            "value": 0.7256694554451252,
            "error": 116.57628819951022,
            "error_low": -116.57628819951022,
            "error_up": 116.57628819951022,
            "error_source": "minos (custom)"
        },
        "rS5_bin5": {
            "value": -0.03457173977746112,
            "error": 0.023684655346814937,
            "error_low": -0.023684655346814937,
            "error_up": 0.023684655346814937,
            "error_source": "minos (custom)"
        },
        "rS8_bin5": {
            "value": 0.0027967578519194664,
            "error": 0.06327652914472853,
            "error_low": -0.055381096249433694,
            "error_up": 0.07117196204002338,
            "error_source": "minos (custom)"
        }
    },
    "covariance": [
        [
            0.00019851238526122884,
            4.130579494156742e-06,
            -2.0587712350549297e-06,
            -2.0585290165931823e-06,
            -0.18646722680703565,
            0.16615305500289784,
            -4.616819920887597e-06,
            -1.0980695895188033e-05
        ],
        [
            4.130579494156742e-06,
            0.0010662816215528963,
            8.668560629299355e-07,
            -1.0916802458327148e-06,
            -0.2289075577012382,
            0.20406096140445273,
            4.239591209145742e-06,
            -1.3504625008172609e-05
        ],
        [
            -2.0587712350549297e-06,
            8.668560629299355e-07,
            0.0013346317762980798,
            8.427847993774244e-06,
            0.3616374567248309,
            -0.32226720279607196,
            5.41300764178027e-06,
            -3.8435773589723374e-05
        ],
        [
            -2.0585290165931823e-06,
            -1.0916802458327148e-06,
            8.427847993774244e-06,
            0.00037571787669383165,
            0.00627671825980941,
            -0.0055906742687265405,
            -2.7512430622633597e-05,
            6.132657654158459e-06
        ],
        [
            -0.18646722680703565,
            -0.2289075577012382,
            0.3616374567248309,
            0.00627671825980941,
            14356.586053361663,
            -12835.117166772543,
            0.19381858517739237,
            0.8020050230638017
        ],
        [
            0.16615305500289784,
            0.20406096140445273,
            -0.32226720279607196,
            -0.0055906742687265405,
            -12835.117166772543,
            11507.541055584985,
            -0.17272797365408094,
            -0.7147118610355709
        ],
        [
            -4.616819920887597e-06,
            4.239591209145742e-06,
            5.41300764178027e-06,
            -2.7512430622633597e-05,
            0.19381858517739237,
            -0.17272797365408094,
            0.00041051054122216615,
            1.1679391090805212e-05
        ],
        [
            -1.0980695895188033e-05,
            -1.3504625008172609e-05,
            -3.8435773589723374e-05,
            6.132657654158459e-06,
            0.8020050230638017,
            -0.7147118610355709,
            1.1679391090805212e-05,
            0.0021983575153323867
        ]
    ]
}