{
    "bin_index": "bin5",
    "valid": true,
    "converged": true,
    "fmin": 9820.57700288171,
    "status": 0,
    "parameters": {
        "rFL_bin5_reco": {
            "value": 0.06779875027251131,
            "error": 0.021663121765875246,
            "error_low": -0.021663121765875246,
            "error_up": 0.021663121765875246,
            "error_source": "minos (custom)"
        },
        "rS3_bin5_reco": {
            "value": -0.1501051539695194,
            "error": 0.05138952361863787,
            "error_low": -0.05138952361863787,
            "error_up": 0.05138952361863787,
            "error_source": "minos (custom)"
        },
        "rS9_bin5_reco": {
            "value": -0.008312591775142694,
            "error": 0.058826816078396245,
            "error_low": -0.058826816078396245,
            "error_up": 0.058826816078396245,
            "error_source": "minos (custom)"
        },
        "rAFB_bin5_reco": {
            "value": 0.05779986662862836,
            "error": 0.03132760331685735,
            "error_low": -0.03132760331685735,
            "error_up": 0.03132760331685735,
            "error_source": "minos (custom)"
        },
        "rS4_bin5_reco": {
            "value": -3.9651911272232128,
            "error": 1.4395311808402047,
            "error_low": -1.5185159637824162,
            "error_up": 1.3605463978979935,
            "error_source": "minos (custom)"
        },
        "rS7_bin5_reco": {
            "value": 2.8688898957134654,
            "error": 16.502242998251575,
            "error_low": -16.502242998251575,
            "error_up": 16.502242998251575,
            "error_source": "minos (custom)"
        },
        "rS5_bin5_reco": {
            "value": -0.020525488109831166,
            "error": 0.03310458747449466,
            "error_low": -0.033095046516504675,
            "error_up": 0.03311412843248464,
            "error_source": "minos (custom)"
        },
        "rS8_bin5_reco": {
            "value": 0.0487419845698112,
            "error": 0.07681579081206846,
            "error_low": -0.0764741377867463,
            "error_up": 0.07715744383739064,
            "error_source": "minos (custom)"
        }
    },
    "covariance": [
        [
            0.00046930225288288564,
            3.106964499292628e-06,
            -2.5909115291451413e-05,
            -1.0908082715202063e-05,
            -0.00022854493181784978,
            -4.795255289542229e-07,
            -9.035146612464984e-06,
            2.305164049358063e-05
        ],
        [
            3.106964499292628e-06,
            0.002640489459434621,
            -0.00016707033140518732,
            2.147266061064955e-05,
            0.0004643447142206302,
            6.354673519840844e-06,
            3.607998057453794e-05,
            -0.00013228228206372584
        ],
        [
            -2.5909115291451413e-05,
            -0.00016707033140518732,
            0.0034606065982562004,
            1.3376375684468091e-05,
            0.00015425847921351918,
            1.3274165051895926e-07,
            2.2815125721109698e-05,
            -0.00032240753742551526
        ],
        [
            -1.0908082715202063e-05,
            2.147266061064955e-05,
            1.3376375684468091e-05,
            0.0009813715489322907,
            -7.91594502639037e-05,
            -2.5522225975891597e-07,
            -0.00017467732876600344,
            7.954133900843518e-05
        ],
        [
            -0.00022854493181784978,
            0.0004643447142206302,
            0.00015425847921351918,
            -7.91594502639037e-05,
            0.6283630285283552,
            -0.009887387606621426,
            -0.0005472017048090456,
            0.002062563222964091
        ],
        [
            -4.795255289542229e-07,
            6.354673519840844e-06,
            1.3274165051895926e-07,
            -2.5522225975891597e-07,
            -0.009887387606621426,
            8.853642898864893,
            -7.616874095048095e-07,
            2.98949442563092e-06
        ],
        [
            -9.035146612464984e-06,
            3.607998057453794e-05,
            2.2815125721109698e-05,
            -0.00017467732876600344,
            -0.0005472017048090456,
            -7.616874095048095e-07,
            0.0010974571746158771,
            1.8846685690541878e-05
        ],
        [
            2.305164049358063e-05,
            -0.00013228228206372584,
            -0.00032240753742551526,
            7.954133900843518e-05,
            0.002062563222964091,
            2.98949442563092e-06,
            1.8846685690541878e-05,
            0.005886350370675177
        ]
    ]
}