{
    "bin_index": "bin9",
    "valid": true,
    "converged": true,
    "fmin": 97961.95364642826,
    "status": "Optimization terminated successfully",
    "parameters": {
        "FL": {
            "value": 0.36292240810800797,
            "error": 0.0038910384494243565,
            "error_low": -0.0038910384494243565,
            "error_up": 0.0038910384494243565,
            "error_source": "hessian"
        },
        "S3": {
            "value": -0.14452024222603133,
            "error": 0.0059368199846506165,
            "error_low": -0.0059368199846506165,
            "error_up": 0.0059368199846506165,
            "error_source": "hessian"
        },
        "S9": {
            "value": 0.010671762656930435,
            "error": 0.006137519631591328,
            "error_low": -0.006137519631591328,
            "error_up": 0.006137519631591328,
            "error_source": "hessian"
        },
        "AFB": {
            "value": 0.003662414780150311,
            "error": 0.0044572246365527654,
            "error_low": -0.0044572246365527654,
            "error_up": 0.0044572246365527654,
            "error_source": "hessian"
        },
        "S4": {
            "value": -0.28975313908151146,
            "error": 0.005347973443600161,
            "error_low": -0.005347973443600161,
            "error_up": 0.005347973443600161,
            "error_source": "hessian"
        },
        "S7": {
            "value": -0.016777272178136154,
            "error": 0.006109376560332346,
            "error_low": -0.006109376560332346,
            "error_up": 0.006109376560332346,
            "error_source": "hessian"
        },
        "S5": {
            "value": -0.0026601168790087847,
            "error": 0.005322406906986316,
            "error_low": -0.005322406906986316,
            "error_up": 0.005322406906986316,
            "error_source": "hessian"
        },
        "S8": {
            "value": -0.00664694817360903,
            "error": 0.0064130629563715355,
            "error_low": -0.0064130629563715355,
            "error_up": 0.0064130629563715355,
            "error_source": "hessian"
        }
    },
    "covariance": [
        [
            1.51401802148987e-05,
            1.920736855793037e-06,
            -8.338915744882518e-09,
            -5.503470866083144e-08,
            -1.2474440193875993e-06,
            6.771851671009202e-08,
            -6.796735669758781e-08,
            1.345254123743702e-07
        ],
        [
            1.920736855793037e-06,
            3.524583153014694e-05,
            3.238348549215427e-07,
            1.1653234191622612e-07,
            -5.272953976954557e-06,
            4.590901807927691e-07,
            1.9970041419308094e-07,
            2.4301812196238364e-08
        ],
        [
            -8.338915744882516e-09,
            3.238348549215427e-07,
            3.7669147228168955e-05,
            -9.864245722355442e-08,
            2.9928592056953164e-08,
            -1.7617447629262593e-07,
            -2.0613913298532135e-09,
            -4.334447293891013e-06
        ],
        [
            -5.503470866083144e-08,
            1.1653234191622615e-07,
            -9.864245722355441e-08,
            1.9866851460692933e-05,
            -2.6371177397499518e-08,
            -1.4165980656218074e-07,
            -5.125371794114544e-06,
            -6.224070143296885e-07
        ],
        [
            -1.2474440193875995e-06,
            -5.272953976954556e-06,
            2.9928592056953164e-08,
            -2.6371177397499514e-08,
            2.8600819953452562e-05,
            -3.567150395588126e-07,
            -4.271997610898705e-08,
            9.866827931100367e-08
        ],
        [
            6.771851671009205e-08,
            4.590901807927692e-07,
            -1.7617447629262593e-07,
            -1.4165980656218077e-07,
            -3.5671503955881255e-07,
            3.732448195593829e-05,
            3.8653147087168975e-07,
            1.6817568402000914e-07
        ],
        [
            -6.796735669758781e-08,
            1.9970041419308094e-07,
            -2.0613913298532164e-09,
            -5.125371794114543e-06,
            -4.271997610898704e-08,
            3.865314708716897e-07,
            2.8328015283535644e-05,
            -1.3738001349420346e-07
        ],
        [
            1.3452541237437017e-07,
            2.4301812196238334e-08,
            -4.334447293891014e-06,
            -6.224070143296885e-07,
            9.866827931100367e-08,
            1.6817568402000914e-07,
            -1.3738001349420346e-07,
            4.112737648238482e-05
        ]
    ]
}