{
  "nx": 4,
  "ny": 4,
  "coef": [
    0.02212352186507744,
    0.015597103028777138,
    0.010372937360777799,
    0.03198750477489453,
    0.013417785604001264,
    0.03909334181843058,
    0.025315037636963748,
    0.07505978819835944,
    0.020946734533649064,
    0.05182759513195412,
    0.03272208549599369,
    0.05285402129878212,
    0.01251952908973038,
    0.042890843634198164,
    0.01570061953482649,
    0.04661857892982834,
    0.016385726316404694,
    0.07213996481273031,
    0.025279528994717054,
    0.056158381229905276,
    0.018699785762310177,
    0.025315299735799848,
    0.005398426549893103,
    0.03422645939332716,
    0.012162868467324438
  ],
  "x_range": [
    -1.0,
    1.0
  ],
  "y_range": [
    -1.0,
    1.0
  ]
}