{
  "nx": 4,
  "ny": 4,
  "coef": [
    0.021904474426986387,
    0.016388380003331975,
    0.008770302672231927,
    0.03290126661203972,
    0.013294558822752474,
    0.040434600890258646,
    0.022186636385061926,
    0.08008456551888864,
    0.01752598008882647,
    0.05294723986812376,
    0.031168478690431854,
    0.05630809861099208,
    0.008093231063766089,
    0.046133592575251244,
    0.01468404793169465,
    0.04709389295359672,
    0.015071326478852412,
    0.0738085811939282,
    0.02363363915892105,
    0.0566847857471506,
    0.018512183836691246,
    0.025706581203673636,
    0.004983941345629634,
    0.034474496121875614,
    0.012162787544396031
  ],
  "x_range": [
    -1.0,
    1.0
  ],
  "y_range": [
    -1.0,
    1.0
  ]
}