{
  "n": 4,
  "coef": [
    0.03308864231943333,
    0.02847268004950351,
    0.0336366800583013,
    0.03060216240263533,
    0.032745635968178755
  ],
  "range": [
    -3.141592653589793,
    3.141592653589793
  ]
}