{
  "n": 4,
  "coef": [
    0.0323992558869487,
    0.03136663355048705,
    0.02923648893309304,
    0.0331249724847948,
    0.03205316284989658
  ],
  "range": [
    -3.141592653589793,
    3.141592653589793
  ]
}