{
  "nx": 4,
  "ny": 4,
  "coef": [
    0.02271325012851468,
    0.018499553399674525,
    -0.0002759490566908107,
    0.04075260985935647,
    0.009780835236856711,
    0.03796212637036248,
    0.024752498360244964,
    0.08503487484299647,
    0.020340135019240597,
    0.053787643036960195,
    0.035977320567586714,
    0.04984178411096739,
    0.00608425196517309,
    0.03167313078943641,
    0.01710539598747272,
    0.04590586458662534,
    0.018092512635322466,
    0.06963369304185103,
    0.03859018578833151,
    0.05410747392337605,
    0.018116708088100477,
    0.02853923831674294,
    0.0013074263269169575,
    0.03609554374901251,
    0.010313864201577391
  ],
  "x_range": [
    -1.0,
    1.0
  ],
  "y_range": [
    -1.0,
    1.0
  ]
}