{
  "n": 4,
  "coef": [
    0.03239465253729833,
    0.031361767948897515,
    0.02935371509614184,
    0.03302489355967586,
    0.032042678603007836
  ],
  "range": [
    -3.141592653589793,
    3.141592653589793
  ]
}