{
  "n": 4,
  "coef": [
    0.12785614521519825,
    0.1294525727019182,
    0.1415649286080185,
    0.12242344154399627,
    0.13040677525810984
  ],
  "range": [
    -3.141592653589793,
    3.141592653589793
  ]
}