{
  "nx": 4,
  "ny": 4,
  "coef": [
    0.3493361422881644,
    0.3944477515975545,
    0.08698209916817812,
    0.40125619953271535,
    -0.020984764343313516,
    0.028885164463515117,
    -0.11736704248051294,
    0.1727221696268264,
    0.09413896611364007,
    0.02948230813143133,
    0.31833325758001196,
    0.29992560447942074,
    0.27783042634961574,
    0.4500499727963855,
    -0.03182726809461588,
    0.011750187544821173,
    0.00024088998034568743,
    0.1795919878482589,
    0.03539982835980286,
    0.016706112296396517,
    0.3609422398078257,
    0.3631039891645984,
    0.06213802859575575,
    0.4451982662735999,
    -0.018890385962613818
  ],
  "x_range": [
    -1.0,
    1.0
  ],
  "y_range": [
    -1.0,
    1.0
  ]
}