{
  "nx": 4,
  "ny": 4,
  "coef": [
    0.27358753334170866,
    0.2908960618352344,
    0.07360087819676048,
    0.30983124600287815,
    -0.013888329662248872,
    0.023716289532987742,
    -0.053245511907667964,
    0.0627997826400205,
    0.1403056399509168,
    0.0017623725472711482,
    0.23988485456679173,
    0.20188828045260535,
    0.3424580315466697,
    0.23885426059633627,
    0.0033080157566267145,
    0.032160101341687126,
    -0.04559542784265005,
    0.11707189792606984,
    0.0727913853950845,
    -0.002496514411074569,
    0.2657041595240842,
    0.3102942919158859,
    0.046948127752559694,
    0.33275605897353755,
    -0.009895582111670072
  ],
  "x_range": [
    -1.0,
    1.0
  ],
  "y_range": [
    -1.0,
    1.0
  ]
}