{
  "nx": 4,
  "ny": 4,
  "coef": [
    0.29242011404900514,
    0.2560042033203351,
    0.10663391761643028,
    0.2994467364273931,
    -0.013462207078138812,
    -0.007794182552986208,
    -0.022517142264661925,
    0.07536062510939492,
    0.10207494121749038,
    0.015268342706887917,
    0.2671361486808591,
    0.21091498030857006,
    0.2477125006208918,
    0.3242516044340633,
    -0.018986609078925836,
    0.011409791763109687,
    -0.03556104637398204,
    0.1674266031072293,
    0.028832717483175403,
    0.007052554704421951,
    0.27029280591930643,
    0.3114096520528241,
    0.02479621543626293,
    0.3591791647215664,
    -0.015208116751880949
  ],
  "x_range": [
    -1.0,
    1.0
  ],
  "y_range": [
    -1.0,
    1.0
  ]
}