{
  "n": 4,
  "coef": [
    0.12821062059918722,
    0.1279674359052274,
    0.14012254309395436,
    0.12374899465173804,
    0.13003120528253975
  ],
  "range": [
    -3.141592653589793,
    3.141592653589793
  ]
}