{
  "n": 4,
  "coef": [
    0.16298516274065444,
    0.1674306318137703,
    0.18200820644942198,
    0.1564471189914302,
    0.1675948220493141
  ],
  "range": [
    -3.141592653589793,
    3.141592653589793
  ]
}