{
    "bin_index": "bin2",
    "valid": true,
    "converged": true,
    "fmin": 69867.38165470707,
    "status": "Optimization terminated successfully",
    "parameters": {
        "FL": {
            "value": 0.7563638528048079,
            "error": 0.004119086530322698,
            "error_low": -0.004119086530322698,
            "error_up": 0.004119086530322698,
            "error_source": "hessian"
        },
        "S3": {
            "value": -0.014358449055354341,
            "error": 0.005521020929781118,
            "error_low": -0.005521020929781118,
            "error_up": 0.005521020929781118,
            "error_source": "hessian"
        },
        "S9": {
            "value": 0.003463029783285733,
            "error": 0.005603634900612337,
            "error_low": -0.005603634900612337,
            "error_up": 0.005603634900612337,
            "error_source": "hessian"
        },
        "AFB": {
            "value": -0.0010549398863070336,
            "error": 0.003696787256329484,
            "error_low": -0.003696787256329484,
            "error_up": 0.003696787256329484,
            "error_source": "hessian"
        },
        "S4": {
            "value": -0.09927700772483496,
            "error": 0.006918293078117277,
            "error_low": -0.006918293078117277,
            "error_up": 0.006918293078117277,
            "error_source": "hessian"
        },
        "S7": {
            "value": 0.023880459202157422,
            "error": 0.007094962925749943,
            "error_low": -0.007094962925749943,
            "error_up": 0.007094962925749943,
            "error_source": "hessian"
        },
        "S5": {
            "value": 0.011018658562959362,
            "error": 0.006955563181526143,
            "error_low": -0.006955563181526143,
            "error_up": 0.006955563181526143,
            "error_source": "hessian"
        },
        "S8": {
            "value": 0.0032026623496763983,
            "error": 0.007073740834343502,
            "error_low": -0.007073740834343502,
            "error_up": 0.007073740834343502,
            "error_source": "hessian"
        }
    },
    "covariance": [
        [
            1.6966873844285885e-05,
            4.6747269738188563e-07,
            -1.6356129128617939e-07,
            1.9698404335284164e-08,
            1.4313076389598416e-06,
            -2.0897963770503017e-07,
            -1.3792546317032856e-07,
            -2.1898818255526975e-07
        ],
        [
            4.674726973818855e-07,
            3.0481672107081167e-05,
            -1.1902604392504343e-08,
            -2.64500081520888e-07,
            -1.6388037270847007e-06,
            2.2041685809022483e-07,
            3.6663896284850763e-07,
            -1.5841547873206793e-08
        ],
        [
            -1.6356129128617939e-07,
            -1.1902604392504343e-08,
            3.1400724099360635e-05,
            1.7936493804243834e-07,
            3.9803572432305173e-07,
            5.48242615690143e-07,
            9.735497421345648e-07,
            -1.513312275438626e-06
        ],
        [
            1.9698404335284164e-08,
            -2.6450008152088794e-07,
            1.7936493804243837e-07,
            1.3666236018560074e-05,
            1.4556340498764648e-07,
            1.8295999235078534e-07,
            -1.975257859286246e-06,
            8.029241986979515e-07
        ],
        [
            1.4313076389598414e-06,
            -1.6388037270847011e-06,
            3.9803572432305173e-07,
            1.455634049876465e-07,
            4.786277911472543e-05,
            8.136122624701584e-07,
            6.043274117614595e-08,
            1.5986809244606248e-07
        ],
        [
            -2.089796377050301e-07,
            2.2041685809022475e-07,
            5.482426156901428e-07,
            1.8295999235078534e-07,
            8.136122624701586e-07,
            5.033849891776618e-05,
            1.4806798783609972e-07,
            -3.000596752273649e-07
        ],
        [
            -1.3792546317032856e-07,
            3.6663896284850763e-07,
            9.735497421345648e-07,
            -1.975257859286246e-06,
            6.043274117614595e-08,
            1.4806798783609972e-07,
            4.837985917220208e-05,
            6.728287960198956e-07
        ],
        [
            -2.1898818255526978e-07,
            -1.584154787320679e-08,
            -1.513312275438626e-06,
            8.029241986979513e-07,
            1.5986809244606248e-07,
            -3.000596752273649e-07,
            6.728287960198956e-07,
            5.00378093914587e-05
        ]
    ]
}