{
    "bin_index": "bin7",
    "valid": true,
    "converged": true,
    "fmin": 9999.999999931866,
    "status": 0,
    "parameters": {
        "rFL_bin7": {
            "value": -0.13814557214742298,
            "error": 0.008420492620482957,
            "error_low": -0.008426728409857538,
            "error_up": 0.008414256831108375,
            "error_source": "minos (custom)"
        },
        "rS3_bin7": {
            "value": -0.261030881231027,
            "error": 0.0233910261150908,
            "error_low": -0.02350226439190327,
            "error_up": 0.02327978783827833,
            "error_source": "minos (custom)"
        },
        "rr1_bin7": {
            "value": -1.5497318918317944,
            "error": 0.3021063513755968,
            "error_low": -0.381597966348707,
            "error_up": 0.22261473640248663,
            "error_source": "minos (custom)"
        },
        "a1_bin7": {
            "value": -1.4854682520369615,
            "error": 0.29061017121662835,
            "error_low": -0.26832135423294995,
            "error_up": 0.3128989882003067,
            "error_source": "minos (custom)"
        },
        "rr2_bin7": {
            "value": 1.5523637556732295,
            "error": 0.3286197433195947,
            "error_low": -0.2343528200900396,
            "error_up": 0.4228866665491498,
            "error_source": "minos (custom)"
        },
        "a2_bin7": {
            "value": 3.1332527004767803,
            "error": 0.011981996705826673,
            "error_low": -0.011984891460946417,
            "error_up": 0.011979101950706929,
            "error_source": "minos (custom)"
        },
        "rr3_bin7": {
            "value": -1.5080099943957175,
            "error": 0.34905408324287257,
            "error_low": -0.43793025974673727,
            "error_up": 0.2601779067390079,
            "error_source": "minos (custom)"
        },
        "a3_bin7": {
            "value": 1.127012045529743,
            "error": 0.4825470146967492,
            "error_low": -0.6524961100377847,
            "error_up": 0.31259791935571374,
            "error_source": "minos (custom)"
        }
    },
    "covariance": [
        [
            7.110533637454851e-05,
            -7.269512513625621e-06,
            9.587241664979513e-06,
            -1.7724601552990556e-07,
            -0.00014081489613743516,
            1.1106246938051285e-07,
            1.3244453466631221e-05,
            9.174668769896877e-06
        ],
        [
            -7.269512513625621e-06,
            0.0005484717046573704,
            3.211796702220619e-05,
            -3.256912907974924e-07,
            0.003089493149606533,
            1.2076440005266076e-06,
            -0.00013821126170878573,
            -4.0122585155468195e-05
        ],
        [
            9.587241664979513e-06,
            3.211796702220619e-05,
            0.0751194756747452,
            -0.009276777119803455,
            0.0004677624820170868,
            3.7465980822683774e-05,
            0.00911031420698277,
            0.008436368481702362
        ],
        [
            -1.7724601552990556e-07,
            -3.256912907974924e-07,
            -0.009276777119803455,
            0.06473818981263231,
            -0.0003524525098215284,
            -1.5430818525324583e-05,
            -0.0034978311235521033,
            0.011968752213374281
        ],
        [
            -0.00014081489613743516,
            0.003089493149606533,
            0.0004677624820170868,
            -0.0003524525098215284,
            0.08549813453467826,
            3.3554307938439495e-05,
            -0.0019055178538194806,
            0.0006452391374879193
        ],
        [
            1.1106246938051285e-07,
            1.2076440005266076e-06,
            3.7465980822683774e-05,
            -1.5430818525324583e-05,
            3.3554307938439495e-05,
            0.00014390761534018837,
            2.4175679906332774e-05,
            2.6910808001292547e-05
        ],
        [
            1.3244453466631221e-05,
            -0.00013821126170878573,
            0.00911031420698277,
            -0.0034978311235521033,
            -0.0019055178538194806,
            2.4175679906332774e-05,
            0.10377409598423395,
            0.07239420517630431
        ],
        [
            9.174668769896877e-06,
            -4.0122585155468195e-05,
            0.008436368481702362,
            0.011968752213374281,
            0.0006452391374879193,
            2.6910808001292547e-05,
            0.07239420517630431,
            0.15455577274511456
        ]
    ]
}