{
    "bin_index": "bin7",
    "valid": true,
    "converged": true,
    "fmin": 9999.999999931866,
    "status": 0,
    "parameters": {
        "FL": {
            "value": 0.431363285002349,
            "error": 0.004136748978764429,
            "error_low": -0.004136748978764429,
            "error_up": 0.004136748978764429,
            "error_source": "delta_method"
        },
        "AFB": {
            "value": 0.0015156656880363911,
            "error": 0.004472756853814677,
            "error_low": -0.004472756853814677,
            "error_up": 0.004472756853814677,
            "error_source": "delta_method"
        },
        "S3": {
            "value": -0.07257496110033028,
            "error": 0.006227684845497203,
            "error_low": -0.006227684845497203,
            "error_up": 0.006227684845497203,
            "error_source": "delta_method"
        },
        "S4": {
            "value": -0.2655291852926852,
            "error": 0.005979844877314993,
            "error_low": -0.005979844877314993,
            "error_up": 0.005979844877314993,
            "error_source": "delta_method"
        },
        "S5": {
            "value": 0.008571340517671883,
            "error": 0.005940790778384668,
            "error_low": -0.005940790778384668,
            "error_up": 0.005940790778384668,
            "error_source": "delta_method"
        },
        "S7": {
            "value": 0.00442910459995256,
            "error": 0.006370533809570765,
            "error_low": -0.006370533809570765,
            "error_up": 0.006370533809570765,
            "error_source": "delta_method"
        },
        "S8": {
            "value": 0.009014648322870519,
            "error": 0.006644386802879542,
            "error_low": -0.006644386802879542,
            "error_up": 0.006644386802879542,
            "error_source": "delta_method"
        },
        "S9": {
            "value": -0.011813114229367169,
            "error": 0.006236611652960336,
            "error_low": -0.006236611652960336,
            "error_up": 0.006236611652960336,
            "error_source": "delta_method"
        }
    },
    "covariance": [
        [
            1.7112692113308547e-05,
            -3.489101161405167e-08,
            1.2362011962647844e-06,
            -4.9924960373028194e-08,
            4.6891611851266615e-08,
            -2.8103861116403936e-08,
            1.5395101285296304e-07,
            2.598442045550439e-07
        ],
        [
            -3.489101161405167e-08,
            2.0005553873346173e-05,
            7.770153816720528e-08,
            1.1348833333176806e-07,
            -4.8450038792437045e-06,
            8.54368493027076e-08,
            4.0302083256165894e-07,
            -7.942592128148063e-08
        ],
        [
            1.2362011962647846e-06,
            7.770153816720528e-08,
            3.878405853483552e-05,
            -4.236289823019149e-06,
            3.798903196076513e-07,
            -1.035032974413554e-07,
            1.649749730833145e-07,
            -6.191934283725141e-07
        ],
        [
            -4.992496037302821e-08,
            1.1348833333176807e-07,
            -4.236289823019149e-06,
            3.575854475675036e-05,
            7.355703195207813e-07,
            -8.235915548912374e-08,
            3.30387941793611e-07,
            2.3404939470742445e-07
        ],
        [
            4.6891611851266615e-08,
            -4.845003879243704e-06,
            3.798903196076513e-07,
            7.355703195207815e-07,
            3.529299507254031e-05,
            3.206462478120748e-08,
            -1.6291159226093472e-07,
            -2.104108051022621e-07
        ],
        [
            -2.810386111640393e-08,
            8.543684930270759e-08,
            -1.0350329744135537e-07,
            -8.235915548912374e-08,
            3.206462478120745e-08,
            4.05837010188842e-05,
            -2.9114098752634445e-07,
            4.5554876593672706e-07
        ],
        [
            1.5395101285296304e-07,
            4.0302083256165883e-07,
            1.6497497308331452e-07,
            3.3038794179361114e-07,
            -1.6291159226094234e-07,
            -2.911409875263444e-07,
            4.414787598627982e-05,
            -4.368980196169702e-06
        ],
        [
            2.598442045550439e-07,
            -7.942592128148169e-08,
            -6.19193428372514e-07,
            2.3404939470742443e-07,
            -2.1041080510226213e-07,
            4.55548765936727e-07,
            -4.368980196169702e-06,
            3.8895324909840656e-05
        ]
    ]
}