{
    "bin_index": "bin9",
    "valid": true,
    "converged": true,
    "fmin": 42691.879085277375,
    "status": "Optimization terminated successfully",
    "parameters": {
        "FL": {
            "value": 0.3224435005440806,
            "error": 0.006011410802643937,
            "error_low": -0.006011410802643937,
            "error_up": 0.006011410802643937,
            "error_source": "hessian"
        },
        "S3": {
            "value": -0.08468965037957578,
            "error": 0.009571979276180042,
            "error_low": -0.009571979276180042,
            "error_up": 0.009571979276180042,
            "error_source": "hessian"
        },
        "S9": {
            "value": 0.013212566616265914,
            "error": 0.009629869827581917,
            "error_low": -0.009629869827581917,
            "error_up": 0.009629869827581917,
            "error_source": "hessian"
        },
        "AFB": {
            "value": 0.013372073608882418,
            "error": 0.006603786947703037,
            "error_low": -0.006603786947703037,
            "error_up": 0.006603786947703037,
            "error_source": "hessian"
        },
        "S4": {
            "value": -0.23651280617191942,
            "error": 0.008640071710519595,
            "error_low": -0.008640071710519595,
            "error_up": 0.008640071710519595,
            "error_source": "hessian"
        },
        "S7": {
            "value": 0.0015027210415668258,
            "error": 0.00920332277851515,
            "error_low": -0.00920332277851515,
            "error_up": 0.00920332277851515,
            "error_source": "hessian"
        },
        "S5": {
            "value": 0.014878679783588986,
            "error": 0.008696369126048823,
            "error_low": -0.008696369126048823,
            "error_up": 0.008696369126048823,
            "error_source": "hessian"
        },
        "S8": {
            "value": -0.0058144631558730946,
            "error": 0.009453865873039691,
            "error_low": -0.009453865873039691,
            "error_up": 0.009453865873039691,
            "error_source": "hessian"
        }
    },
    "covariance": [
        [
            3.6137059838144215e-05,
            3.2937054208606457e-06,
            -1.6546950619267736e-07,
            -1.1275798339592756e-06,
            -1.6569017543655328e-06,
            1.1968023083309528e-08,
            5.186806150261067e-07,
            -1.3665459177923614e-07
        ],
        [
            3.2937054208606453e-06,
            9.162278726362019e-05,
            -2.447002686216165e-07,
            -5.051749981349087e-07,
            -8.107392153004987e-06,
            -2.1812297435353354e-07,
            9.266207593508479e-07,
            -3.304024987298159e-07
        ],
        [
            -1.6546950619267736e-07,
            -2.447002686216165e-07,
            9.27343928961726e-05,
            5.780934862277545e-07,
            -4.5401765165450875e-07,
            1.2153005985542449e-06,
            1.0555278299377989e-07,
            -8.519298757377972e-06
        ],
        [
            -1.1275798339592756e-06,
            -5.051749981349087e-07,
            5.780934862277544e-07,
            4.3610002050653e-05,
            7.996636800150928e-07,
            -2.0356135966752455e-07,
            -9.119896207903772e-06,
            -1.8852916528668666e-07
        ],
        [
            -1.6569017543655326e-06,
            -8.107392153004985e-06,
            -4.5401765165450865e-07,
            7.996636800150924e-07,
            7.4650839162921e-05,
            -2.2501168818865998e-07,
            7.865979258237599e-07,
            -2.0650975749221522e-07
        ],
        [
            1.1968023083309524e-08,
            -2.181229743535336e-07,
            1.2153005985542455e-06,
            -2.0356135966752457e-07,
            -2.2501168818865995e-07,
            8.470115016553582e-05,
            3.81276623155573e-07,
            2.7664824961914787e-06
        ],
        [
            5.186806150261066e-07,
            9.266207593508478e-07,
            1.0555278299377987e-07,
            -9.119896207903772e-06,
            7.8659792582376e-07,
            3.8127662315557297e-07,
            7.562683597649518e-05,
            -2.1744779582938502e-07
        ],
        [
            -1.366545917792361e-07,
            -3.304024987298159e-07,
            -8.519298757377972e-06,
            -1.885291652866867e-07,
            -2.0650975749221525e-07,
            2.766482496191479e-06,
            -2.1744779582938504e-07,
            8.937557994542453e-05
        ]
    ]
}